1.076873540878295898e+00,9.335209429264068604e-02,-5.953437089920043945e-01,-4.055706560611724854e-01,7.525836229324340820e-01,5.200301529839634895e-05
7.958158850669860840e-01,6.587390601634979248e-02,-3.795727193355560303e-01,-4.128497242927551270e-01,8.786341547966003418e-01,1.609241589903831482e-04
9.769995212554931641e-01,-6.056898087263107300e-02,-5.064045786857604980e-01,-3.479451537132263184e-01,6.851394176483154297e-01,1.036452431435463950e-05
1.047573804855346680e+00,-5.139500647783279419e-02,-5.333821177482604980e-01,-3.288158774375915527e-01,5.520455837249755859e-01,2.741136995609849691e-05
9.969618916511535645e-01,3.643707931041717529e-02,-5.357007980346679688e-01,-3.959894478321075439e-01,7.324910759925842285e-01,9.442844748264178634e-05
1.124911904335021973e+00,-8.528478443622589111e-02,-4.774542152881622314e-01,-3.863994777202606201e-01,6.971464157104492188e-01,2.137657793355174363e-05
9.476646780967712402e-01,-4.760869219899177551e-02,-5.603353977203369141e-01,-3.077818155288696289e-01,6.342777013778686523e-01,4.473744411370716989e-05
1.016898036003112793e+00,-7.351867109537124634e-02,-4.859741926193237305e-01,-3.653151988983154297e-01,7.043797969818115234e-01,1.659202098380774260e-05
1.021446108818054199e+00,-1.280700974166393280e-02,-5.378497242927551270e-01,-3.680598139762878418e-01,6.612166166305541992e-01,4.309286305215209723e-05
1.040674924850463867e+00,-4.696852341294288635e-02,-5.252829194068908691e-01,-3.396435379981994629e-01,5.799010396003723145e-01,4.861622073804028332e-05
9.980415701866149902e-01,-6.293461471796035767e-02,-5.137355327606201172e-01,-3.565010428428649902e-01,7.065070867538452148e-01,1.583603079780004919e-05
1.011818528175354004e+00,-6.309162080287933350e-02,-4.818105995655059814e-01,-3.758205473423004150e-01,7.169363498687744141e-01,9.739197594171855599e-06
9.730374813079833984e-01,-5.984492972493171692e-02,-5.254060029983520508e-01,-3.447579443454742432e-01,6.960101723670959473e-01,2.192617284890729934e-05
1.042875766754150391e+00,-7.692126184701919556e-02,-5.093410015106201172e-01,-3.443311750888824463e-01,6.383806467056274414e-01,9.967588994186371565e-06
9.431185126304626465e-01,-7.037218660116195679e-02,-5.458743572235107422e-01,-3.216314017772674561e-01,6.834878921508789062e-01,1.303014141740277410e-05
9.747902154922485352e-01,-3.434480354189872742e-02,-4.402146935462951660e-01,-4.070930778980255127e-01,7.467030882835388184e-01,2.952939757960848510e-05
1.228219270706176758e+00,8.624270558357238770e-02,-6.983511447906494141e-01,-4.243886470794677734e-01,7.120183706283569336e-01,1.403034457325702533e-05
1.040626287460327148e+00,1.574184894561767578e-01,-5.514057874679565430e-01,-4.357137084007263184e-01,8.429957032203674316e-01,8.720820187591016293e-05
9.955361485481262207e-01,9.645434468984603882e-02,-3.699261248111724854e-01,-4.715666472911834717e-01,8.430566787719726562e-01,7.190811447799205780e-05
9.961655139923095703e-01,1.197022274136543274e-01,-3.145585358142852783e-01,-4.390558600425720215e-01,8.317089676856994629e-01,8.356985927093774080e-05
9.341041445732116699e-01,-7.526196539402008057e-02,-5.298095345497131348e-01,-3.015150427818298340e-01,6.415857076644897461e-01,1.355144286208087578e-05
9.289470911026000977e-01,-4.518743604421615601e-02,-4.861332476139068604e-01,-3.326622843742370605e-01,6.483113765716552734e-01,1.038264781527686864e-05
9.318125844001770020e-01,-1.285331100225448608e-01,-5.741524696350097656e-01,-2.285993397235870361e-01,5.602488517761230469e-01,2.193547261413186789e-04
9.243952035903930664e-01,-7.980411499738693237e-02,-4.640403985977172852e-01,-3.218390643596649170e-01,6.615720987319946289e-01,3.010309592355042696e-05
1.078237056732177734e+00,-8.029750734567642212e-02,-5.383340120315551758e-01,-3.458742201328277588e-01,6.709418296813964844e-01,2.628373522384208627e-06
9.092339873313903809e-01,-4.238641634583473206e-02,-5.641497373580932617e-01,-3.052794635295867920e-01,6.540707349777221680e-01,5.322205197444418445e-06
1.003596544265747070e+00,1.249760091304779053e-01,-3.076067268848419189e-01,-4.498165249824523926e-01,8.434577584266662598e-01,7.900234777480363846e-05
1.019687652587890625e+00,-8.643846958875656128e-02,-5.476197004318237305e-01,-3.081064522266387939e-01,6.135255098342895508e-01,7.134288807719713077e-06
7.788249254226684570e-01,4.119648039340972900e-02,-3.731885254383087158e-01,-3.710321187973022461e-01,8.627209067344665527e-01,1.256126270163804293e-04
1.019968867301940918e+00,-7.779207080602645874e-02,-5.605088472366333008e-01,-2.994759976863861084e-01,5.838726758956909180e-01,1.420066291757393628e-05
1.175343871116638184e+00,3.517920374870300293e-01,-7.090076208114624023e-01,-7.131979465484619141e-01,9.006812572479248047e-01,5.496897938428446651e-05
9.990314841270446777e-01,-9.258739650249481201e-02,-5.074762701988220215e-01,-3.406237661838531494e-01,7.095527648925781250e-01,2.097061224048957229e-05
1.019480586051940918e+00,-1.030423417687416077e-01,-5.215885639190673828e-01,-3.289980590343475342e-01,6.924750804901123047e-01,3.437526629568310454e-06
1.064620494842529297e+00,2.353079058229923248e-02,-5.773006081581115723e-01,-3.890552222728729248e-01,7.041615247726440430e-01,7.691008067922666669e-05
8.829160332679748535e-01,-8.216134458780288696e-02,-5.038884878158569336e-01,-2.893887460231781006e-01,6.607578992843627930e-01,4.881139102508313954e-05
1.019879221916198730e+00,-7.611578702926635742e-02,-4.969013929367065430e-01,-3.574855327606201172e-01,6.956816911697387695e-01,5.885614882572554052e-06
9.986059069633483887e-01,-7.333956658840179443e-02,-5.176061987876892090e-01,-3.605718314647674561e-01,7.319811582565307617e-01,2.000941094593144953e-05
1.014638662338256836e+00,-7.910314947366714478e-02,-5.045750737190246582e-01,-3.577786982059478760e-01,7.147656679153442383e-01,1.844534926931373775e-05
1.084084749221801758e+00,-1.231127753853797913e-01,-6.322693824768066406e-01,-2.259413450956344604e-01,4.787741005420684814e-01,1.493678573751822114e-04
1.071420073509216309e+00,-3.035208582878112793e-02,-5.122676491737365723e-01,-3.779048025608062744e-01,6.344244480133056641e-01,4.443173747858963907e-05
1.008897542953491211e+00,1.216176524758338928e-01,-3.041766285896301270e-01,-4.384365379810333252e-01,8.245249986648559570e-01,7.454708975274115801e-05
9.543130397796630859e-01,-1.008485406637191772e-01,-5.756326913833618164e-01,-2.630220651626586914e-01,5.841257572174072266e-01,1.291916396439773962e-05
1.300394415855407715e+00,-6.791237741708755493e-02,-6.289180517196655273e-01,-3.379586338996887207e-01,6.115833520889282227e-01,4.713314410764724016e-05
1.018851518630981445e+00,-5.153705924749374390e-02,-5.095905661582946777e-01,-3.223732113838195801e-01,5.320754051208496094e-01,1.085174444597214460e-04
1.046088457107543945e+00,-5.545419082045555115e-02,-5.661776065826416016e-01,-3.264635205268859863e-01,6.057392358779907227e-01,6.804778968216851354e-05
1.060127973556518555e+00,-8.228051662445068359e-02,-5.034227967262268066e-01,-3.532028794288635254e-01,6.600633263587951660e-01,1.390278794133337215e-05
1.024091362953186035e+00,-6.619741767644882202e-02,-4.961502254009246826e-01,-3.608079850673675537e-01,6.777346134185791016e-01,1.334916646555939224e-06
1.020848274230957031e+00,1.266849339008331299e-01,-4.085689783096313477e-01,-4.466479420661926270e-01,8.169604539871215820e-01,2.699251344893127680e-04
8.851904273033142090e-01,-4.809917882084846497e-02,-4.693458974361419678e-01,-3.323856592178344727e-01,7.019643783569335938e-01,5.719609907828271389e-05
9.757691025733947754e-01,-3.405237942934036255e-02,-4.826206564903259277e-01,-3.425649404525756836e-01,6.116679906845092773e-01,1.360135684080887586e-05
1.037314891815185547e+00,-8.066046237945556641e-02,-5.010327100753784180e-01,-3.619332313537597656e-01,7.096390724182128906e-01,1.115719533117953688e-05
9.255583286285400391e-01,9.410360455513000488e-02,-3.233842253684997559e-01,-4.207200407981872559e-01,8.441877365112304688e-01,1.268269115826115012e-04
8.921071290969848633e-01,-3.400075063109397888e-02,-4.233884215354919434e-01,-3.247846662998199463e-01,6.937106847763061523e-01,5.677732042386196554e-05
1.085424780845642090e+00,-8.907467871904373169e-02,-4.891688227653503418e-01,-3.705025613307952881e-01,7.013616561889648438e-01,1.104449256672523916e-05
1.045669794082641602e+00,-8.645468205213546753e-02,-5.282629132270812988e-01,-3.178848922252655029e-01,5.896778106689453125e-01,1.266422259504906833e-05
6.410567760467529297e-01,-9.495166689157485962e-02,-5.144026875495910645e-01,-2.604729235172271729e-01,7.332668900489807129e-01,7.267882756423205137e-05
1.071711659431457520e+00,-3.415184840559959412e-02,-5.608596801757812500e-01,-3.436121344566345215e-01,5.938999056816101074e-01,6.228815618669614196e-05
1.177982211112976074e+00,-1.169702559709548950e-01,-4.747424125671386719e-01,-3.847961723804473877e-01,7.339740991592407227e-01,2.235270658275112510e-04
1.013941884040832520e+00,-8.326759934425354004e-02,-5.537984967231750488e-01,-3.116171956062316895e-01,6.324812173843383789e-01,3.613002718338975683e-06
8.484479784965515137e-01,1.622282899916172028e-02,-4.201776683330535889e-01,-3.590953946113586426e-01,7.681048512458801270e-01,3.579385520424693823e-05
1.057072639465332031e+00,-9.014605730772018433e-02,-5.402013063430786133e-01,-3.155333101749420166e-01,6.013408899307250977e-01,9.872967893898021430e-06
1.008930325508117676e+00,-3.296339884400367737e-02,-5.616139173507690430e-01,-3.134769201278686523e-01,5.834473967552185059e-01,8.348053233930841088e-05
1.029307007789611816e+00,-1.496955472975969315e-02,-5.860206484794616699e-01,-3.421528041362762451e-01,6.370373368263244629e-01,9.030182809510733932e-06
1.047140836715698242e+00,-7.279638200998306274e-02,-5.011380910873413086e-01,-3.711859583854675293e-01,7.138743996620178223e-01,3.040841329493559897e-05
1.091910123825073242e+00,-6.511282920837402344e-02,-5.338553786277770996e-01,-3.476421535015106201e-01,6.050390005111694336e-01,2.322584805369842798e-05
9.864555597305297852e-01,-7.715086638927459717e-02,-5.100070834159851074e-01,-3.296147286891937256e-01,6.538229584693908691e-01,4.424185590323759243e-06
9.485228657722473145e-01,-8.488745242357254028e-02,-5.154736042022705078e-01,-3.103269338607788086e-01,6.579800844192504883e-01,8.631499440525658429e-06
1.033503890037536621e+00,-1.007763817906379700e-01,-5.873109698295593262e-01,-2.570380568504333496e-01,4.999332427978515625e-01,5.587219129665754735e-05
1.232754826545715332e+00,-1.206842958927154541e-01,-5.022591948509216309e-01,-3.708703517913818359e-01,7.107046246528625488e-01,5.729381518904119730e-05
9.715466499328613281e-01,-7.354605197906494141e-02,-5.126999616622924805e-01,-3.090279400348663330e-01,5.932800769805908203e-01,6.228016900422517210e-06
9.073100090026855469e-01,-7.458764314651489258e-02,-4.988930821418762207e-01,-3.052120506763458252e-01,6.502974033355712891e-01,1.769020673236809671e-05
1.065852880477905273e+00,-5.673014372587203979e-02,-5.641357898712158203e-01,-3.290190100669860840e-01,6.237946748733520508e-01,2.046478039119392633e-04
1.000169634819030762e+00,-7.114289700984954834e-02,-5.914911627769470215e-01,-2.729925215244293213e-01,5.473492741584777832e-01,1.565026650496292859e-05
9.871931672096252441e-01,-7.311794161796569824e-02,-5.478246212005615234e-01,-3.330916166305541992e-01,6.844438314437866211e-01,1.666276693867985159e-05
9.877320528030395508e-01,-5.259370431303977966e-02,-5.089994668960571289e-01,-3.409305214881896973e-01,6.390248537063598633e-01,1.914787753776181489e-05
9.873040318489074707e-01,-6.061672046780586243e-02,-5.468167066574096680e-01,-3.231375515460968018e-01,6.630706191062927246e-01,3.813952789641916752e-04
7.585116624832153320e-01,-4.930141568183898926e-02,-4.946652054786682129e-01,-2.864529490470886230e-01,7.484934329986572266e-01,1.572743713040836155e-05
1.167986154556274414e+00,-9.028750658035278320e-02,-5.325278639793395996e-01,-3.602087497711181641e-01,6.774736642837524414e-01,8.346316462848335505e-06
1.017807960510253906e+00,-8.211878687143325806e-02,-5.109353065490722656e-01,-3.323228955268859863e-01,6.390790343284606934e-01,6.257724180613877252e-06
1.044012308120727539e+00,-6.998445093631744385e-02,-5.000154376029968262e-01,-3.625766634941101074e-01,6.811602115631103516e-01,4.117899152333848178e-06
1.030708789825439453e+00,-2.993956580758094788e-02,-5.242053270339965820e-01,-3.629862368106842041e-01,6.441690921783447266e-01,7.790265954099595547e-06
1.089450120925903320e+00,-9.634058922529220581e-02,-5.785657763481140137e-01,-2.958753407001495361e-01,5.837233066558837891e-01,2.984208003908861428e-05
9.709421396255493164e-01,-6.579010933637619019e-02,-4.814903736114501953e-01,-3.380869030952453613e-01,6.373950242996215820e-01,1.599024290044326335e-05
1.023153066635131836e+00,-6.100575253367424011e-02,-5.105294585227966309e-01,-3.561218082904815674e-01,6.675808429718017578e-01,2.278403917443938553e-05
1.197267770767211914e+00,-1.277736872434616089e-01,-4.558646082878112793e-01,-4.088115692138671875e-01,8.151435852050781250e-01,2.846015559043735266e-05
1.194609284400939941e+00,-1.172909066081047058e-01,-4.694421887397766113e-01,-4.024375975131988525e-01,7.898395061492919922e-01,1.686520772636868060e-05
1.063905119895935059e+00,-9.688756614923477173e-02,-5.456570386886596680e-01,-3.297676742076873779e-01,6.728739142417907715e-01,9.632593901187647134e-06
9.557538628578186035e-01,-5.871742963790893555e-02,-5.089095830917358398e-01,-3.424455225467681885e-01,6.928835511207580566e-01,5.786226665804861113e-06
1.043899416923522949e+00,-8.148594945669174194e-02,-5.185256600379943848e-01,-3.394039869308471680e-01,6.508390903472900391e-01,2.749863142526010051e-06
1.005769371986389160e+00,-5.367277190089225769e-02,-4.951742589473724365e-01,-3.546842038631439209e-01,6.411752700805664062e-01,5.793125183117808774e-06
1.000035285949707031e+00,-6.183301657438278198e-02,-5.008296370506286621e-01,-3.512118458747863770e-01,6.648909449577331543e-01,9.571430382493417710e-06
1.129468083381652832e+00,-1.238930597901344299e-01,-4.560779333114624023e-01,-3.911718130111694336e-01,7.912796139717102051e-01,2.091570058837532997e-05
9.700904488563537598e-01,6.338772922754287720e-02,-4.245886504650115967e-01,-4.182931482791900635e-01,7.743484973907470703e-01,1.041110517689958215e-04
1.031892180442810059e+00,-9.221652895212173462e-02,-5.129736661911010742e-01,-3.370426297187805176e-01,6.739760637283325195e-01,1.868273784566554241e-06
1.075137495994567871e+00,-9.426796436309814453e-02,-4.927785396575927734e-01,-3.675404489040374756e-01,7.222222089767456055e-01,1.276755028811749071e-05
1.068969130516052246e+00,-8.576551824808120728e-02,-5.051293969154357910e-01,-3.659244179725646973e-01,7.148521542549133301e-01,7.354285116889514029e-06
1.051433086395263672e+00,-9.543646872043609619e-02,-5.452737808227539062e-01,-3.185071051120758057e-01,6.450152993202209473e-01,6.576507075806148350e-06
1.075880408287048340e+00,5.158503353595733643e-02,-5.551576614379882812e-01,-3.988312780857086182e-01,7.079499959945678711e-01,7.057936454657465219e-05
9.757474064826965332e-01,1.060388162732124329e-01,-3.376528322696685791e-01,-4.319170415401458740e-01,8.274802565574645996e-01,5.919142131460830569e-05
9.364994168281555176e-01,-4.557860270142555237e-02,-5.129802823066711426e-01,-3.491913676261901855e-01,7.155572175979614258e-01,1.827786327339708805e-04
9.876161217689514160e-01,-1.952723786234855652e-02,-4.965288639068603516e-01,-3.564090728759765625e-01,6.345576643943786621e-01,6.852441583760082722e-05
1.075273871421813965e+00,-8.144699782133102417e-02,-4.676450192928314209e-01,-3.919166326522827148e-01,7.340289950370788574e-01,3.008943895110860467e-05
9.985709190368652344e-01,1.756591908633708954e-02,-4.741018712520599365e-01,-4.184014499187469482e-01,7.396360635757446289e-01,1.550062006572261453e-04
1.205432176589965820e+00,-8.967593312263488770e-02,-6.157101392745971680e-01,-2.871093451976776123e-01,5.241347551345825195e-01,1.260765711776912212e-04
1.110877871513366699e+00,-6.573670357465744019e-02,-5.655456781387329102e-01,-3.382473289966583252e-01,6.207187175750732422e-01,1.243285714735975489e-05
9.497559666633605957e-01,-9.771948307752609253e-02,-5.294087529182434082e-01,-2.847630977630615234e-01,6.159209609031677246e-01,5.313532528816722333e-05
9.941223859786987305e-01,-7.553314417600631714e-02,-5.210892558097839355e-01,-3.233948945999145508e-01,6.342879533767700195e-01,8.053233614191412926e-06
9.149336814880371094e-01,-1.008566375821828842e-02,-4.595662653446197510e-01,-3.386977910995483398e-01,6.798474788665771484e-01,8.510328189004212618e-05
9.306765198707580566e-01,-5.827746540307998657e-02,-5.465162396430969238e-01,-2.938665151596069336e-01,6.177127361297607422e-01,2.071634662570431828e-05
1.024950265884399414e+00,7.239816337823867798e-02,-4.563058018684387207e-01,-4.258011579513549805e-01,7.621185779571533203e-01,1.716269616736099124e-04
1.005183577537536621e+00,-7.587212324142456055e-02,-4.979945123195648193e-01,-3.608086705207824707e-01,7.232912778854370117e-01,6.688836037938017398e-06
1.050628304481506348e+00,-9.461256861686706543e-02,-6.008666157722473145e-01,-2.852107286453247070e-01,5.759283304214477539e-01,2.314720404683612287e-05
1.046187877655029297e+00,1.108502969145774841e-01,-4.367149770259857178e-01,-4.658796191215515137e-01,8.375898599624633789e-01,8.777799666859209538e-05
1.091837525367736816e+00,-8.593705296516418457e-02,-4.940189123153686523e-01,-3.655232191085815430e-01,6.756501793861389160e-01,1.118929139920510352e-05
1.036049842834472656e+00,-1.022437736392021179e-01,-5.731492042541503906e-01,-2.661734819412231445e-01,5.090447068214416504e-01,6.635040335822850466e-05
1.008485198020935059e+00,-8.791112899780273438e-02,-5.632437467575073242e-01,-2.728530466556549072e-01,5.232620835304260254e-01,1.668506592977792025e-05
9.716901183128356934e-01,-9.434802830219268799e-02,-5.627178549766540527e-01,-2.977026402950286865e-01,6.397659778594970703e-01,8.507717211614362895e-06
1.026272773742675781e+00,-8.934090286493301392e-02,-5.197364091873168945e-01,-3.478795886039733887e-01,7.128912210464477539e-01,2.862220571842044592e-05
9.973263144493103027e-01,-7.914440333843231201e-02,-4.943022727966308594e-01,-3.336790800094604492e-01,6.377612352371215820e-01,6.637640581175219268e-06
8.979592919349670410e-01,-9.392096102237701416e-02,-5.552861690521240234e-01,-2.204478085041046143e-01,5.016428828239440918e-01,3.566531449905596673e-05
9.944660663604736328e-01,-2.298179641366004944e-02,-5.528475642204284668e-01,-3.480346500873565674e-01,6.653888225555419922e-01,6.649589340668171644e-05
1.009369611740112305e+00,-5.123453214764595032e-02,-4.828236401081085205e-01,-3.519525527954101562e-01,6.066957712173461914e-01,3.347342135384678841e-05
9.914129376411437988e-01,-6.131928041577339172e-02,-5.451472997665405273e-01,-3.296744823455810547e-01,6.581530570983886719e-01,7.654163709958083928e-06
1.070575952529907227e+00,8.268489688634872437e-02,-5.514010787010192871e-01,-4.223827719688415527e-01,7.629505991935729980e-01,1.625365621293894947e-05
1.055029034614562988e+00,-7.600472122430801392e-02,-5.148447155952453613e-01,-3.388451337814331055e-01,6.161134243011474609e-01,3.378000837983563542e-05
1.016662955284118652e+00,-8.424880355596542358e-02,-5.202280282974243164e-01,-3.258238732814788818e-01,6.391001939773559570e-01,8.841760063660331070e-06
9.609906673431396484e-01,-1.251510828733444214e-01,-5.256342291831970215e-01,-2.559221386909484863e-01,5.744794011116027832e-01,1.648235484026372433e-04
1.081738114356994629e+00,-9.316948801279067993e-02,-5.225717425346374512e-01,-3.349986672401428223e-01,6.355237960815429688e-01,3.364119947946164757e-06
1.026923656463623047e+00,-3.741339594125747681e-02,-4.802266359329223633e-01,-3.733462691307067871e-01,6.359827518463134766e-01,7.844209176255390048e-05
1.005395889282226562e+00,-5.183951184153556824e-02,-5.641109943389892578e-01,-2.976581156253814697e-01,5.525684356689453125e-01,1.879695264506153762e-05
9.186311960220336914e-01,-5.316536501049995422e-02,-4.434393644332885742e-01,-3.056640028953552246e-01,6.194199323654174805e-01,5.423811671789735556e-05
1.108806014060974121e+00,-4.115886613726615906e-02,-5.560317039489746094e-01,-3.432325720787048340e-01,5.563433170318603516e-01,1.289510546484962106e-04
9.691650867462158203e-01,-8.026650547981262207e-02,-5.842881202697753906e-01,-3.016352355480194092e-01,6.314851641654968262e-01,2.829324512276798487e-05
1.037848830223083496e+00,2.432342320680618286e-01,-6.216180324554443359e-01,-7.062743902206420898e-01,9.124712944030761719e-01,5.435887214844115078e-05
8.811540603637695312e-01,-4.675233364105224609e-02,-5.494987964630126953e-01,-3.151255846023559570e-01,6.909330487251281738e-01,6.045754344086162746e-05
9.758429527282714844e-01,-6.752932071685791016e-02,-4.736917316913604736e-01,-3.601982891559600830e-01,7.018541097640991211e-01,1.311919004365336150e-05
1.044449210166931152e+00,8.931423537433147430e-03,-5.735857486724853516e-01,-4.023694694042205811e-01,7.371069192886352539e-01,6.640947685809805989e-05
9.419979453086853027e-01,1.594052184373140335e-03,-4.541375041007995605e-01,-4.038902223110198975e-01,7.520072460174560547e-01,8.662766049383208156e-06
1.080288410186767578e+00,-5.344360321760177612e-02,-5.254485607147216797e-01,-3.591074347496032715e-01,6.165149807929992676e-01,2.334397686354350299e-05
9.918369650840759277e-01,-7.212561368942260742e-02,-5.957553386688232422e-01,-2.752336859703063965e-01,5.668106079101562500e-01,2.712482637434732169e-05
1.049134135246276855e+00,2.030845358967781067e-02,-5.676283836364746094e-01,-4.009545743465423584e-01,7.246870994567871094e-01,4.409406756167300045e-05
9.513583779335021973e-01,-9.204095602035522461e-02,-5.642554163932800293e-01,-3.272691965103149414e-01,6.675225496292114258e-01,7.575434665341163054e-06
1.083061337471008301e+00,1.150957345962524414e-01,-5.803829431533813477e-01,-4.299786090850830078e-01,7.912113666534423828e-01,7.034026202745735645e-05
1.021604418754577637e+00,-8.724289387464523315e-02,-5.298649668693542480e-01,-3.477010428905487061e-01,7.136998176574707031e-01,1.411114317306783050e-05
1.049179196357727051e+00,-9.308694303035736084e-02,-5.384411811828613281e-01,-3.124532401561737061e-01,6.001600027084350586e-01,1.464911474613472819e-05
9.481915831565856934e-01,-9.486303478479385376e-02,-5.504552125930786133e-01,-2.960938215255737305e-01,6.536952257156372070e-01,1.405246712238295004e-05
1.150582432746887207e+00,-3.785541653633117676e-02,-5.789085626602172852e-01,-3.508040308952331543e-01,5.844252705574035645e-01,4.686617467086762190e-05
1.090831398963928223e+00,-5.730137228965759277e-02,-5.155361294746398926e-01,-3.802348673343658447e-01,6.863360404968261719e-01,3.986474621342495084e-05
1.024101734161376953e+00,-8.482116460800170898e-02,-5.832757353782653809e-01,-2.847755253314971924e-01,5.738670825958251953e-01,7.498083959944779053e-06
8.921915888786315918e-01,-4.310408234596252441e-02,-5.469005107879638672e-01,-3.211902678012847900e-01,6.949231624603271484e-01,8.196115959435701370e-05
9.118316769599914551e-01,-7.965039461851119995e-02,-5.589891076087951660e-01,-2.650018334388732910e-01,5.979337692260742188e-01,4.364392952993512154e-05
8.759764432907104492e-01,-2.450347505509853363e-02,-5.436971187591552734e-01,-3.270136713981628418e-01,7.056738138198852539e-01,4.360731691122055054e-05
9.139245748519897461e-01,-2.174525335431098938e-02,-4.624103903770446777e-01,-3.605474233627319336e-01,7.022873163223266602e-01,1.288948806177359074e-05
1.059657812118530273e+00,-8.394743502140045166e-02,-4.997056722640991211e-01,-3.573305308818817139e-01,6.818679571151733398e-01,7.104154065018519759e-06
1.002838253974914551e+00,-1.332577764987945557e-01,-6.045317053794860840e-01,-2.257267534732818604e-01,5.240809321403503418e-01,2.559129789005964994e-04
1.103471159934997559e+00,-4.556151852011680603e-02,-5.194613337516784668e-01,-3.732607364654541016e-01,6.156070232391357422e-01,1.829379471018910408e-05
9.883254766464233398e-01,-6.811374425888061523e-02,-5.019403696060180664e-01,-3.485098183155059814e-01,6.915636062622070312e-01,5.208974107517860830e-05
1.102582454681396484e+00,2.090257033705711365e-02,-5.931906104087829590e-01,-3.751654326915740967e-01,6.663281321525573730e-01,1.639547008380759507e-05
9.168604612350463867e-01,4.684014245867729187e-02,-5.092921257019042969e-01,-3.930555284023284912e-01,7.665570974349975586e-01,6.515710265375673771e-05
1.082085609436035156e+00,-7.241763174533843994e-02,-6.055015325546264648e-01,-2.861635982990264893e-01,5.336071848869323730e-01,1.533913382445462048e-05
1.054983258247375488e+00,-3.400514647364616394e-02,-4.974705278873443604e-01,-3.785849511623382568e-01,6.332018375396728516e-01,5.050429172115400434e-05
1.020124316215515137e+00,1.342596560716629028e-01,-3.295426368713378906e-01,-4.736827611923217773e-01,8.641759157180786133e-01,4.969411747879348695e-05
1.229442954063415527e+00,-1.144966259598731995e-01,-4.774959981441497803e-01,-4.174135327339172363e-01,8.135646581649780273e-01,5.623580364044755697e-05
1.005501031875610352e+00,-9.206877648830413818e-02,-5.195208191871643066e-01,-3.248259425163269043e-01,6.691300868988037109e-01,2.533302904339507222e-05
1.108645200729370117e+00,-9.373865276575088501e-02,-5.008907318115234375e-01,-3.683126568794250488e-01,7.084820270538330078e-01,6.195265541464323178e-06
1.073117256164550781e+00,-7.756090909242630005e-02,-5.098894238471984863e-01,-3.550849258899688721e-01,6.567834615707397461e-01,3.487065441731829196e-06
9.420759081840515137e-01,-1.073940247297286987e-01,-5.624672174453735352e-01,-2.845734059810638428e-01,6.354972124099731445e-01,6.850524187029805034e-06
9.836378693580627441e-01,-5.441197752952575684e-02,-5.160597562789916992e-01,-3.551286160945892334e-01,6.985852718353271484e-01,3.300240859971381724e-05
1.140026688575744629e+00,-9.814559668302536011e-02,-4.820825755596160889e-01,-3.874723613262176514e-01,7.390637397766113281e-01,5.758988663728814572e-06
1.012502789497375488e+00,1.089819669723510742e-01,-3.236630260944366455e-01,-4.635019898414611816e-01,8.431614041328430176e-01,1.295997208217158914e-04
1.171144366264343262e+00,-9.401718527078628540e-02,-5.242540836334228516e-01,-3.762863576412200928e-01,7.271164655685424805e-01,1.775868622644338757e-05
1.144718170166015625e+00,-9.169818460941314697e-02,-5.260092616081237793e-01,-3.734846115112304688e-01,7.279142141342163086e-01,1.268193227588199079e-05
9.685150384902954102e-01,-7.467728853225708008e-02,-4.814780950546264648e-01,-3.460482060909271240e-01,6.905273199081420898e-01,6.712523827445693314e-06
9.969611763954162598e-01,-5.850045755505561829e-02,-5.179364085197448730e-01,-3.557652533054351807e-01,6.983413696289062500e-01,4.512067607720382512e-05
9.970656037330627441e-01,-5.693643912672996521e-02,-4.905101060867309570e-01,-3.579908311367034912e-01,6.669815182685852051e-01,1.445887937734369189e-05
1.013679385185241699e+00,-8.238796889781951904e-02,-4.995057582855224609e-01,-3.354371190071105957e-01,6.417019367218017578e-01,4.025690486741950735e-06
1.056188464164733887e+00,-8.515533059835433960e-02,-5.508908033370971680e-01,-3.482430279254913330e-01,6.984564065933227539e-01,8.689240530657116324e-06
1.006486535072326660e+00,-7.604387402534484863e-02,-5.381309390068054199e-01,-3.493258655071258545e-01,7.113040685653686523e-01,3.570596891222521663e-05
9.996322393417358398e-01,-6.097711622714996338e-02,-5.140059590339660645e-01,-3.585119843482971191e-01,7.043570280075073242e-01,1.364954914606641978e-05
1.007121086120605469e+00,-7.210998982191085815e-02,-5.005544424057006836e-01,-3.447926640510559082e-01,6.608712673187255859e-01,1.206940851261606440e-06
9.706144332885742188e-01,-7.221210747957229614e-02,-4.972718358039855957e-01,-3.294094800949096680e-01,6.454787254333496094e-01,2.363804242122569121e-06
9.518943428993225098e-01,-6.616295129060745239e-02,-5.058261156082153320e-01,-3.158245980739593506e-01,6.276485919952392578e-01,1.280328797292895615e-05
9.512161016464233398e-01,-4.275188222527503967e-02,-5.532826781272888184e-01,-3.265638053417205811e-01,6.684082150459289551e-01,7.932356675155460835e-05
1.078167319297790527e+00,-1.270394474267959595e-01,-5.217884778976440430e-01,-2.700110673904418945e-01,4.010637700557708740e-01,2.374586620135232806e-04
1.010967612266540527e+00,-3.353762626647949219e-02,-4.740845561027526855e-01,-3.807083070278167725e-01,6.634783148765563965e-01,2.301638232893310487e-05
1.120000481605529785e+00,-4.304872453212738037e-02,-5.461194515228271484e-01,-3.832570016384124756e-01,6.881748437881469727e-01,1.923978197737596929e-05
1.037501215934753418e+00,-7.946585118770599365e-02,-5.128250122070312500e-01,-3.521322607994079590e-01,6.922058463096618652e-01,3.195106182829476893e-05
1.068827271461486816e+00,-6.510755419731140137e-02,-5.488320589065551758e-01,-3.430798351764678955e-01,6.462164521217346191e-01,2.264638533233664930e-05
9.624501466751098633e-01,-4.284946992993354797e-02,-4.939964711666107178e-01,-3.595400750637054443e-01,6.940003633499145508e-01,9.841981409408617765e-06
1.175235509872436523e+00,-1.009198054671287537e-01,-5.990251302719116211e-01,-2.853468656539916992e-01,5.229874849319458008e-01,3.202783409506082535e-05
9.878187775611877441e-01,-8.800082653760910034e-02,-5.143326520919799805e-01,-3.214713335037231445e-01,6.614925265312194824e-01,3.787333844229578972e-05
9.984167218208312988e-01,-6.215824559330940247e-02,-5.172092318534851074e-01,-3.371551632881164551e-01,6.435016393661499023e-01,1.179937135020736605e-05
9.591578245162963867e-01,-4.233204945921897888e-02,-4.910700321197509766e-01,-3.467931747436523438e-01,6.568871736526489258e-01,1.502477425674442202e-05
9.578435420989990234e-01,-9.902187436819076538e-02,-5.730924606323242188e-01,-2.507503330707550049e-01,5.415794253349304199e-01,2.367162051086779684e-05
1.103432655334472656e+00,-7.890566438436508179e-02,-5.544264316558837891e-01,-3.295874893665313721e-01,6.150023937225341797e-01,3.883164026774466038e-05
9.464015960693359375e-01,-6.363296508789062500e-02,-4.742261171340942383e-01,-3.411515355110168457e-01,6.696057319641113281e-01,5.345959834812674671e-06
9.896216392517089844e-01,-1.800405606627464294e-02,-5.027493238449096680e-01,-3.701118230819702148e-01,6.708019375801086426e-01,6.772925553377717733e-05
9.579523801803588867e-01,-4.427656531333923340e-02,-5.066750049591064453e-01,-3.246647715568542480e-01,6.150128841400146484e-01,5.733075522584840655e-05
8.235843777656555176e-01,-2.441215328872203827e-02,-4.311678111553192139e-01,-3.581483364105224609e-01,7.814487218856811523e-01,6.895219848956912756e-05
1.320306181907653809e+00,-1.161703690886497498e-01,-4.964837729930877686e-01,-4.021493494510650635e-01,7.516096234321594238e-01,2.613157557789236307e-04
1.019968986511230469e+00,-7.413730025291442871e-02,-4.873795211315155029e-01,-3.442983627319335938e-01,6.217528581619262695e-01,1.352364870399469510e-05
7.301535010337829590e-01,-3.603426041081547737e-03,-4.287016689777374268e-01,-3.319303691387176514e-01,8.346552848815917969e-01,9.011198562802746892e-05
1.105474829673767090e+00,-9.918252378702163696e-02,-5.265232324600219727e-01,-3.251950144767761230e-01,5.893521308898925781e-01,1.469388189434539527e-05
8.523228764533996582e-01,3.955457068514078856e-04,-4.421513974666595459e-01,-3.759099841117858887e-01,7.690888643264770508e-01,4.077276753378100693e-05
1.023587107658386230e+00,-8.955480903387069702e-02,-5.193217396736145020e-01,-3.305658996105194092e-01,6.604475378990173340e-01,9.432602382730692625e-06
9.449285864830017090e-01,-3.212068602442741394e-02,-4.911316037178039551e-01,-3.259234130382537842e-01,6.099627017974853516e-01,4.293622259865514934e-05
1.051799535751342773e+00,-7.561365514993667603e-02,-5.227977037429809570e-01,-3.455934226512908936e-01,6.600573062896728516e-01,3.128484650005702861e-06
1.075698494911193848e+00,-9.008225798606872559e-02,-4.955863356590270996e-01,-3.628022670745849609e-01,6.977472901344299316e-01,5.306184448272688314e-06
1.030567765235900879e+00,-8.638638257980346680e-02,-4.871844947338104248e-01,-3.471122682094573975e-01,6.512969136238098145e-01,1.464593879063613713e-05
1.312859773635864258e+00,-9.458451718091964722e-02,-6.218361854553222656e-01,-3.036350905895233154e-01,5.302579402923583984e-01,3.862195808324031532e-05
1.124393939971923828e+00,-1.029131487011909485e-01,-4.866493940353393555e-01,-3.987015485763549805e-01,7.935723066329956055e-01,3.374663356225937605e-05
1.002465486526489258e+00,4.661366343498229980e-02,-5.432226061820983887e-01,-3.984342217445373535e-01,7.335917949676513672e-01,3.857006231555715203e-05
8.254983425140380859e-01,3.288575261831283569e-02,-5.376627445220947266e-01,-3.819674253463745117e-01,7.924795150756835938e-01,7.792528776917606592e-05
9.385669231414794922e-01,4.578095674514770508e-02,-4.985105991363525391e-01,-4.214128553867340088e-01,7.951706647872924805e-01,1.546998100820928812e-04
9.497856497764587402e-01,-3.035193309187889099e-02,-5.858412981033325195e-01,-3.308533430099487305e-01,6.668836474418640137e-01,1.384602637699572369e-05
9.293930530548095703e-01,-1.131186038255691528e-01,-5.917507410049438477e-01,-2.322515547275543213e-01,5.418479442596435547e-01,2.198885522375348955e-05
1.070861220359802246e+00,6.578080356121063232e-02,-6.768847703933715820e-01,1.729363650083541870e-01,7.898770570755004883e-01,6.754423793609021232e-06
1.011974453926086426e+00,9.814860671758651733e-02,-3.368638157844543457e-01,2.005638033151626587e-01,9.597448110580444336e-01,1.309406652580946684e-04
1.016784071922302246e+00,-3.745360299944877625e-02,-5.598137974739074707e-01,3.542268872261047363e-01,7.252719402313232422e-01,1.314975270361173898e-05
1.001724958419799805e+00,-7.009725272655487061e-02,-4.354077875614166260e-01,4.083589315414428711e-01,6.194516420364379883e-01,3.653771273093298078e-05
1.026199817657470703e+00,8.216952532529830933e-02,-5.786761641502380371e-01,1.997900009155273438e-01,8.789712190628051758e-01,3.971063779317773879e-05
1.019636154174804688e+00,-5.597234517335891724e-02,-5.359916687011718750e-01,3.166909813880920410e-01,8.036252856254577637e-01,9.990240869228728116e-06
1.020481467247009277e+00,-9.022089093923568726e-02,-6.201684474945068359e-01,4.782570600509643555e-01,5.814504623413085938e-01,2.456565016473177820e-05
1.019557476043701172e+00,-7.910927385091781616e-02,-5.887131690979003906e-01,3.522960543632507324e-01,6.532231569290161133e-01,3.855257455143146217e-05
1.006036639213562012e+00,-5.545941367745399475e-02,-5.724267959594726562e-01,3.787183761596679688e-01,6.301568150520324707e-01,8.078891551122069359e-05
1.003177285194396973e+00,-6.909327954053878784e-02,-4.243642985820770264e-01,4.041589498519897461e-01,6.278638243675231934e-01,3.215400283806957304e-05
1.015470504760742188e+00,-1.662350632250308990e-02,-4.783890247344970703e-01,3.217550814151763916e-01,8.612674474716186523e-01,4.377921868581324816e-05
1.014659643173217773e+00,-3.626624867320060730e-02,-4.955582022666931152e-01,3.173611164093017578e-01,8.291749358177185059e-01,1.528333086753264070e-05
1.020782589912414551e+00,-4.574062675237655640e-02,-5.876714587211608887e-01,3.714206218719482422e-01,6.978007555007934570e-01,1.424781112291384488e-05
1.047534584999084473e+00,-9.055413305759429932e-02,-6.774463653564453125e-01,4.623769819736480713e-01,5.614408254623413086e-01,1.306016056332737207e-04
1.019066214561462402e+00,-4.486901313066482544e-02,-5.721399784088134766e-01,3.713249862194061279e-01,7.102222442626953125e-01,2.658706398506183177e-05
1.013946890830993652e+00,-9.719417430460453033e-03,-4.263886213302612305e-01,2.859474420547485352e-01,8.987205028533935547e-01,4.974192415829747915e-05
1.490840554237365723e+00,-1.028859615325927734e-01,-7.374504208564758301e-01,5.377562716603279114e-02,8.333946466445922852e-01,9.791600314201787114e-05
1.389997243881225586e+00,2.094515860080718994e-01,-8.106846213340759277e-01,2.177579700946807861e-02,8.621349334716796875e-01,3.470427327556535602e-05
1.019658684730529785e+00,8.984885364770889282e-02,-5.226660966873168945e-01,1.999178975820541382e-01,9.095047712326049805e-01,6.636315083596855402e-05
1.001747727394104004e+00,6.771387904882431030e-02,-2.834901213645935059e-01,2.869731485843658447e-01,7.665694355964660645e-01,2.417973155388608575e-05
1.012978792190551758e+00,-9.248429536819458008e-02,-5.110188126564025879e-01,4.368504583835601807e-01,6.462329030036926270e-01,2.522456343285739422e-04
1.005397081375122070e+00,-6.656818091869354248e-02,-5.179744958877563477e-01,4.398963749408721924e-01,6.439441442489624023e-01,6.077689977246336639e-05
1.006860733032226562e+00,-3.446817025542259216e-02,-2.805259823799133301e-01,3.766174316406250000e-01,7.228143215179443359e-01,5.821050945087336004e-05
1.007981538772583008e+00,-8.082900196313858032e-02,-4.662683606147766113e-01,4.204638302326202393e-01,6.336638927459716797e-01,9.935246453096624464e-06
1.008091926574707031e+00,-9.567456692457199097e-02,-5.352819561958312988e-01,3.478131592273712158e-01,6.317421197891235352e-01,4.142893158132210374e-05
1.020997405052185059e+00,-1.042448207736015320e-01,-6.680119037628173828e-01,4.741222858428955078e-01,4.446378946304321289e-01,2.197429421357810497e-04
1.005988955497741699e+00,5.276107043027877808e-02,-3.447541892528533936e-01,2.882992923259735107e-01,7.517905235290527344e-01,3.832267248071730137e-05
1.007871985435485840e+00,-1.035760641098022461e-01,-5.256738662719726562e-01,4.505155384540557861e-01,5.908032655715942383e-01,1.297132894251262769e-05
1.005599856376647949e+00,3.938426822423934937e-02,-2.954177558422088623e-01,3.070192039012908936e-01,7.526992559432983398e-01,2.996724288095720112e-05
1.038461565971374512e+00,-8.088455349206924438e-02,-6.447864770889282227e-01,4.541971683502197266e-01,6.088092327117919922e-01,1.348281220998615026e-04
1.134719252586364746e+00,-8.656408786773681641e-01,-7.135531902313232422e-01,-6.677677631378173828e-01,6.587953567504882812e-01,2.748406026512384415e-03
1.013158798217773438e+00,-8.540269732475280762e-02,-5.086695551872253418e-01,3.643680512905120850e-01,6.891412138938903809e-01,2.031725489359814674e-05
1.014431238174438477e+00,-9.718621522188186646e-02,-5.163047909736633301e-01,3.663172125816345215e-01,6.719993352890014648e-01,1.809083914849907160e-05
1.054150700569152832e+00,5.651311203837394714e-02,-6.444735527038574219e-01,1.798186302185058594e-01,7.929735779762268066e-01,2.243970811832696199e-05
1.005463004112243652e+00,-2.815272286534309387e-02,-3.230734467506408691e-01,3.616523444652557373e-01,6.946607828140258789e-01,2.484029937477316707e-05
1.015338778495788574e+00,-7.558853179216384888e-02,-5.640980005264282227e-01,3.745752871036529541e-01,6.611906290054321289e-01,2.793808562273625284e-05
1.017457962036132812e+00,-2.655780874192714691e-02,-5.229507088661193848e-01,3.044073581695556641e-01,8.371734619140625000e-01,1.813963172025978565e-05
1.021080374717712402e+00,-5.123194679617881775e-02,-5.491244792938232422e-01,3.432266116142272949e-01,7.699117660522460938e-01,3.822930375463329256e-05
1.001807332038879395e+00,-3.389091417193412781e-02,-3.027966022491455078e-01,3.708680868148803711e-01,7.016304731369018555e-01,5.429541488410905004e-05
1.011806726455688477e+00,1.000832486897706985e-02,-3.551532924175262451e-01,3.076998591423034668e-01,7.288597226142883301e-01,4.556592466542497277e-05
1.023321032524108887e+00,-1.238193362951278687e-04,-5.268934369087219238e-01,3.802690505981445312e-01,8.017286658287048340e-01,1.927009725477546453e-04
1.003553509712219238e+00,4.715422913432121277e-02,-3.012757003307342529e-01,3.140839040279388428e-01,7.607027888298034668e-01,3.621902578743174672e-05
1.000462055206298828e+00,-5.757722631096839905e-02,-3.422774076461791992e-01,4.061217904090881348e-01,6.731020808219909668e-01,6.137262971606105566e-05
1.038661122322082520e+00,-6.703536212444305420e-02,-6.270823478698730469e-01,3.383721411228179932e-01,6.733005046844482422e-01,4.400307443575002253e-05
1.004641413688659668e+00,-1.155701056122779846e-01,-5.436860322952270508e-01,5.351099371910095215e-01,5.382396578788757324e-01,2.094617229886353016e-04
1.048882722854614258e+00,-1.316557824611663818e-01,-7.004104852676391602e-01,4.878103137016296387e-01,4.122194051742553711e-01,1.217063982039690018e-04
1.027491211891174316e+00,-5.117039754986763000e-02,-6.275981664657592773e-01,3.892414271831512451e-01,6.567010879516601562e-01,2.834569750120863318e-05
1.426599264144897461e+00,6.689392775297164917e-02,-8.175318837165832520e-01,4.766137525439262390e-02,6.838141679763793945e-01,1.300144795095548034e-04
1.020856142044067383e+00,-4.944478720426559448e-02,-5.653040409088134766e-01,2.799961268901824951e-01,7.614846825599670410e-01,1.012714201351627707e-04
1.012187719345092773e+00,-9.008897095918655396e-02,-5.525289177894592285e-01,3.820141553878784180e-01,6.317111253738403320e-01,1.954449180630035698e-05
1.014102935791015625e+00,-6.032279878854751587e-02,-5.308081507682800293e-01,3.612635135650634766e-01,7.080979347229003906e-01,3.309968633402604610e-06
1.003155469894409180e+00,9.904848411679267883e-03,-5.877718329429626465e-01,2.568348050117492676e-01,7.177376151084899902e-01,2.363513631280511618e-04
9.923101663589477539e-01,-4.713686555624008179e-02,-4.646778106689453125e-01,3.972313702106475830e-01,6.218742132186889648e-01,1.745291810948401690e-04
1.008615255355834961e+00,-6.842252612113952637e-02,-5.589717626571655273e-01,4.807879030704498291e-01,6.488485336303710938e-01,2.341056679142639041e-04
1.016580224037170410e+00,-7.570427656173706055e-02,-5.732039213180541992e-01,3.505603969097137451e-01,6.703147292137145996e-01,1.071463157131802291e-05
1.002854108810424805e+00,6.450439244508743286e-02,-2.780436873435974121e-01,2.833372950553894043e-01,7.652089595794677734e-01,1.934296597028151155e-05
1.000761270523071289e+00,-9.678898751735687256e-02,-4.210452437400817871e-01,5.417381525039672852e-01,6.499464511871337891e-01,1.022098149405792356e-04
1.021370053291320801e+00,-6.275682896375656128e-02,-5.618830323219299316e-01,3.203279972076416016e-01,7.591067552566528320e-01,2.353428681090008467e-05
1.015893816947937012e+00,-1.159191206097602844e-01,-6.044604778289794922e-01,4.878773093223571777e-01,5.210030674934387207e-01,3.016613482031971216e-05
1.008440017700195312e+00,-2.117223665118217468e-02,-3.136402666568756104e-01,3.453188538551330566e-01,7.040037512779235840e-01,6.191369902808219194e-05
1.039033293724060059e+00,-6.593292951583862305e-02,-6.594272851943969727e-01,4.318963587284088135e-01,6.146579980850219727e-01,8.632999379187822342e-05
1.019873738288879395e+00,-7.000645250082015991e-02,-5.450609922409057617e-01,3.288305997848510742e-01,7.419115304946899414e-01,5.377986599341966212e-05
1.013453960418701172e+00,-6.228111311793327332e-02,-5.109220743179321289e-01,4.185153543949127197e-01,6.935490369796752930e-01,6.729197048116475344e-05
1.006885647773742676e+00,-5.625208839774131775e-02,-5.286948680877685547e-01,4.587838649749755859e-01,6.565514206886291504e-01,2.492776256985962391e-04
1.008743643760681152e+00,-1.197219043970108032e-01,-5.677590370178222656e-01,4.435489177703857422e-01,5.252485275268554688e-01,4.153004192630760372e-05
1.021094202995300293e+00,-6.121565401554107666e-02,-6.069584488868713379e-01,4.807209074497222900e-01,6.760559082031250000e-01,2.055864460999146104e-04
1.059082150459289551e+00,-6.269401311874389648e-02,-7.203919291496276855e-01,4.534004330635070801e-01,5.759992599487304688e-01,1.272673544008284807e-04
1.027297735214233398e+00,-2.803222276270389557e-02,-5.609738826751708984e-01,3.450396955013275146e-01,7.929842472076416016e-01,8.827375859254971147e-05
1.024942040443420410e+00,-5.825700983405113220e-02,-6.042362451553344727e-01,4.084180891513824463e-01,6.712487936019897461e-01,2.895509896916337311e-05
1.012705564498901367e+00,-8.015345036983489990e-02,-5.442744493484497070e-01,4.317924380302429199e-01,6.430174112319946289e-01,8.561641152482479811e-06
1.010665059089660645e+00,-6.800453364849090576e-02,-5.302481651306152344e-01,3.273637294769287109e-01,7.064205408096313477e-01,3.062665200559422374e-05
1.011480093002319336e+00,-7.250622659921646118e-02,-4.392154216766357422e-01,3.691310584545135498e-01,6.468720436096191406e-01,2.010345997405238450e-05
9.998832941055297852e-01,-7.514797896146774292e-02,-3.559047281742095947e-01,4.615655541419982910e-01,6.829404830932617188e-01,3.029734034498687834e-05
1.020678281784057617e+00,-6.953240185976028442e-02,-5.240206718444824219e-01,3.264677822589874268e-01,7.769536972045898438e-01,7.747569907223805785e-05
1.012573599815368652e+00,-9.051324427127838135e-02,-5.666352510452270508e-01,4.933177530765533447e-01,6.057567000389099121e-01,9.384905752085614949e-06
1.009574413299560547e+00,-5.819319561123847961e-02,-3.616164028644561768e-01,4.062769711017608643e-01,6.911624670028686523e-01,6.770487379981204867e-05
1.015348315238952637e+00,2.078766934573650360e-02,-3.692338168621063232e-01,2.707649767398834229e-01,7.709656953811645508e-01,4.366243229014798999e-05
1.012258648872375488e+00,-1.081750541925430298e-01,-5.465127229690551758e-01,5.158703923225402832e-01,5.982909798622131348e-01,2.866474460461176932e-05
1.011785387992858887e+00,-4.246731102466583252e-02,-5.323031544685363770e-01,3.465755879878997803e-01,7.248546481132507324e-01,4.202353011351078749e-05
1.014700531959533691e+00,-5.137183517217636108e-02,-5.283122658729553223e-01,4.043798744678497314e-01,7.112531065940856934e-01,1.933908788487315178e-05
1.007386684417724609e+00,1.673515513539314270e-02,-4.113899767398834229e-01,2.846660017967224121e-01,7.970471382141113281e-01,4.350744711700826883e-05
9.979123473167419434e-01,-6.976684182882308960e-02,-5.042569041252136230e-01,4.419412314891815186e-01,6.009438037872314453e-01,2.733301662374287844e-04
1.032761693000793457e+00,-7.959926128387451172e-02,-6.074982881546020508e-01,3.346672058105468750e-01,6.851439476013183594e-01,3.133458449156023562e-05
1.017727375030517578e+00,-9.540194272994995117e-02,-5.772635340690612793e-01,4.407860934734344482e-01,6.123070716857910156e-01,2.373990719206631184e-05
1.027189493179321289e+00,-5.573551729321479797e-02,-5.540740489959716797e-01,2.578412890434265137e-01,8.464888334274291992e-01,3.157548417220823467e-05
1.025100231170654297e+00,-6.448160856962203979e-02,-5.362051129341125488e-01,2.664945125579833984e-01,8.595890998840332031e-01,1.528643042547628284e-05
1.012357592582702637e+00,-7.057603448629379272e-02,-5.320510268211364746e-01,3.468116819858551025e-01,6.979179978370666504e-01,1.724981120787560940e-05
1.012196063995361328e+00,-4.021652787923812866e-02,-5.822365283966064453e-01,3.924748301506042480e-01,6.748799085617065430e-01,2.916701123467646539e-05
1.013473033905029297e+00,-8.814461529254913330e-02,-5.375150442123413086e-01,4.460202753543853760e-01,6.399059295654296875e-01,1.833009446272626519e-05
1.008001923561096191e+00,-6.619717180728912354e-02,-4.977210462093353271e-01,4.126417338848114014e-01,6.558781862258911133e-01,2.613053038658108562e-05
1.011619687080383301e+00,-4.791191592812538147e-02,-5.233169794082641602e-01,3.538125753402709961e-01,7.178161144256591797e-01,5.425111521617509425e-05
1.026283621788024902e+00,-5.465112254023551941e-02,-5.582126379013061523e-01,2.539207637310028076e-01,8.326968550682067871e-01,2.644301639520563185e-05
1.026963829994201660e+00,-5.195433646440505981e-02,-5.414717197418212891e-01,2.433828413486480713e-01,8.745683431625366211e-01,5.815108306705951691e-05
1.014970898628234863e+00,-8.993883430957794189e-02,-5.220886468887329102e-01,3.584217727184295654e-01,6.920288801193237305e-01,2.425793354632332921e-05
1.009174823760986328e+00,-5.348727479577064514e-02,-5.426800847053527832e-01,3.614933490753173828e-01,6.829376220703125000e-01,2.480255170667078346e-05
1.016514658927917480e+00,-8.165220916271209717e-02,-5.645501613616943359e-01,3.920824229717254639e-01,6.450396776199340820e-01,6.323683010123204440e-06
1.014213085174560547e+00,-4.620305821299552917e-02,-5.239685773849487305e-01,3.946443200111389160e-01,7.194471359252929688e-01,7.873799404478631914e-06
1.010807394981384277e+00,-6.798528879880905151e-02,-5.169594883918762207e-01,3.731988072395324707e-01,6.887667179107666016e-01,1.690750104899052531e-05
1.016932845115661621e+00,-4.102435708045959473e-02,-5.241720676422119141e-01,3.950449526309967041e-01,7.364848852157592773e-01,2.405178747721947730e-05
1.020777583122253418e+00,-5.690850690007209778e-02,-5.460331439971923828e-01,2.828865051269531250e-01,8.020435571670532227e-01,2.950632551801390946e-05
1.031118631362915039e+00,-5.551610141992568970e-02,-5.664515495300292969e-01,2.459406405687332153e-01,8.298159241676330566e-01,3.964495408581569791e-05
9.984461665153503418e-01,5.232088733464479446e-03,-5.324160456657409668e-01,3.055653870105743408e-01,7.439003586769104004e-01,7.973982428666204214e-05
1.013097286224365234e+00,-8.668015152215957642e-02,-5.491880774497985840e-01,3.801458775997161865e-01,6.449280977249145508e-01,1.427435563527978957e-05
1.027150630950927734e+00,-8.118292689323425293e-02,-5.968985557556152344e-01,3.457098305225372314e-01,6.820544600486755371e-01,2.088353176077362150e-05
1.018561482429504395e+00,-3.886514902114868164e-02,-4.981966614723205566e-01,3.110638856887817383e-01,8.659098744392395020e-01,4.620019899448379874e-05
1.009455561637878418e+00,-8.357933163642883301e-02,-5.268291831016540527e-01,3.896353840827941895e-01,6.480240821838378906e-01,9.786522241483908147e-06
1.018391013145446777e+00,3.503635898232460022e-02,-5.781121253967285156e-01,2.302274703979492188e-01,8.312088251113891602e-01,9.427235636394470930e-05
1.000523686408996582e+00,2.483479492366313934e-02,-4.137709140777587891e-01,3.237525522708892822e-01,7.451175451278686523e-01,1.289892243221402168e-04
1.011693120002746582e+00,1.019225176423788071e-02,-3.938948214054107666e-01,2.810078561305999756e-01,7.735607028007507324e-01,3.174169614794664085e-05
9.926699399948120117e-01,-2.940160781145095825e-02,-5.016904473304748535e-01,3.484626412391662598e-01,6.419750452041625977e-01,1.457014004699885845e-04
1.020750284194946289e+00,-2.459902688860893250e-02,-4.832243025302886963e-01,4.465288817882537842e-01,7.712305188179016113e-01,3.835538809653371572e-04
1.019292950630187988e+00,-4.355143755674362183e-02,-5.034564137458801270e-01,2.950635552406311035e-01,8.665248155593872070e-01,4.648851245292462409e-06
1.039769649505615234e+00,3.652429953217506409e-02,-5.263320803642272949e-01,3.290827274322509766e-01,8.993312716484069824e-01,6.099900929257273674e-04
1.019766569137573242e+00,-4.596524313092231750e-02,-5.546509623527526855e-01,4.530530273914337158e-01,7.212827205657958984e-01,8.196163980755954981e-05
1.033642530441284180e+00,-8.435072004795074463e-02,-6.340829133987426758e-01,3.730296492576599121e-01,6.032847166061401367e-01,6.230417784536257386e-05
1.009552240371704102e+00,-5.110362917184829712e-02,-4.133484661579132080e-01,3.793641030788421631e-01,6.751876473426818848e-01,1.317861606366932392e-04
1.023323655128479004e+00,-7.821212708950042725e-02,-5.694463849067687988e-01,4.539159834384918213e-01,6.674650907516479492e-01,1.366701326332986355e-04
1.004271030426025391e+00,-2.562689036130905151e-02,-4.082506895065307617e-01,3.906079530715942383e-01,6.932996511459350586e-01,1.221832353621721268e-04
9.213401675224304199e-01,5.488552451133728027e-01,-7.841981649398803711e-01,-5.902159214019775391e-01,7.048735022544860840e-01,3.448967254371382296e-05
1.011937856674194336e+00,-6.687213480472564697e-02,-5.655883550643920898e-01,4.564444124698638916e-01,6.477284431457519531e-01,5.928120663156732917e-05
9.971183538436889648e-01,-2.580615133047103882e-02,-6.156536936759948730e-01,3.200987279415130615e-01,5.681182146072387695e-01,6.365351728163659573e-04
1.025857686996459961e+00,-9.148982167243957520e-02,-6.040493249893188477e-01,3.847209811210632324e-01,6.119033694267272949e-01,1.548460568301379681e-05
1.018704414367675781e+00,-1.120083257555961609e-01,-5.802984237670898438e-01,4.780177772045135498e-01,5.785193443298339844e-01,6.411415233742445707e-05
1.022735238075256348e+00,1.232439205050468445e-01,-5.381385087966918945e-01,2.145401537418365479e-01,9.309903979301452637e-01,8.768019324634224176e-05
1.013221621513366699e+00,-7.422153651714324951e-02,-5.521025657653808594e-01,3.346792459487915039e-01,6.967132687568664551e-01,1.411288667441112921e-05
1.009701132774353027e+00,-1.032265126705169678e-01,-4.850401282310485840e-01,4.818340837955474854e-01,6.275011897087097168e-01,8.631129458080977201e-05
1.003816723823547363e+00,-9.997250884771347046e-02,-4.641234576702117920e-01,5.244705080986022949e-01,6.305029392242431641e-01,5.122319635120220482e-05
1.023537516593933105e+00,-9.749373793601989746e-02,-5.926061868667602539e-01,4.500936567783355713e-01,6.023092865943908691e-01,7.846371590858325362e-05
1.008132100105285645e+00,-7.775406539440155029e-02,-5.166822075843811035e-01,3.395207226276397705e-01,6.818681955337524414e-01,6.458806456066668034e-05
1.008542418479919434e+00,-7.650132477283477783e-02,-5.000790953636169434e-01,4.172625839710235596e-01,6.412101984024047852e-01,2.600418338261079043e-05
1.005323529243469238e+00,-2.443106472492218018e-02,-1.981931030750274658e-01,4.699984788894653320e-01,7.581920027732849121e-01,5.062922355136834085e-05
1.042986035346984863e+00,-7.561273127794265747e-02,-7.117320895195007324e-01,3.925923109054565430e-01,4.490258395671844482e-01,1.556047063786536455e-04
9.987667202949523926e-01,-6.164335831999778748e-02,-4.912698864936828613e-01,3.930166363716125488e-01,6.209894418716430664e-01,6.268674769671633840e-05
1.016566276550292969e+00,-4.829265177249908447e-02,-5.684906244277954102e-01,4.084590971469879150e-01,6.942319869995117188e-01,7.197234026534715667e-06
1.027012825012207031e+00,9.404674917459487915e-02,-5.676875710487365723e-01,1.995218843221664429e-01,8.986838459968566895e-01,6.742939149262383580e-05
9.977405071258544922e-01,-6.380562484264373779e-02,-5.307087302207946777e-01,4.019817411899566650e-01,6.013149023056030273e-01,1.381534384563565254e-04
1.012973427772521973e+00,-9.782110899686813354e-02,-5.866006016731262207e-01,4.068450927734375000e-01,5.643424987792968750e-01,3.294754424132406712e-05
1.011035203933715820e+00,-6.182596832513809204e-02,-3.673360645771026611e-01,4.120762646198272705e-01,6.907387375831604004e-01,4.632523268810473382e-05
1.013573765754699707e+00,-8.605080842971801758e-02,-5.110197663307189941e-01,3.899023830890655518e-01,6.720758676528930664e-01,1.894026536319870502e-05
1.026044130325317383e+00,-7.605224102735519409e-02,-6.359649300575256348e-01,4.269904196262359619e-01,5.928037166595458984e-01,2.525610034354031086e-05
1.019539475440979004e+00,-7.727786898612976074e-02,-5.991250276565551758e-01,4.553121030330657959e-01,6.186490654945373535e-01,1.679333363426849246e-04
1.002236485481262207e+00,-1.349007189273834229e-01,-4.768103659152984619e-01,6.185835599899291992e-01,5.502946972846984863e-01,1.234627270605415106e-04
1.020266532897949219e+00,-1.057235077023506165e-01,-6.231608986854553223e-01,4.623309969902038574e-01,5.319783091545104980e-01,2.474378379702102393e-05
1.016516685485839844e+00,-5.326534435153007507e-02,-5.680324435234069824e-01,3.875488936901092529e-01,6.865077018737792969e-01,3.428507989156059921e-05
1.153038620948791504e+00,-8.805121779441833496e-01,-7.262365818023681641e-01,-6.116582155227661133e-01,6.593573093414306641e-01,5.233894335106015205e-04
9.977849721908569336e-01,-2.349612303078174591e-02,-5.321005582809448242e-01,3.382555544376373291e-01,6.844992637634277344e-01,7.042573270155116916e-05
1.008627176284790039e+00,-8.027981221675872803e-02,-5.419526100158691406e-01,3.832892477512359619e-01,6.309863328933715820e-01,1.965510455192998052e-05
1.100704431533813477e+00,6.283450126647949219e-02,-7.127496004104614258e-01,1.627644300460815430e-01,7.635170221328735352e-01,7.499066214222693816e-06
1.001584649085998535e+00,6.553814746439456940e-03,-4.801135659217834473e-01,2.903320491313934326e-01,8.102809190750122070e-01,6.815794040448963642e-05
1.026964306831359863e+00,-5.165231972932815552e-02,-5.998028516769409180e-01,3.932850658893585205e-01,6.991872787475585938e-01,8.690672984812408686e-05
1.025171637535095215e+00,-1.201231181621551514e-01,-6.337281465530395508e-01,4.934934079647064209e-01,5.009064078330993652e-01,2.556616163928993046e-05
1.351403236389160156e+00,7.090003788471221924e-02,-8.069024085998535156e-01,7.596436142921447754e-02,7.106320858001708984e-01,8.298463217215612531e-05
1.027886867523193359e+00,-9.957766532897949219e-02,-6.267839074134826660e-01,3.643657565116882324e-01,5.599382519721984863e-01,6.374917575158178806e-05
1.171036958694458008e+00,7.161184400320053101e-02,-7.575592994689941406e-01,1.439946442842483521e-01,7.551068067550659180e-01,3.726121212821453810e-05
1.014889836311340332e+00,-4.624960944056510925e-02,-5.155811309814453125e-01,3.189156055450439453e-01,7.992725372314453125e-01,8.989614798338152468e-06
1.019909262657165527e+00,-1.220926418900489807e-01,-6.038788557052612305e-01,4.698365926742553711e-01,5.290349125862121582e-01,2.765244425972923636e-05
1.009738087654113770e+00,-8.000897616147994995e-02,-5.081757307052612305e-01,3.922055363655090332e-01,6.573024988174438477e-01,1.606711521162651479e-05
1.038584828376770020e+00,2.790346555411815643e-02,-5.610667467117309570e-01,3.749177753925323486e-01,8.729113936424255371e-01,7.591740577481687069e-04
1.019890069961547852e+00,-2.372441627085208893e-02,-5.331333875656127930e-01,3.071002364158630371e-01,8.333369493484497070e-01,1.005849117063917220e-05
1.021869063377380371e+00,-4.014061763882637024e-02,-5.413741469383239746e-01,4.656060338020324707e-01,7.487967610359191895e-01,1.764556946000084281e-04
1.138985753059387207e+00,3.773354366421699524e-02,-7.347771525382995605e-01,1.522478610277175903e-01,7.063324451446533203e-01,2.232806036772672087e-05
1.001132011413574219e+00,-1.675801910459995270e-02,-5.224258303642272949e-01,3.323010206222534180e-01,7.185980677604675293e-01,3.695269333547912538e-05
1.003102183341979980e+00,-3.524345904588699341e-02,-3.741871714591979980e-01,3.852564990520477295e-01,6.780413389205932617e-01,3.795614975388161838e-05
1.003606677055358887e+00,-4.209030047059059143e-02,-5.904930830001831055e-01,3.592482507228851318e-01,6.203159689903259277e-01,1.665656454861164093e-04
1.012509584426879883e+00,-4.637780133634805679e-03,-3.796188235282897949e-01,3.150625824928283691e-01,7.132303118705749512e-01,4.623032145900651813e-05
1.012367486953735352e+00,-9.585748612880706787e-02,-5.487513542175292969e-01,3.795970082283020020e-01,6.264989376068115234e-01,9.657605005486402661e-06
1.008365035057067871e+00,-5.064333230257034302e-02,-3.676928579807281494e-01,3.955651223659515381e-01,6.834523081779479980e-01,2.969981687783729285e-05
1.064778685569763184e+00,-1.263899207115173340e-01,-7.207048535346984863e-01,4.183466434478759766e-01,3.766381144523620605e-01,2.040981053141877055e-04
9.997773766517639160e-01,-4.781546816229820251e-02,-5.065314173698425293e-01,3.281804621219635010e-01,6.683769822120666504e-01,1.317663845838978887e-04
1.003094315528869629e+00,-2.436551265418529510e-02,-5.175976753234863281e-01,3.671204447746276855e-01,7.007577419281005859e-01,2.795045729726552963e-04
1.028826117515563965e+00,-1.182147767394781113e-02,-6.076806187629699707e-01,2.308775633573532104e-01,7.504540681838989258e-01,6.327318260446190834e-05
1.022893786430358887e+00,-2.221578359603881836e-02,-6.567523479461669922e-01,2.970775067806243896e-01,6.006768941879272461e-01,3.254780895076692104e-04
1.015610218048095703e+00,-7.360197603702545166e-02,-5.357238054275512695e-01,4.385313689708709717e-01,6.724686622619628906e-01,1.375116698909550905e-04
1.017570257186889648e+00,-5.024603009223937988e-02,-5.844188332557678223e-01,3.693540990352630615e-01,6.798733472824096680e-01,3.290887252660468221e-05
1.005669355392456055e+00,-4.736689478158950806e-02,-2.469503730535507202e-01,4.289310872554779053e-01,7.457873821258544922e-01,3.119697066722437739e-05
1.011943936347961426e+00,9.166772663593292236e-02,-4.009386599063873291e-01,2.486911267042160034e-01,9.359434247016906738e-01,1.076883127097971737e-04
1.028451561927795410e+00,-4.856540262699127197e-02,-5.493200421333312988e-01,2.330601364374160767e-01,8.674148321151733398e-01,7.188725430751219392e-05
1.015828013420104980e+00,-5.721843615174293518e-02,-4.749129712581634521e-01,3.602457046508789062e-01,7.293552160263061523e-01,7.328873471124097705e-05
1.022053718566894531e+00,-8.632297813892364502e-02,-5.757162570953369141e-01,3.387630879878997803e-01,6.993943452835083008e-01,1.804232488211710006e-05
1.017125248908996582e+00,-7.679002732038497925e-02,-5.743169188499450684e-01,3.694633245468139648e-01,6.530896425247192383e-01,1.596722722752019763e-05
1.016366362571716309e+00,-8.217289298772811890e-02,-4.693923294544219971e-01,4.223386943340301514e-01,6.670937538146972656e-01,5.015570059185847640e-05
1.020580530166625977e+00,-4.629442468285560608e-02,-5.832782983779907227e-01,3.510283529758453369e-01,7.102956771850585938e-01,7.929096682346425951e-06
1.015682816505432129e+00,-5.908871069550514221e-02,-5.579938888549804688e-01,2.984310090541839600e-01,7.403583526611328125e-01,2.543461596360430121e-05
1.010759234428405762e+00,7.991540431976318359e-02,-3.029824197292327881e-01,2.404886186122894287e-01,7.565649151802062988e-01,2.205334603786468506e-04
1.025162458419799805e+00,-7.576199620962142944e-02,-5.688043832778930664e-01,2.901529371738433838e-01,7.702686786651611328e-01,3.119664688711054623e-05
1.024391174316406250e+00,-6.882350891828536987e-02,-5.508792996406555176e-01,2.911987602710723877e-01,8.121651411056518555e-01,3.061298411921598017e-05
1.006397247314453125e+00,-6.399475783109664917e-02,-5.117275118827819824e-01,3.878900706768035889e-01,6.607610583305358887e-01,5.745068483520299196e-05
1.039017081260681152e+00,-7.435841113328933716e-02,-6.508573293685913086e-01,3.626503348350524902e-01,6.100615262985229492e-01,4.789896775037050247e-05
1.024585723876953125e+00,-1.951187662780284882e-02,-4.965128600597381592e-01,3.762698173522949219e-01,7.992916703224182129e-01,1.847217354224994779e-04
1.012013316154479980e+00,-6.762156635522842407e-02,-4.867852628231048584e-01,3.865609169006347656e-01,6.808502078056335449e-01,2.622769352456089109e-05
1.022548794746398926e+00,-7.840126007795333862e-02,-5.881250500679016113e-01,3.319636583328247070e-01,6.885014772415161133e-01,1.614681605133228004e-05
1.027220010757446289e+00,-3.805129975080490112e-02,-5.436010956764221191e-01,3.336656093597412109e-01,8.266351222991943359e-01,9.786155715119093657e-05
1.015701174736022949e+00,-2.258518524467945099e-02,-4.966543614864349365e-01,3.229116201400756836e-01,8.438804745674133301e-01,1.744699693517759442e-05
1.011273384094238281e+00,-6.490170210599899292e-02,-5.317655801773071289e-01,3.806855380535125732e-01,6.805038452148437500e-01,1.661408532527275383e-05
1.007354974746704102e+00,-7.392718642950057983e-02,-5.100347399711608887e-01,4.175182878971099854e-01,6.404998898506164551e-01,2.565517934272065759e-05
1.016069531440734863e+00,-4.235221073031425476e-02,-5.524975061416625977e-01,3.608782291412353516e-01,7.218422889709472656e-01,2.988390042446553707e-05
1.025674700736999512e+00,-3.513381257653236389e-02,-5.517774820327758789e-01,4.274939298629760742e-01,7.523484230041503906e-01,1.359887974103912711e-04
9.924547672271728516e-01,-3.081952966749668121e-02,-5.253928899765014648e-01,3.349503278732299805e-01,6.315964460372924805e-01,2.191656531067565084e-04
1.005965232849121094e+00,-4.053055122494697571e-02,-2.208282351493835449e-01,4.525889158248901367e-01,7.547432780265808105e-01,6.372887582983821630e-05
9.927033185958862305e-01,-4.855442419648170471e-02,-5.465752482414245605e-01,3.433022797107696533e-01,5.977060794830322266e-01,2.595825353637337685e-04
1.029967308044433594e+00,-5.467629432678222656e-02,-6.312656402587890625e-01,2.912921011447906494e-01,6.268121004104614258e-01,1.958559296326711774e-04
1.018694162368774414e+00,-8.842566609382629395e-02,-5.823316574096679688e-01,3.642174005508422852e-01,6.455590128898620605e-01,3.590977212297730148e-05
1.014907717704772949e+00,-6.344469636678695679e-02,-5.761022567749023438e-01,3.553922474384307861e-01,6.684473752975463867e-01,2.455665526213124394e-05
1.052391648292541504e+00,-8.565709739923477173e-02,-6.748691797256469727e-01,3.669165670871734619e-01,5.760760903358459473e-01,1.459648192394524813e-04
1.015351653099060059e+00,-3.013279289007186890e-02,-5.185792446136474609e-01,3.650821447372436523e-01,7.542930841445922852e-01,1.912261541292537004e-05
1.011210203170776367e+00,-7.863751053810119629e-02,-4.816028475761413574e-01,4.142535626888275146e-01,6.513531208038330078e-01,1.249033084604889154e-05
1.015525817871093750e+00,-5.371128395199775696e-02,-4.891809821128845215e-01,3.759838640689849854e-01,7.264032363891601562e-01,5.368435449781827629e-05
1.012627720832824707e+00,-6.378602236509323120e-02,-5.691093206405639648e-01,4.019879996776580811e-01,6.519320011138916016e-01,2.131752262357622385e-05
1.002103328704833984e+00,-4.689565300941467285e-02,-4.835066199302673340e-01,3.785315454006195068e-01,6.600309610366821289e-01,5.302905628923326731e-05
1.005613803863525391e+00,-6.965428590774536133e-02,-4.980789422988891602e-01,4.123999178409576416e-01,6.400855183601379395e-01,2.034354110946878791e-05
1.007614254951477051e+00,-1.170560568571090698e-01,-4.983245134353637695e-01,5.546921491622924805e-01,5.940693616867065430e-01,1.735633850330486894e-04
1.017881870269775391e+00,-7.448790967464447021e-02,-5.682859420776367188e-01,4.485531747341156006e-01,6.560679078102111816e-01,3.657667548395693302e-05
1.017616748809814453e+00,-2.327851392328739166e-02,-4.472973346710205078e-01,3.529088795185089111e-01,7.720267772674560547e-01,2.327364927623420954e-04
1.005205750465393066e+00,-5.981906503438949585e-02,-4.656456708908081055e-01,3.797637224197387695e-01,6.502394676208496094e-01,3.119442408205941319e-05
9.979826211929321289e-01,-9.009402990341186523e-02,-6.058720946311950684e-01,4.140162765979766846e-01,4.485071897506713867e-01,8.066238369792699814e-04
1.009393334388732910e+00,-5.657456442713737488e-02,-4.799886345863342285e-01,4.561427831649780273e-01,6.865117549896240234e-01,1.667361357249319553e-04
1.014346480369567871e+00,-3.205297142267227173e-02,-4.730064868927001953e-01,3.854351043701171875e-01,7.347325086593627930e-01,1.336648419965058565e-04
1.024442672729492188e+00,-5.398211628198623657e-02,-5.721743702888488770e-01,2.908773720264434814e-01,7.661167979240417480e-01,2.721265445870812982e-05
1.009717226028442383e+00,-6.545204669237136841e-02,-5.043302178382873535e-01,4.060467779636383057e-01,6.678229570388793945e-01,1.780843194865155965e-05
1.013285517692565918e+00,1.731725968420505524e-02,-3.380197286605834961e-01,3.014373481273651123e-01,7.332634925842285156e-01,4.126357089262455702e-05
1.020201921463012695e+00,-9.242299199104309082e-02,-5.826003551483154297e-01,4.126593470573425293e-01,6.077867746353149414e-01,3.239253055653534830e-05
1.000558257102966309e+00,-4.123723879456520081e-02,-5.411450862884521484e-01,3.818348944187164307e-01,6.499507427215576172e-01,9.661006333772093058e-05
1.015596866607666016e+00,-9.076087921857833862e-02,-5.626935958862304688e-01,4.009182155132293701e-01,6.300387978553771973e-01,1.572331893839873374e-05
1.019333362579345703e+00,-6.275041401386260986e-02,-4.673143625259399414e-01,4.849329590797424316e-01,7.159795761108398438e-01,2.725338854361325502e-04
1.007016658782958984e+00,-7.156904041767120361e-02,-5.249933004379272461e-01,3.486875295639038086e-01,6.722406744956970215e-01,2.411158857285045087e-05
1.016085386276245117e+00,-7.385401427745819092e-02,-5.611514449119567871e-01,3.352487087249755859e-01,7.042596340179443359e-01,1.059348323906306177e-05
1.007155776023864746e+00,-6.427878141403198242e-02,-4.957754015922546387e-01,3.724566996097564697e-01,6.764166355133056641e-01,1.299139330512844026e-05
1.011154890060424805e+00,-1.104682013392448425e-01,-5.391367077827453613e-01,4.356446564197540283e-01,5.866681337356567383e-01,3.402154334253282286e-06
1.023627877235412598e+00,-1.530165970325469971e-02,-4.967550337314605713e-01,2.525063455104827881e-01,9.224354028701782227e-01,7.074855384416878223e-04
9.927294850349426270e-01,-1.209617033600807190e-02,-5.717058777809143066e-01,2.834446728229522705e-01,6.531596779823303223e-01,4.697946715168654919e-04
1.076273441314697266e+00,3.528267517685890198e-02,-6.795700788497924805e-01,1.787076443433761597e-01,7.341177463531494141e-01,4.407603773870505393e-05
1.046543717384338379e+00,9.419091790914535522e-02,-6.321125626564025879e-01,1.816748976707458496e-01,8.569581508636474609e-01,2.361591614317148924e-04
1.000564336776733398e+00,-5.303148552775382996e-02,-4.656045138835906982e-01,3.828828036785125732e-01,6.372638940811157227e-01,9.289564331993460655e-05
1.020718336105346680e+00,-4.840561375021934509e-02,-6.455296277999877930e-01,3.008741736412048340e-01,5.594154596328735352e-01,5.253320559859275818e-04
1.005716204643249512e+00,-5.222387984395027161e-02,-2.841524779796600342e-01,4.179909527301788330e-01,7.228572368621826172e-01,5.131455691298469901e-05
