1.082724809646606445e+00,2.024439163506031036e-03,3.535214066505432129e-02,-4.673202633857727051e-01,9.998258352279663086e-01,2.308104303665459156e-04
8.989621996879577637e-01,6.028073281049728394e-02,-9.055375307798385620e-02,-4.403529465198516846e-01,9.996485114097595215e-01,1.081539317965507507e-03
1.060024380683898926e+00,-9.372436441481113434e-03,-1.590706855058670044e-01,-4.094119668006896973e-01,9.998937845230102539e-01,8.204768528230488300e-05
1.097125887870788574e+00,2.277242019772529602e-02,-1.435592174530029297e-01,-4.626677632331848145e-01,9.998909831047058105e-01,1.674904196988791227e-04
1.050327539443969727e+00,1.907610334455966949e-02,-6.113238632678985596e-02,-5.246758460998535156e-01,9.998575448989868164e-01,1.416373415850102901e-04
1.022192239761352539e+00,-4.494127631187438965e-02,-1.166907325387001038e-01,-2.368820309638977051e-01,9.998514652252197266e-01,3.733226330950856209e-04
1.101498723030090332e+00,1.858912035822868347e-02,-1.790187209844589233e-01,-5.657067298889160156e-01,9.999136328697204590e-01,9.805796435102820396e-05
1.045318603515625000e+00,-2.988638728857040405e-02,-1.498845070600509644e-01,-3.191686570644378662e-01,9.998773336410522461e-01,1.406412047799676657e-04
1.103874802589416504e+00,7.173564285039901733e-03,-1.190950572490692139e-01,-4.832564890384674072e-01,9.999038577079772949e-01,9.616038732929155231e-05
1.086741447448730469e+00,2.188595943152904510e-02,-1.414982527494430542e-01,-4.577039480209350586e-01,9.998857378959655762e-01,1.914753811433911324e-04
1.081449985504150391e+00,-1.772638224065303802e-02,-1.755971461534500122e-01,-4.285674393177032471e-01,9.999082684516906738e-01,9.188152034766972065e-05
1.039778828620910645e+00,-2.860799431800842285e-02,-1.411201506853103638e-01,-3.115094602108001709e-01,9.998670220375061035e-01,1.021419448079541326e-04
1.085528254508972168e+00,-1.559645123779773712e-02,-1.736681908369064331e-01,-4.399608969688415527e-01,9.999092817306518555e-01,1.497797929914668202e-04
1.104560017585754395e+00,-2.683997154235839844e-04,-1.775903701782226562e-01,-4.615399837493896484e-01,9.999126195907592773e-01,4.625390283763408661e-05
1.106687426567077637e+00,-2.039094641804695129e-02,-1.948080509901046753e-01,-4.742428958415985107e-01,9.999189972877502441e-01,2.315553574590012431e-04
1.022441983222961426e+00,-5.332732107490301132e-03,-1.183393821120262146e-01,-3.370512127876281738e-01,9.998484849929809570e-01,9.529455564916133881e-05
1.116887211799621582e+00,-5.189599841833114624e-02,3.917640075087547302e-02,-4.980478882789611816e-01,9.998778700828552246e-01,2.717565803322941065e-04
1.039964556694030762e+00,2.527086995542049408e-02,1.598584204912185669e-01,-4.835935533046722412e-01,9.995795488357543945e-01,3.166052629239857197e-04
1.006686687469482422e+00,5.028941109776496887e-02,5.823992192745208740e-02,-3.255597949028015137e-01,9.995648860931396484e-01,9.989866521209478378e-05
9.969957470893859863e-01,9.887573122978210449e-02,9.856833517551422119e-02,-2.692646682262420654e-01,9.988937973976135254e-01,1.137654762715101242e-04
1.100583076477050781e+00,1.269397512078285217e-02,-2.111473679542541504e-01,-5.237730145454406738e-01,9.999154806137084961e-01,9.685257100500166416e-05
1.004617094993591309e+00,4.329424723982810974e-02,-1.528150886297225952e-01,-4.672091007232666016e-01,9.998282790184020996e-01,2.251379191875457764e-04
1.168785810470581055e+00,3.285628557205200195e-02,-2.946072518825531006e-01,-6.752383708953857422e-01,9.999339580535888672e-01,3.469710645731538534e-04
1.004674553871154785e+00,2.827803604304790497e-02,-1.782164126634597778e-01,-4.148831367492675781e-01,9.998343586921691895e-01,3.069174126721918583e-04
1.097216367721557617e+00,-3.403549641370773315e-02,-1.662052124738693237e-01,-3.946860730648040771e-01,9.999107718467712402e-01,6.344457506202161312e-05
1.109444141387939453e+00,2.154267206788063049e-02,-1.984128952026367188e-01,-5.909711122512817383e-01,9.999195337295532227e-01,1.300575822824612260e-04
1.007440447807312012e+00,9.496260434389114380e-02,1.022863164544105530e-01,-2.770642042160034180e-01,9.989488720893859863e-01,1.048244812409393489e-04
1.129104852676391602e+00,5.515962257049977779e-04,-2.043634653091430664e-01,-5.169321298599243164e-01,9.999253153800964355e-01,3.400014247745275497e-05
8.982402682304382324e-01,7.511330395936965942e-02,-1.133357360959053040e-01,-4.617879688739776611e-01,9.995698928833007812e-01,1.339580165222287178e-03
1.135662555694580078e+00,6.869193166494369507e-03,-1.914674788713455200e-01,-5.281378030776977539e-01,9.999278783798217773e-01,5.572158261202275753e-05
1.287474632263183594e+00,-1.941808462142944336e-01,1.316163688898086548e-01,-5.291687250137329102e-01,9.996678233146667480e-01,4.987984430044889450e-04
1.068482875823974609e+00,-3.541137278079986572e-02,-1.944970339536666870e-01,-3.697180747985839844e-01,9.998942017555236816e-01,1.171497715404257178e-04
1.073010325431823730e+00,-4.621653258800506592e-02,-1.967586874961853027e-01,-3.484826982021331787e-01,9.998897910118103027e-01,1.007603787002153695e-04
1.103995680809020996e+00,-4.721740726381540298e-03,-5.671445280313491821e-02,-5.232937932014465332e-01,9.998954534530639648e-01,1.895903697004541755e-04
1.042753219604492188e+00,3.460340946912765503e-02,-2.199237793684005737e-01,-5.253765583038330078e-01,9.998745918273925781e-01,3.825094900093972683e-04
1.062102317810058594e+00,-2.385390177369117737e-02,-1.655917167663574219e-01,-3.653015792369842529e-01,9.998916387557983398e-01,8.307992538902908564e-05
1.071997284889221191e+00,-5.455446988344192505e-02,-1.655981242656707764e-01,-3.327789008617401123e-01,9.998962283134460449e-01,2.051316259894520044e-04
1.060604810714721680e+00,-3.976166993379592896e-02,-1.697219163179397583e-01,-3.386783301830291748e-01,9.998888373374938965e-01,1.255159586435183883e-04
1.250081658363342285e+00,1.870121993124485016e-02,-2.473849803209304810e-01,-6.707285046577453613e-01,9.999516010284423828e-01,5.315703456290066242e-04
1.083725214004516602e+00,2.336520887911319733e-02,-1.180274486541748047e-01,-4.930407404899597168e-01,9.998836517333984375e-01,1.840204931795597076e-04
1.006107568740844727e+00,1.052205786108970642e-01,1.062641665339469910e-01,-2.680240571498870850e-01,9.988061785697937012e-01,1.222177088493481278e-04
1.178098797798156738e+00,1.451970636844635010e-02,-2.491753697395324707e-01,-6.135733723640441895e-01,9.999377727508544922e-01,1.058136258507147431e-04
1.132401347160339355e+00,-5.583838000893592834e-02,-1.174561455845832825e-01,-3.937010467052459717e-01,9.999184608459472656e-01,2.934843651019036770e-04
1.047371029853820801e+00,5.308608338236808777e-02,-1.554926186800003052e-01,-4.856586754322052002e-01,9.998313784599304199e-01,1.983356341952458024e-04
1.124330759048461914e+00,-1.175149693153798580e-03,-1.553223729133605957e-01,-4.931043684482574463e-01,9.999226331710815430e-01,1.678255066508427262e-04
1.068630814552307129e+00,-2.377375029027462006e-02,-1.636736690998077393e-01,-3.544316887855529785e-01,9.998928308486938477e-01,5.995936589897610247e-05
1.067004084587097168e+00,-1.479829102754592896e-02,-1.532721966505050659e-01,-3.779018223285675049e-01,9.998925328254699707e-01,6.306336581474170089e-05
1.020516157150268555e+00,7.782756537199020386e-02,9.723734110593795776e-02,-3.836956620216369629e-01,9.993340373039245605e-01,4.885719390586018562e-04
1.005935907363891602e+00,4.596857354044914246e-02,-1.900072395801544189e-01,-5.127304196357727051e-01,9.998455047607421875e-01,3.545818035490810871e-04
1.043247580528259277e+00,4.410677775740623474e-02,-1.551449894905090332e-01,-4.477505087852478027e-01,9.998337626457214355e-01,1.855570008046925068e-04
1.067650675773620605e+00,-3.561561927199363708e-02,-1.672934591770172119e-01,-3.559058010578155518e-01,9.998941421508789062e-01,8.420315134571865201e-05
9.404274821281433105e-01,9.920498728752136230e-02,4.811777919530868530e-02,-2.998376190662384033e-01,9.989984631538391113e-01,2.719059993978589773e-04
9.624857902526855469e-01,7.219760864973068237e-02,-1.584055721759796143e-01,-3.973789811134338379e-01,9.996782541275024414e-01,4.740788135677576065e-04
1.022616147994995117e+00,-4.788297042250633240e-02,-1.384507566690444946e-01,-2.514848411083221436e-01,9.998532533645629883e-01,1.625259756110608578e-04
1.128163576126098633e+00,7.499271072447299957e-03,-1.929344385862350464e-01,-4.964119195938110352e-01,9.999204874038696289e-01,4.920312494505196810e-05
1.178754329681396484e+00,1.355025637894868851e-02,-3.256201744079589844e-01,-7.037792801856994629e-01,9.999361634254455566e-01,1.221192302182316780e-03
1.115330100059509277e+00,-7.254480151459574699e-04,-1.194485500454902649e-01,-4.517025351524353027e-01,9.999092817306518555e-01,1.705243776086717844e-04
1.033210039138793945e+00,-8.773747086524963379e-02,-1.645742356777191162e-01,-1.572764515876770020e-01,9.998316168785095215e-01,3.501907922327518463e-04
1.147656202316284180e+00,-2.596953650936484337e-03,-2.074606567621231079e-01,-5.412782430648803711e-01,9.999342560768127441e-01,5.208813672652468085e-05
9.541643857955932617e-01,5.656397342681884766e-02,-1.226256787776947021e-01,-3.951323628425598145e-01,9.997060894966125488e-01,3.779055841732770205e-04
1.111745595932006836e+00,-6.331850774586200714e-03,-1.839873939752578735e-01,-4.597520828247070312e-01,9.999179840087890625e-01,4.988299042452126741e-05
1.119722962379455566e+00,3.031396120786666870e-02,-1.563172340393066406e-01,-5.508003234863281250e-01,9.999043345451354980e-01,1.198993631987832487e-04
1.114837169647216797e+00,1.225761789828538895e-02,-1.315831393003463745e-01,-5.728746652603149414e-01,9.999146461486816406e-01,1.496816694270819426e-04
1.055471777915954590e+00,-2.975693717598915100e-02,-1.560377925634384155e-01,-3.604940176010131836e-01,9.998846650123596191e-01,7.174414349719882011e-05
1.103778243064880371e+00,-8.523793891072273254e-03,-1.424612998962402344e-01,-4.234146177768707275e-01,9.999111890792846680e-01,9.365996811538934708e-05
1.093538761138916016e+00,5.209473427385091782e-03,-1.923278868198394775e-01,-4.785622358322143555e-01,9.999102354049682617e-01,5.208456423133611679e-05
1.071376085281372070e+00,7.356553105637431145e-04,-1.997767686843872070e-01,-4.573219716548919678e-01,9.998992681503295898e-01,9.680319635663181543e-05
1.170737266540527344e+00,2.320640347898006439e-02,-2.258501499891281128e-01,-5.981029272079467773e-01,9.999322295188903809e-01,1.217261815327219665e-04
1.058225393295288086e+00,-9.476717561483383179e-02,-1.628058105707168579e-01,-1.793542206287384033e-01,9.998466968536376953e-01,2.725748345255851746e-04
1.083684444427490234e+00,2.887984178960323334e-02,-1.971789747476577759e-01,-5.035684108734130859e-01,9.998951554298400879e-01,4.694660310633480549e-05
1.071808576583862305e+00,2.984120324254035950e-02,-2.226497083902359009e-01,-5.248928666114807129e-01,9.998943209648132324e-01,1.114330807467922568e-04
1.126149177551269531e+00,1.200567651540040970e-02,-1.673241406679153442e-01,-5.425463318824768066e-01,9.999200701713562012e-01,3.574943984858691692e-04
1.158961653709411621e+00,1.819524541497230530e-02,-1.999062746763229370e-01,-5.869698524475097656e-01,9.999302029609680176e-01,9.838508412940427661e-05
1.117886304855346680e+00,-2.689469791948795319e-02,-1.916650086641311646e-01,-4.704595208168029785e-01,9.999233484268188477e-01,1.346142817055806518e-04
1.050538063049316406e+00,1.376589573919773102e-02,-1.511648595333099365e-01,-4.329220950603485107e-01,9.998796582221984863e-01,1.497746270615607500e-04
1.116695880889892578e+00,2.003702521324157715e-02,-2.009529322385787964e-01,-5.838131904602050781e-01,9.999188184738159180e-01,4.405193612910807133e-04
1.040482044219970703e+00,3.603151813149452209e-02,-2.255064249038696289e-01,-5.598191022872924805e-01,9.998779892921447754e-01,9.554591379128396511e-04
1.062388420104980469e+00,-5.178003758192062378e-02,-1.415132731199264526e-01,-3.083150088787078857e-01,9.998874068260192871e-01,1.399485190631821752e-04
1.076522827148437500e+00,-4.553047940135002136e-03,-1.750841736793518066e-01,-4.240868687629699707e-01,9.999001026153564453e-01,6.227679841686040163e-05
1.069577574729919434e+00,-2.282687835395336151e-02,-1.459581255912780762e-01,-3.563393950462341309e-01,9.998942017555236816e-01,1.013967266771942377e-04
1.095324754714965820e+00,1.698302291333675385e-02,-1.397257000207901001e-01,-4.995716512203216553e-01,9.999008774757385254e-01,6.603981455555185676e-05
1.177249670028686523e+00,1.011758693493902683e-03,-2.068999558687210083e-01,-5.688813924789428711e-01,9.999400377273559570e-01,8.747044194024056196e-05
1.044355273246765137e+00,1.944665610790252686e-02,-1.654983311891555786e-01,-4.231000244617462158e-01,9.998673200607299805e-01,8.102906576823443174e-05
1.070190191268920898e+00,-1.587218791246414185e-02,-1.458366811275482178e-01,-3.859419524669647217e-01,9.998975396156311035e-01,8.741591591387987137e-05
1.065669417381286621e+00,-1.281148940324783325e-01,-2.039448171854019165e-01,-1.148715913295745850e-01,9.998115301132202148e-01,1.683254813542589545e-04
1.061229109764099121e+00,-1.323545128107070923e-01,-1.889993697404861450e-01,-9.435070306062698364e-02,9.998046755790710449e-01,2.452905464451760054e-04
1.088367462158203125e+00,-4.877383634448051453e-02,-1.880808621644973755e-01,-3.640654683113098145e-01,9.998998641967773438e-01,1.112749305320903659e-04
1.073830008506774902e+00,-5.693374201655387878e-03,-1.730503886938095093e-01,-4.360233247280120850e-01,9.999035000801086426e-01,1.487143454141914845e-04
1.081957101821899414e+00,-1.651548221707344055e-02,-1.683623343706130981e-01,-4.030168652534484863e-01,9.999042749404907227e-01,5.578243872150778770e-05
1.069534659385681152e+00,8.745760656893253326e-03,-1.497933268547058105e-01,-4.238075017929077148e-01,9.998868703842163086e-01,3.615730383899062872e-05
1.067786335945129395e+00,5.408323835581541061e-03,-1.651866585016250610e-01,-4.467754662036895752e-01,9.998946785926818848e-01,4.860747503698803484e-05
1.053656816482543945e+00,-9.939219057559967041e-02,-1.966267675161361694e-01,-1.678330898284912109e-01,9.998373389244079590e-01,1.734184625092893839e-04
9.941282868385314941e-01,4.629608243703842163e-02,-4.069946706295013428e-03,-3.282538652420043945e-01,9.996458292007446289e-01,1.686679024714976549e-04
1.077289223670959473e+00,-2.758271060883998871e-02,-1.819010823965072632e-01,-3.828578591346740723e-01,9.999002814292907715e-01,7.944020035210996866e-05
1.055788278579711914e+00,-5.208712443709373474e-02,-1.665159910917282104e-01,-2.925462126731872559e-01,9.998757243156433105e-01,8.998659905046224594e-05
1.056457281112670898e+00,-5.095211416482925415e-02,-1.619695127010345459e-01,-3.038806617259979248e-01,9.998810887336730957e-01,1.044273521983996034e-04
1.110353231430053711e+00,-2.064684219658374786e-02,-1.929205656051635742e-01,-4.515962600708007812e-01,9.999169707298278809e-01,7.919358904473483562e-05
1.069380402565002441e+00,2.152307890355587006e-02,-7.310602813959121704e-03,-4.840056300163269043e-01,9.998148083686828613e-01,3.505702479742467403e-04
9.845692515373229980e-01,8.861234039068222046e-02,6.273569911718368530e-02,-2.941369116306304932e-01,9.991727471351623535e-01,1.076757616829127073e-04
1.084574937820434570e+00,1.320309191942214966e-02,-1.875769793987274170e-01,-5.353116393089294434e-01,9.999086856842041016e-01,4.047384427394717932e-04
1.051503419876098633e+00,4.261813312768936157e-02,-1.385548859834671021e-01,-5.002143383026123047e-01,9.998477101325988770e-01,1.359049347229301929e-04
1.040690422058105469e+00,-5.709638074040412903e-02,-1.401254385709762573e-01,-2.340231984853744507e-01,9.998533129692077637e-01,1.826051739044487476e-04
1.050987243652343750e+00,3.739533247426152229e-03,-6.994176656007766724e-02,-3.741388320922851562e-01,9.998577237129211426e-01,1.287867198698222637e-04
1.215371966361999512e+00,7.324058096855878830e-03,-1.837271749973297119e-01,-5.937076210975646973e-01,9.999440908432006836e-01,4.502833471633493900e-04
1.103302001953125000e+00,-2.546533197164535522e-02,-1.353657245635986328e-01,-4.029282927513122559e-01,9.999127388000488281e-01,1.282202720176428556e-04
1.100560784339904785e+00,2.018576860427856445e-02,-2.297654747962951660e-01,-5.478363037109375000e-01,9.999119639396667480e-01,1.190680995932780206e-04
1.096522212028503418e+00,7.560451980680227280e-03,-1.919310688972473145e-01,-4.876043498516082764e-01,9.999117851257324219e-01,3.900998490280471742e-05
9.873679876327514648e-01,6.303661316633224487e-02,-1.311021596193313599e-01,-4.465486109256744385e-01,9.997410774230957031e-01,3.048260987270623446e-04
1.101598381996154785e+00,3.179280832409858704e-02,-2.051661312580108643e-01,-5.806647539138793945e-01,9.999103546142578125e-01,7.857062155380845070e-05
1.041929244995117188e+00,4.210492223501205444e-02,1.509490702301263809e-02,-3.748201131820678711e-01,9.997066855430603027e-01,2.443435951136052608e-04
1.038519740104675293e+00,-4.383112862706184387e-02,-1.555637419223785400e-01,-3.018245398998260498e-01,9.998695850372314453e-01,1.700599241303279996e-04
1.166454911231994629e+00,-1.553702447563409805e-02,-1.947626769542694092e-01,-5.492196083068847656e-01,9.999374151229858398e-01,1.106865092879161239e-04
1.050064682960510254e+00,3.448705747723579407e-02,9.115874767303466797e-02,-3.799733519554138184e-01,9.996415972709655762e-01,1.176155710709281266e-04
1.054250240325927734e+00,-2.655720524489879608e-02,-1.418660879135131836e-01,-3.331349194049835205e-01,9.998833537101745605e-01,1.497209887020289898e-04
1.148543715476989746e+00,1.163015980273485184e-02,-2.114928066730499268e-01,-5.346893668174743652e-01,9.999275207519531250e-01,1.413437857991084456e-04
1.152729034423828125e+00,3.455160930752754211e-02,-2.241773307323455811e-01,-5.970178842544555664e-01,9.999251365661621094e-01,9.076446440303698182e-05
1.146870732307434082e+00,-1.848883368074893951e-02,-2.155072540044784546e-01,-5.177424550056457520e-01,9.999315142631530762e-01,8.962496212916448712e-05
1.092159867286682129e+00,-3.977177292108535767e-02,-1.924500614404678345e-01,-3.907482028007507324e-01,9.999056458473205566e-01,9.509451047051697969e-05
1.055954456329345703e+00,1.174619421362876892e-02,-1.806091517210006714e-01,-4.380344748497009277e-01,9.998857975006103516e-01,7.213577919173985720e-05
1.077772259712219238e+00,6.679083406925201416e-02,-2.617705464363098145e-01,-6.172412633895874023e-01,9.998828768730163574e-01,2.973246155306696892e-04
1.116207957267761230e+00,1.744976080954074860e-02,-1.608306616544723511e-01,-5.724769234657287598e-01,9.999174475669860840e-01,1.080467627616599202e-04
1.034363150596618652e+00,3.364030644297599792e-02,-1.376504898071289062e-01,-4.237556457519531250e-01,9.998335242271423340e-01,2.881201507989317179e-04
1.095486640930175781e+00,-6.191934458911418915e-03,-1.732565313577651978e-01,-4.825278818607330322e-01,9.999170303344726562e-01,1.144370035035535693e-04
1.065989613533020020e+00,6.795092951506376266e-03,3.800252452492713928e-02,-4.438414275646209717e-01,9.998010396957397461e-01,1.624324067961424589e-04
1.129389762878417969e+00,1.287354901432991028e-02,-1.877991408109664917e-01,-5.105609893798828125e-01,9.999188780784606934e-01,1.078643399523571134e-04
1.084648609161376953e+00,-4.368992522358894348e-03,-1.774078756570816040e-01,-4.419357776641845703e-01,9.999071359634399414e-01,7.558333891211077571e-05
1.082755565643310547e+00,3.131090104579925537e-02,-2.374621033668518066e-01,-5.418939590454101562e-01,9.998949170112609863e-01,3.915425622835755348e-04
1.082767367362976074e+00,-1.933697238564491272e-02,-1.668877452611923218e-01,-3.899585008621215820e-01,9.999022483825683594e-01,9.483040776103734970e-05
1.062306284904479980e+00,1.021167915314435959e-02,-1.187069341540336609e-01,-3.677719235420227051e-01,9.998686909675598145e-01,1.319082803092896938e-04
1.107064485549926758e+00,2.743601612746715546e-02,-1.581915169954299927e-01,-5.269187092781066895e-01,9.999004602432250977e-01,1.236474490724503994e-04
9.782474040985107422e-01,7.542814314365386963e-02,-1.732610315084457397e-01,-4.243447482585906982e-01,9.997166991233825684e-01,4.025964881293475628e-04
1.117436647415161133e+00,3.265369217842817307e-03,-1.154843121767044067e-01,-4.274336099624633789e-01,9.999040365219116211e-01,4.017945029772818089e-04
1.130891442298889160e+00,-1.048997323960065842e-02,-1.990663856267929077e-01,-5.637580156326293945e-01,9.999275803565979004e-01,3.287205763626843691e-04
1.272120475769042969e+00,-1.992859095335006714e-01,2.327278256416320801e-02,-4.514723122119903564e-01,9.997726082801818848e-01,2.715680166147649288e-04
1.089442610740661621e+00,1.767887733876705170e-02,-2.058640271425247192e-01,-5.961452722549438477e-01,9.999154806137084961e-01,3.175829770043492317e-04
1.057651400566101074e+00,-3.653524909168481827e-03,-1.724567264318466187e-01,-4.033748209476470947e-01,9.998891949653625488e-01,7.620040560141205788e-05
1.101846098899841309e+00,-2.514615841209888458e-02,-7.009574025869369507e-02,-5.033870935440063477e-01,9.999036788940429688e-01,2.638050937093794346e-04
1.029981374740600586e+00,2.507059089839458466e-02,-1.227170228958129883e-01,-4.610886573791503906e-01,9.998537302017211914e-01,1.401642948621883988e-04
1.084759235382080078e+00,-1.532416790723800659e-02,-1.234346851706504822e-01,-3.652764856815338135e-01,9.998974800109863281e-01,1.396476873196661472e-04
1.146505355834960938e+00,4.340010229498147964e-03,-1.821240484714508057e-01,-5.449901819229125977e-01,9.999302029609680176e-01,1.466391258873045444e-04
1.079411506652832031e+00,-1.590758562088012695e-02,-5.839120596647262573e-02,-4.809878766536712646e-01,9.998965263366699219e-01,1.057131812558509409e-04
1.147250413894653320e+00,-5.661722272634506226e-02,-2.078273147344589233e-01,-4.593540728092193604e-01,9.999230504035949707e-01,1.530078006908297539e-04
1.066907644271850586e+00,8.762476500123739243e-04,7.597617059946060181e-02,-4.508629441261291504e-01,9.997811913490295410e-01,1.629842154216021299e-04
1.089157462120056152e+00,-5.706988275051116943e-02,-1.830299049615859985e-01,-3.484444022178649902e-01,9.998999238014221191e-01,1.391173864249140024e-04
1.125446915626525879e+00,-6.118489429354667664e-03,-1.882972419261932373e-01,-4.654994606971740723e-01,9.999220371246337891e-01,6.395599484676495194e-05
1.116112351417541504e+00,-1.237616781145334244e-02,-2.142046540975570679e-01,-5.097553730010986328e-01,9.999189972877502441e-01,1.755198172759264708e-04
1.091321945190429688e+00,-1.686329767107963562e-02,-8.216979354619979858e-02,-3.796670734882354736e-01,9.998993277549743652e-01,4.012968856841325760e-04
1.053848624229431152e+00,-4.008072987198829651e-02,-1.192638650536537170e-01,-3.047122359275817871e-01,9.998822212219238281e-01,1.185863075079396367e-04
1.155941605567932129e+00,9.302377700805664062e-03,-2.048559039831161499e-01,-5.804617404937744141e-01,9.999349117279052734e-01,5.405941919889301062e-05
1.113565087318420410e+00,1.673786528408527374e-02,-2.062800526618957520e-01,-6.001149415969848633e-01,9.999245405197143555e-01,2.784909447655081749e-04
1.097876667976379395e+00,3.221046924591064453e-02,-2.287209928035736084e-01,-5.911056995391845703e-01,9.999092817306518555e-01,1.200475380755960941e-04
1.085479736328125000e+00,2.297284081578254700e-02,-1.815740317106246948e-01,-5.864300131797790527e-01,9.999103546142578125e-01,4.365227359812706709e-04
1.008684873580932617e+00,3.849221765995025635e-02,-1.479672193527221680e-01,-4.545868337154388428e-01,9.998278617858886719e-01,1.463777880417183042e-04
1.067653059959411621e+00,-2.882166393101215363e-02,-1.624187380075454712e-01,-3.466272056102752686e-01,9.998914003372192383e-01,6.743505946360528469e-05
1.197040915489196777e+00,1.979767344892024994e-02,-2.664215266704559326e-01,-6.662154197692871094e-01,9.999414682388305664e-01,4.247931356076151133e-04
1.105089902877807617e+00,-9.481593035161495209e-03,-1.177869439125061035e-01,-3.864317834377288818e-01,9.999058246612548828e-01,1.786270295269787312e-04
1.110927820205688477e+00,-1.416443847119808197e-03,-1.965914219617843628e-01,-4.783667623996734619e-01,9.999173283576965332e-01,1.545576524222269654e-04
1.103179454803466797e+00,-5.504627246409654617e-03,-5.700905993580818176e-02,-4.689631462097167969e-01,9.998950362205505371e-01,1.483836531406268477e-04
1.009501099586486816e+00,3.103436529636383057e-02,-7.986170798540115356e-02,-5.142114758491516113e-01,9.998300075531005859e-01,2.155536494683474302e-04
1.161361455917358398e+00,1.921085175126791000e-03,-1.715005189180374146e-01,-5.425150394439697266e-01,9.999339580535888672e-01,1.684895541984587908e-04
1.068890094757080078e+00,-1.940578222274780273e-04,-1.085545346140861511e-01,-3.658053874969482422e-01,9.998819231986999512e-01,1.335427223239094019e-04
1.016000270843505859e+00,8.550923317670822144e-02,1.172584518790245056e-01,-3.399676382541656494e-01,9.991577267646789551e-01,2.947244211100041866e-04
1.073775053024291992e+00,-1.479624360799789429e-01,-2.001329064369201660e-01,-8.678632229566574097e-02,9.997977018356323242e-01,2.353446034248918295e-04
1.055750370025634766e+00,-9.613366797566413879e-03,-1.754268109798431396e-01,-4.278993606567382812e-01,9.998925328254699707e-01,3.318774397484958172e-04
1.056750535964965820e+00,-5.963894352316856384e-02,-1.606498211622238159e-01,-2.676139175891876221e-01,9.998741745948791504e-01,1.426412782166153193e-04
1.076878547668457031e+00,-2.169590443372726440e-02,-1.517595797777175903e-01,-3.682268559932708740e-01,9.998990893363952637e-01,8.050529868341982365e-05
1.161250710487365723e+00,-1.431631110608577728e-02,-2.468053549528121948e-01,-5.564442276954650879e-01,9.999341368675231934e-01,7.882789941504597664e-05
1.059933066368103027e+00,-1.869859918951988220e-02,-1.536758691072463989e-01,-3.934066891670227051e-01,9.998951554298400879e-01,1.009746920317411423e-04
1.075675129890441895e+00,-6.504500657320022583e-02,-1.640562862157821655e-01,-2.646580934524536133e-01,9.998802542686462402e-01,9.587955719325691462e-05
1.025166869163513184e+00,6.898487359285354614e-02,7.957773655652999878e-02,-2.570836842060089111e-01,9.993280172348022461e-01,7.695594104006886482e-05
1.080271601676940918e+00,-8.696991205215454102e-02,-1.697930395603179932e-01,-2.418873012065887451e-01,9.998816251754760742e-01,1.260834687855094671e-04
1.084729313850402832e+00,-8.760015666484832764e-02,-1.737449467182159424e-01,-2.447538375854492188e-01,9.998795986175537109e-01,1.210577902384102345e-04
1.061977148056030273e+00,1.780016347765922546e-03,-1.817029565572738647e-01,-4.315598011016845703e-01,9.998928904533386230e-01,9.345680882688611746e-05
1.048922657966613770e+00,-2.239769138395786285e-02,-1.485529839992523193e-01,-3.674117028713226318e-01,9.998851418495178223e-01,1.837501622503623366e-04
1.049376368522644043e+00,2.042305655777454376e-03,-1.488068550825119019e-01,-4.004389941692352295e-01,9.998833537101745605e-01,8.359423372894525528e-05
1.062711596488952637e+00,4.769414372276514769e-04,-1.738222986459732056e-01,-4.149308204650878906e-01,9.998898506164550781e-01,6.234264583326876163e-05
1.089531302452087402e+00,-5.853737518191337585e-02,-1.709891706705093384e-01,-3.641450703144073486e-01,9.999002814292907715e-01,1.916368491947650909e-04
1.075411796569824219e+00,-5.245066806674003601e-02,-1.677684187889099121e-01,-3.539788126945495605e-01,9.998956322669982910e-01,2.279471809742972255e-04
1.069109320640563965e+00,-2.065829560160636902e-02,-1.652135550975799561e-01,-4.068053066730499268e-01,9.998987317085266113e-01,8.255791908595710993e-05
1.066015005111694336e+00,-5.283812992274761200e-03,-1.674719601869583130e-01,-4.053710997104644775e-01,9.998960494995117188e-01,6.779085379093885422e-05
1.044341802597045898e+00,1.446532923728227615e-02,-1.765844523906707764e-01,-4.367597699165344238e-01,9.998780488967895508e-01,8.756347961025312543e-05
1.063340783119201660e+00,2.234267257153987885e-02,-1.831351518630981445e-01,-4.715714752674102783e-01,9.998857975006103516e-01,1.095126353902742267e-04
1.130564570426940918e+00,1.841730996966362000e-02,-1.953262835741043091e-01,-5.973056554794311523e-01,9.999268651008605957e-01,2.388063003309071064e-04
1.113142490386962891e+00,4.591013118624687195e-02,-2.264847010374069214e-01,-5.137260556221008301e-01,9.998879432678222656e-01,4.534645413514226675e-04
1.075548291206359863e+00,1.858796551823616028e-02,-1.358648687601089478e-01,-4.428654015064239502e-01,9.998810887336730957e-01,8.748570689931511879e-05
1.093488574028015137e+00,-2.766764163970947266e-02,-1.159481480717658997e-01,-4.203785359859466553e-01,9.999088644981384277e-01,6.177434261189773679e-05
1.052778244018554688e+00,-3.365773707628250122e-02,-1.469643712043762207e-01,-3.388984203338623047e-01,9.998834729194641113e-01,1.006022066576406360e-04
1.070136785507202148e+00,-2.703237347304821014e-02,-1.343953162431716919e-01,-3.724603950977325439e-01,9.998985528945922852e-01,1.232913782587274909e-04
1.051204800605773926e+00,2.698146738111972809e-03,-1.508402228355407715e-01,-4.189434051513671875e-01,9.998856782913208008e-01,8.953180076787248254e-05
1.176671028137207031e+00,-5.410514306277036667e-03,-1.795732229948043823e-01,-5.175831913948059082e-01,9.999360442161560059e-01,2.490669721737504005e-04
1.044382691383361816e+00,-4.245042509865015745e-04,-1.727645397186279297e-01,-4.289678037166595459e-01,9.998819828033447266e-01,4.434207221493124962e-04
1.084244251251220703e+00,5.084813572466373444e-03,-1.702272146940231323e-01,-4.623703658580780029e-01,9.999055266380310059e-01,4.091052323929034173e-05
1.052862048149108887e+00,2.546607516705989838e-02,-1.564436703920364380e-01,-4.629926085472106934e-01,9.998726844787597656e-01,8.928220631787553430e-05
1.146906018257141113e+00,2.589106746017932892e-02,-2.403056025505065918e-01,-6.013892889022827148e-01,9.999287128448486328e-01,7.922210352262482047e-05
1.124544978141784668e+00,-6.349686998873949051e-03,-1.609154045581817627e-01,-4.898647665977478027e-01,9.999229311943054199e-01,7.526081026298925281e-05
1.027395248413085938e+00,1.836900971829891205e-02,-1.713554114103317261e-01,-4.218018352985382080e-01,9.998590946197509766e-01,1.049376660375855863e-04
1.082739949226379395e+00,1.750821433961391449e-02,-1.422144025564193726e-01,-4.664852321147918701e-01,9.998937249183654785e-01,1.514804171165451407e-04
1.048978328704833984e+00,4.805313795804977417e-02,-1.760987192392349243e-01,-5.296293497085571289e-01,9.998618960380554199e-01,1.239371486008167267e-04
9.925714731216430664e-01,3.241676837205886841e-02,-1.664638966321945190e-01,-4.515977501869201660e-01,9.998277425765991211e-01,6.882268935441970825e-04
1.066013574600219727e+00,-1.108695864677429199e-01,-1.692300587892532349e-01,-1.624909788370132446e-01,9.998421072959899902e-01,3.190588904544711113e-04
1.066795468330383301e+00,9.497550316154956818e-03,-1.565950810909271240e-01,-4.104761779308319092e-01,9.998813867568969727e-01,7.112483581295236945e-05
9.668994545936584473e-01,5.611997470259666443e-02,-1.932829618453979492e-01,-5.434281826019287109e-01,9.998083114624023438e-01,1.694197999313473701e-03
1.134619832038879395e+00,-1.266550365835428238e-02,-1.812420487403869629e-01,-4.345728456974029541e-01,9.999229907989501953e-01,1.898299960885196924e-04
9.913270473480224609e-01,3.632001578807830811e-02,-1.429366618394851685e-01,-4.556257128715515137e-01,9.998244047164916992e-01,3.839111013803631067e-04
1.075103640556335449e+00,-1.830245368182659149e-02,-1.833509951829910278e-01,-4.085985124111175537e-01,9.999018907546997070e-01,6.425533501897007227e-05
1.003095149993896484e+00,5.379574745893478394e-02,-1.560532152652740479e-01,-4.570055305957794189e-01,9.998012185096740723e-01,1.724058820400387049e-04
1.087925672531127930e+00,-2.281259559094905853e-02,-1.562436223030090332e-01,-3.873636424541473389e-01,9.999058842658996582e-01,7.076937617966905236e-05
1.043229460716247559e+00,-4.627693071961402893e-02,-1.557690203189849854e-01,-2.772189676761627197e-01,9.998675584793090820e-01,9.386295278090983629e-05
1.073847055435180664e+00,-4.614886827766895294e-03,-1.748354136943817139e-01,-4.069272279739379883e-01,9.998964667320251465e-01,5.450430035125464201e-05
1.172135591506958008e+00,-2.699730731546878815e-02,-1.486788988113403320e-01,-4.577295780181884766e-01,9.999343752861022949e-01,5.865982966497540474e-04
1.077804207801818848e+00,-1.100081726908683777e-01,-1.827169507741928101e-01,-1.896066963672637939e-01,9.998590946197509766e-01,2.224924974143505096e-04
1.047300219535827637e+00,1.700028218328952789e-02,-4.939019680023193359e-02,-4.993212223052978516e-01,9.998489022254943848e-01,7.872631977079436183e-05
1.012747168540954590e+00,6.404774263501167297e-03,-1.063989624381065369e-01,-5.439639091491699219e-01,9.998726248741149902e-01,6.998817552812397480e-04
1.032983779907226562e+00,-1.469640876166522503e-03,-5.688561126589775085e-02,-4.248864054679870605e-01,9.998569488525390625e-01,2.172584063373506069e-04
1.104072570800781250e+00,4.753851797431707382e-03,-1.685275286436080933e-01,-5.909060239791870117e-01,9.999220371246337891e-01,1.614186621736735106e-04
1.195773243904113770e+00,2.459369041025638580e-02,-2.771604657173156738e-01,-6.671088933944702148e-01,9.999443888664245605e-01,1.292038068640977144e-04
1.105972409248352051e+00,3.380412161350250244e-01,2.132138796150684357e-02,-8.399082422256469727e-01,9.970012903213500977e-01,1.362665498163551092e-04
1.009418129920959473e+00,6.444424986839294434e-01,2.026724964380264282e-01,-5.508123040199279785e-01,9.560051560401916504e-01,9.078870061784982681e-04
1.122897386550903320e+00,4.091104567050933838e-01,-2.836065888404846191e-01,-6.002758741378784180e-01,9.978677034378051758e-01,7.431118865497410297e-05
9.998803138732910156e-01,6.170359849929809570e-01,-2.118855118751525879e-01,-3.471558094024658203e-01,9.871969223022460938e-01,6.133029091870412230e-05
1.054203510284423828e+00,4.252826869487762451e-01,6.283943355083465576e-02,-8.161142468452453613e-01,9.907958507537841797e-01,1.456613827031105757e-04
1.052692055702209473e+00,3.609810471534729004e-01,-1.862315982580184937e-01,-4.542663693428039551e-01,9.977758526802062988e-01,9.989194950321689248e-05
1.155585765838623047e+00,3.862122893333435059e-01,-5.714507102966308594e-01,-6.086918115615844727e-01,9.985763430595397949e-01,3.127501113340258598e-04
1.062774777412414551e+00,3.449423015117645264e-01,-2.780233323574066162e-01,-4.785209298133850098e-01,9.982792139053344727e-01,1.992836914723739028e-04
1.106300830841064453e+00,4.101453423500061035e-01,-3.512335717678070068e-01,-5.697551965713500977e-01,9.979102611541748047e-01,1.254164526471868157e-04
1.002877831459045410e+00,6.161798238754272461e-01,-2.008914351463317871e-01,-3.298773467540740967e-01,9.870073199272155762e-01,5.160292494110763073e-05
1.068832874298095703e+00,4.401292502880096436e-01,-1.430341154336929321e-01,-5.153378844261169434e-01,9.960247278213500977e-01,1.419178588548675179e-04
1.040943980216979980e+00,4.440529644489288330e-01,-1.466760188341140747e-01,-4.806762635707855225e-01,9.959017634391784668e-01,9.837812831392511725e-05
1.169346690177917480e+00,3.578661680221557617e-01,-3.271648883819580078e-01,-6.048659086227416992e-01,9.987522959709167480e-01,1.526305713923648000e-04
1.304827213287353516e+00,2.923846542835235596e-01,-5.238347649574279785e-01,-6.613757610321044922e-01,9.995375275611877441e-01,4.211839695926755667e-04
1.150879859924316406e+00,3.663292527198791504e-01,-3.161860108375549316e-01,-5.817234516143798828e-01,9.985686540603637695e-01,1.518477511126548052e-04
1.013986587524414062e+00,5.435978174209594727e-01,-9.698369540274143219e-03,-4.711622297763824463e-01,9.884812235832214355e-01,1.545416889712214470e-04
2.054047822952270508e+00,-1.312578916549682617e-01,-1.851025074720382690e-01,-1.122394129633903503e-01,9.994415044784545898e-01,2.060838043689727783e-03
1.282268643379211426e+00,1.800479143857955933e-01,3.464858531951904297e-01,-8.343289494514465332e-01,9.972160458564758301e-01,3.895775589626282454e-04
1.040895223617553711e+00,4.375413060188293457e-01,1.009728088974952698e-01,-7.287620902061462402e-01,9.895422458648681641e-01,3.018366114702075720e-04
9.993301630020141602e-01,7.727975845336914062e-01,1.616585105657577515e-01,-3.250860273838043213e-01,8.928060531616210938e-01,5.045360012445598841e-05
1.039844274520874023e+00,4.068861007690429688e-01,-3.470232784748077393e-01,-3.687626719474792480e-01,9.975461363792419434e-01,3.656347398646175861e-04
1.047584772109985352e+00,4.984058737754821777e-01,-3.774440884590148926e-01,-4.814302325248718262e-01,9.959352016448974609e-01,5.827256609336473048e-05
1.006922364234924316e+00,7.273633480072021484e-01,-3.298024833202362061e-02,-2.079126089811325073e-01,9.513741135597229004e-01,3.873673267662525177e-05
1.008749008178710938e+00,5.380147695541381836e-01,-2.783820927143096924e-01,-3.605780005455017090e-01,9.932900667190551758e-01,2.477938869560603052e-05
9.848168492317199707e-01,4.102390706539154053e-01,-1.941578090190887451e-01,-3.398199379444122314e-01,9.962687492370605469e-01,3.058517759200185537e-04
1.143045067787170410e+00,3.934616148471832275e-01,-5.970544219017028809e-01,-6.398275494575500488e-01,9.982502460479736328e-01,5.735932500101625919e-04
1.005166888236999512e+00,7.354327440261840820e-01,1.345591098070144653e-01,-3.804531097412109375e-01,9.308489561080932617e-01,6.538575689774006605e-05
1.004467844963073730e+00,4.421275556087493896e-01,-3.538173437118530273e-01,-3.626530170440673828e-01,9.964407682418823242e-01,7.992638711584731936e-05
1.002416849136352539e+00,7.577481865882873535e-01,1.067674756050109863e-01,-3.133619725704193115e-01,9.196960926055908203e-01,4.025822272524237633e-05
1.250088930130004883e+00,3.126761615276336670e-01,-4.944289922714233398e-01,-6.316827535629272461e-01,9.993677735328674316e-01,3.369182231836020947e-04
1.653103947639465332e+00,-8.793528676033020020e-01,-8.384388685226440430e-01,-5.199572443962097168e-01,8.748415112495422363e-01,5.085373297333717346e-03
1.018305778503417969e+00,4.021773040294647217e-01,-2.145050913095474243e-01,-3.496046066284179688e-01,9.968967437744140625e-01,4.547679418465122581e-05
1.004045724868774414e+00,3.833039999008178711e-01,-2.140292227268218994e-01,-3.161315023899078369e-01,9.970410466194152832e-01,7.160448876675218344e-05
1.090930700302124023e+00,3.731421530246734619e-01,-1.711882278323173523e-02,-8.201584815979003906e-01,9.962179660797119141e-01,1.295786205446347594e-04
1.013249754905700684e+00,7.170763015747070312e-01,-4.170240461826324463e-02,-2.708577811717987061e-01,9.588317275047302246e-01,4.825237192562781274e-05
1.064340591430664062e+00,3.767348229885101318e-01,-2.986871004104614258e-01,-4.707452356815338135e-01,9.979198575019836426e-01,1.539816003059968352e-04
1.071559190750122070e+00,3.842102885246276855e-01,-1.618510037660598755e-01,-5.241255760192871094e-01,9.973378777503967285e-01,7.553720206487923861e-05
1.099848270416259766e+00,3.541238307952880859e-01,-2.375542521476745605e-01,-5.034449696540832520e-01,9.982436299324035645e-01,1.304980978602543473e-04
1.010676264762878418e+00,7.128864526748657227e-01,-5.536724254488945007e-02,-2.361479252576828003e-01,9.599055647850036621e-01,5.172159217181615531e-05
1.004976511001586914e+00,6.929287910461425781e-01,2.513193711638450623e-02,-3.507561683654785156e-01,9.642726182937622070e-01,6.539248715853318572e-05
1.133113384246826172e+00,4.549099504947662354e-01,-2.349206060171127319e-01,-6.476132869720458984e-01,9.967458248138427734e-01,8.411309099756181240e-04
1.001239657402038574e+00,7.597517371177673340e-01,9.755910187959671021e-02,-3.367932736873626709e-01,9.194537401199340820e-01,5.038072049501352012e-05
9.976173043251037598e-01,6.852254271507263184e-01,-1.183706820011138916e-01,-2.275511920452117920e-01,9.705285429954528809e-01,1.057319677784107625e-04
1.147745609283447266e+00,3.152227401733398438e-01,-3.136202991008758545e-01,-5.838492512702941895e-01,9.989513158798217773e-01,1.568266598042100668e-04
9.528306126594543457e-01,5.655692815780639648e-01,-3.822720348834991455e-01,-3.431027531623840332e-01,9.897108078002929688e-01,8.064527064561843872e-04
1.154627442359924316e+00,3.293205797672271729e-01,-6.001486778259277344e-01,-6.136453151702880859e-01,9.987452626228332520e-01,9.765140712261199951e-04
1.247574567794799805e+00,3.343839943408966064e-01,-3.829034864902496338e-01,-6.634910106658935547e-01,9.992387890815734863e-01,2.041364059550687671e-04
1.371543407440185547e+00,1.307071149349212646e-01,-1.977693848311901093e-02,-6.781787872314453125e-01,9.996144175529479980e-01,8.290776167996227741e-04
1.062758326530456543e+00,2.800917625427246094e-01,-1.693866103887557983e-01,-4.242472946643829346e-01,9.986150264739990234e-01,2.179921284550800920e-04
1.019686222076416016e+00,3.866289556026458740e-01,-2.805467247962951660e-01,-4.006648659706115723e-01,9.974045753479003906e-01,1.067991543095558882e-04
1.057504415512084961e+00,4.087447226047515869e-01,-2.502685487270355225e-01,-4.639177918434143066e-01,9.973589181900024414e-01,4.464053199626505375e-05
1.066817641258239746e+00,4.697546064853668213e-01,-1.320009082555770874e-01,-7.379700541496276855e-01,9.949541687965393066e-01,3.501830506138503551e-04
1.000805377960205078e+00,5.602654814720153809e-01,-2.647576630115509033e-01,-4.116804301738739014e-01,9.919801950454711914e-01,3.816809912677854300e-04
1.112087607383728027e+00,4.518249928951263428e-01,-5.162086486816406250e-01,-5.690653324127197266e-01,9.975664019584655762e-01,1.530636800453066826e-04
1.067310571670532227e+00,3.438746929168701172e-01,-2.772187888622283936e-01,-4.629388451576232910e-01,9.982496500015258789e-01,1.447113900212571025e-04
9.993159174919128418e-01,7.713261842727661133e-01,1.572961062192916870e-01,-3.186071813106536865e-01,8.961544036865234375e-01,2.496714296285063028e-05
9.623508453369140625e-01,6.609661579132080078e-01,-3.079539537429809570e-01,-2.583177685737609863e-01,9.783201217651367188e-01,6.098520243540406227e-04
1.056059837341308594e+00,3.589266240596771240e-01,-2.093376964330673218e-01,-4.803147912025451660e-01,9.979202747344970703e-01,1.556983625050634146e-04
1.020195960998535156e+00,4.059206545352935791e-01,-4.928095638751983643e-01,-4.579825401306152344e-01,9.971674084663391113e-01,3.727076982613652945e-04
1.010423183441162109e+00,7.215920686721801758e-01,-3.449918003752827644e-03,-2.606000900268554688e-01,9.533951878547668457e-01,9.336146467830985785e-05
1.334049105644226074e+00,3.243984580039978027e-01,-4.879104793071746826e-01,-7.105671167373657227e-01,9.995134472846984863e-01,1.614294887986034155e-04
1.041320085525512695e+00,3.226895034313201904e-01,-1.934600174427032471e-01,-3.846164643764495850e-01,9.981456398963928223e-01,1.621608244022354484e-04
1.082205414772033691e+00,4.188669919967651367e-01,-3.511183559894561768e-01,-4.568598270416259766e-01,9.975960850715637207e-01,1.430611009709537029e-04
1.059039235115051270e+00,5.022022128105163574e-01,-4.422660470008850098e-01,-5.226866602897644043e-01,9.957865476608276367e-01,4.742561432067304850e-04
1.003904581069946289e+00,4.195806980133056641e-01,-3.698397874832153320e-01,-3.864395320415496826e-01,9.967994093894958496e-01,3.435185935813933611e-04
1.234301209449768066e+00,3.860659897327423096e-01,-5.100452303886413574e-01,-6.536741256713867188e-01,9.990927577018737793e-01,6.040110019966959953e-04
1.557274103164672852e+00,2.719340026378631592e-01,-4.817835092544555664e-01,-7.978817224502563477e-01,9.998469948768615723e-01,9.732220205478370190e-04
1.144600391387939453e+00,3.549272716045379639e-01,-2.389966249465942383e-01,-5.881292819976806641e-01,9.984132647514343262e-01,3.470586088951677084e-04
1.179976463317871094e+00,3.780067265033721924e-01,-3.953622281551361084e-01,-6.241602897644042969e-01,9.987941384315490723e-01,1.638313842704519629e-04
1.059233307838439941e+00,4.230992794036865234e-01,-3.757954537868499756e-01,-4.624027013778686523e-01,9.974473714828491211e-01,3.132296114927157760e-05
1.022086262702941895e+00,3.553937673568725586e-01,-2.011526823043823242e-01,-3.708387315273284912e-01,9.976804852485656738e-01,1.089595389203168452e-04
1.011926174163818359e+00,5.548062324523925781e-01,-1.777972579002380371e-01,-3.326495289802551270e-01,9.913997650146484375e-01,9.678003698354586959e-05
9.996949434280395508e-01,6.724952459335327148e-01,-2.362689077854156494e-01,-2.504503726959228516e-01,9.771614074707031250e-01,9.806088928598910570e-05
1.020688533782958984e+00,3.359255194664001465e-01,-1.665959358215332031e-01,-3.453435897827148438e-01,9.977970123291015625e-01,1.754905533744022250e-04
1.044950366020202637e+00,4.655100107192993164e-01,-4.959935247898101807e-01,-4.965007007122039795e-01,9.966842532157897949e-01,1.244759478140622377e-04
1.023123264312744141e+00,6.620966196060180664e-01,-1.854477375745773315e-01,-3.066084682941436768e-01,9.813939332962036133e-01,1.027301259455271065e-04
1.008759260177612305e+00,6.585885286331176758e-01,7.990314811468124390e-02,-3.756732046604156494e-01,9.693008661270141602e-01,6.334793579299002886e-05
9.999492168426513672e-01,4.706957340240478516e-01,-4.856286644935607910e-01,-4.102911651134490967e-01,9.959099888801574707e-01,1.350064121652394533e-04
1.087852597236633301e+00,3.896042704582214355e-01,-2.486310452222824097e-01,-5.047991275787353516e-01,9.978038668632507324e-01,9.938582661561667919e-05
1.093023419380187988e+00,4.545021951198577881e-01,-3.263842761516571045e-01,-5.371071100234985352e-01,9.972146749496459961e-01,8.788562263362109661e-05
1.021502852439880371e+00,5.775703191757202148e-01,-1.498132571578025818e-02,-4.575145840644836426e-01,9.860523939132690430e-01,1.388726814184337854e-04
9.905253648757934570e-01,5.654994249343872070e-01,-3.268954455852508545e-01,-4.296293258666992188e-01,9.916537404060363770e-01,4.446900857146829367e-04
1.090836286544799805e+00,3.041710555553436279e-01,-2.782578170299530029e-01,-4.908688962459564209e-01,9.987435936927795410e-01,2.249671088065952063e-04
1.061733126640319824e+00,3.654170036315917969e-01,-4.106252491474151611e-01,-4.505796432495117188e-01,9.981574416160583496e-01,1.249185734195634723e-04
1.032107710838317871e+00,2.875477373600006104e-01,-1.100729927420616150e-01,-3.903830945491790771e-01,9.982390403747558594e-01,2.216723078163340688e-04
1.017233371734619141e+00,3.032514750957489014e-01,-1.151425391435623169e-01,-3.605380058288574219e-01,9.979742765426635742e-01,2.173818647861480713e-04
1.022267580032348633e+00,4.103031456470489502e-01,-2.131425440311431885e-01,-4.205406904220581055e-01,9.969160556793212891e-01,8.368571434402838349e-05
1.193744182586669922e+00,4.090045392513275146e-01,-3.934290707111358643e-01,-6.530677080154418945e-01,9.985165596008300781e-01,1.206852030009031296e-04
1.060411930084228516e+00,4.281165897846221924e-01,-3.978169560432434082e-01,-4.514677524566650391e-01,9.973559975624084473e-01,4.248441837262362242e-05
1.037178516387939453e+00,5.101543664932250977e-01,-3.086427450180053711e-01,-4.494915902614593506e-01,9.951797723770141602e-01,2.550560566305648535e-05
1.045495152473449707e+00,4.739266335964202881e-01,-2.148183286190032959e-01,-5.138558745384216309e-01,9.958130717277526855e-01,1.163487759185954928e-04
1.038406014442443848e+00,2.651736438274383545e-01,-1.031804010272026062e-01,-3.699416816234588623e-01,9.984227418899536133e-01,2.261240588268265128e-04
1.019024968147277832e+00,2.793059349060058594e-01,-7.199662923812866211e-02,-3.512942194938659668e-01,9.980974793434143066e-01,4.419120086822658777e-04
1.016990900039672852e+00,3.705960512161254883e-01,-2.192446887493133545e-01,-3.393126726150512695e-01,9.973968863487243652e-01,6.961753388168290257e-05
1.061211943626403809e+00,4.438795745372772217e-01,-2.728468477725982666e-01,-5.249843001365661621e-01,9.969352483749389648e-01,1.002023127512075007e-04
1.059028029441833496e+00,3.621743023395538330e-01,-3.189646005630493164e-01,-4.430414140224456787e-01,9.981311559677124023e-01,7.555243792012333870e-05
1.093891859054565430e+00,4.339369535446166992e-01,-3.039737641811370850e-01,-5.206038951873779297e-01,9.974387884140014648e-01,1.616330700926482677e-04
1.044196844100952148e+00,4.202762246131896973e-01,-2.541907131671905518e-01,-4.269449710845947266e-01,9.970103502273559570e-01,2.812030652421526611e-05
1.103583335876464844e+00,4.352651238441467285e-01,-2.970262765884399414e-01,-5.376755595207214355e-01,9.974174499511718750e-01,2.453568740747869015e-04
1.043964147567749023e+00,2.855411171913146973e-01,-1.523509174585342407e-01,-3.772002458572387695e-01,9.984260201454162598e-01,1.235888776136562228e-04
1.037779450416564941e+00,2.523757815361022949e-01,-1.028801947832107544e-01,-3.636615574359893799e-01,9.985185861587524414e-01,1.607547455932945013e-04
1.059930324554443359e+00,5.293263196945190430e-01,-1.703415662050247192e-01,-6.876227259635925293e-01,9.928862452507019043e-01,1.700567227089777589e-04
1.029189229011535645e+00,3.804222345352172852e-01,-2.811471521854400635e-01,-4.040749371051788330e-01,9.975601434707641602e-01,8.142610749928280711e-05
1.083348035812377930e+00,3.071449995040893555e-01,-2.806006968021392822e-01,-4.702436923980712891e-01,9.986840486526489258e-01,2.027083100983873010e-04
1.064450025558471680e+00,3.914550840854644775e-01,-1.632941812276840210e-01,-4.743651151657104492e-01,9.971849322319030762e-01,1.237730029970407486e-04
1.026481509208679199e+00,4.182819724082946777e-01,-2.781297862529754639e-01,-4.002698361873626709e-01,9.969317317008972168e-01,3.433489109738729894e-05
1.066745758056640625e+00,4.449702501296997070e-01,-4.464035108685493469e-02,-7.638218998908996582e-01,9.939156174659729004e-01,1.607924641575664282e-04
1.010903358459472656e+00,6.781980991363525391e-01,-3.262478392571210861e-03,-5.007792711257934570e-01,9.697456955909729004e-01,1.755546400090679526e-04
1.012793302536010742e+00,6.119251847267150879e-01,2.314415015280246735e-02,-4.065150022506713867e-01,9.808955192565917969e-01,1.138273364631459117e-04
1.010934352874755859e+00,5.535024404525756836e-01,-2.030664384365081787e-01,-5.095937252044677734e-01,9.921380281448364258e-01,1.570335880387574434e-04
1.111953854560852051e+00,5.502884387969970703e-01,-3.546236753463745117e-01,-5.735687017440795898e-01,9.952844381332397461e-01,7.117612403817474842e-04
1.034781336784362793e+00,3.861834704875946045e-01,-1.293845027685165405e-01,-4.393795728683471680e-01,9.969512820243835449e-01,1.330671657342463732e-04
1.100553870201110840e+00,4.622398018836975098e-01,-6.685276329517364502e-02,-7.233459949493408203e-01,9.920324087142944336e-01,2.054421463981270790e-03
1.190520048141479492e+00,4.043703377246856689e-01,-4.618735909461975098e-01,-5.985674262046813965e-01,9.986544847488403320e-01,3.387200122233480215e-04
1.136752486228942871e+00,3.325762450695037842e-01,-3.665482401847839355e-01,-5.785207748413085938e-01,9.988051652908325195e-01,3.503120096866041422e-04
1.038934946060180664e+00,6.047283411026000977e-01,-2.026267647743225098e-01,-3.907811939716339111e-01,9.892797470092773438e-01,1.885681413114070892e-04
1.117912173271179199e+00,3.381104469299316406e-01,-4.173082113265991211e-01,-4.748462140560150146e-01,9.988205432891845703e-01,4.706167383119463921e-04
1.024664998054504395e+00,6.796575188636779785e-01,-1.671885102987289429e-01,-4.300345778465270996e-01,9.781365394592285156e-01,1.454630400985479355e-04
7.873608469963073730e-01,-7.930893898010253906e-01,-3.469929397106170654e-01,-5.485291481018066406e-01,9.443607926368713379e-01,6.643079331070111948e-08
1.131630897521972656e+00,4.491516053676605225e-01,-5.085766315460205078e-01,-5.948638916015625000e-01,9.978117346763610840e-01,1.504896790720522404e-04
1.156169772148132324e+00,3.679175972938537598e-01,-3.144511580467224121e-01,-6.647056341171264648e-01,9.985999464988708496e-01,3.991205303464084864e-04
1.076918721199035645e+00,3.391907811164855957e-01,-3.501788973808288574e-01,-4.914383590221405029e-01,9.984408020973205566e-01,2.186342753702774644e-04
1.038270831108093262e+00,3.743383288383483887e-01,-4.642114937305450439e-01,-4.303845763206481934e-01,9.978839755058288574e-01,1.025706951622851193e-04
1.031531214714050293e+00,4.501387774944305420e-01,1.470871716737747192e-01,-8.301160931587219238e-01,9.829208254814147949e-01,2.059332036878913641e-04
1.031445503234863281e+00,3.709145486354827881e-01,-2.330963015556335449e-01,-4.287422001361846924e-01,9.976012706756591797e-01,1.966569543583318591e-04
9.988974332809448242e-01,4.955691099166870117e-01,-3.802956640720367432e-01,-3.295881748199462891e-01,9.947360157966613770e-01,1.179257378680631518e-04
9.817139506340026855e-01,6.097862720489501953e-01,-3.695991933345794678e-01,-3.209902346134185791e-01,9.879769086837768555e-01,1.306056947214528918e-04
1.078145027160644531e+00,3.398979008197784424e-01,-4.267761409282684326e-01,-4.591708481311798096e-01,9.985601902008056641e-01,1.699552813079208136e-04
9.980750679969787598e-01,4.063600897789001465e-01,-1.936412304639816284e-01,-3.511611223220825195e-01,9.965385198593139648e-01,1.507834240328520536e-04
1.026879906654357910e+00,4.893027842044830322e-01,-3.037300109863281250e-01,-4.118353128433227539e-01,9.955245852470397949e-01,3.405149254831485450e-05
1.007766246795654297e+00,7.876555919647216797e-01,-3.914229944348335266e-02,-1.245220676064491272e-01,8.876754641532897949e-01,1.050205319188535213e-04
1.379139661788940430e+00,3.033173680305480957e-01,-4.670380353927612305e-01,-7.484188079833984375e-01,9.996305108070373535e-01,4.378322337288409472e-04
1.011549115180969238e+00,5.416891574859619141e-01,-2.589606344699859619e-01,-4.354637563228607178e-01,9.933399558067321777e-01,5.041991244070231915e-05
1.161012053489685059e+00,4.045068025588989258e-01,-3.822283446788787842e-01,-6.018412113189697266e-01,9.984138011932373047e-01,9.991096885642036796e-05
1.042948961257934570e+00,4.221121966838836670e-01,1.004255264997482300e-01,-8.070113658905029297e-01,9.893909096717834473e-01,1.408107928000390530e-04
1.028127908706665039e+00,4.618321061134338379e-01,-3.346403241157531738e-01,-4.565257132053375244e-01,9.963596463203430176e-01,1.558008952997624874e-04
1.034479737281799316e+00,3.804175555706024170e-01,-3.613150119781494141e-01,-4.498949050903320312e-01,9.977135658264160156e-01,2.769902057480067015e-04
1.020350694656372070e+00,6.484572887420654297e-01,-2.025412023067474365e-01,-2.981691658496856689e-01,9.833521246910095215e-01,9.260010119760408998e-05
1.029163718223571777e+00,4.147208333015441895e-01,-2.574238181114196777e-01,-3.729321360588073730e-01,9.969426989555358887e-01,3.281226599938236177e-05
1.206504106521606445e+00,3.724348843097686768e-01,-4.786958098411560059e-01,-6.533181667327880859e-01,9.989178180694580078e-01,1.841787598095834255e-04
1.154916167259216309e+00,4.054731428623199463e-01,-4.896666407585144043e-01,-6.017811298370361328e-01,9.985385537147521973e-01,2.535451203584671021e-04
9.265856146812438965e-01,6.760129928588867188e-01,-3.388534486293792725e-01,-2.015376687049865723e-01,9.666328430175781250e-01,9.446410695090889931e-04
1.084964752197265625e+00,3.831889629364013672e-01,-5.140196681022644043e-01,-5.421754121780395508e-01,9.980915188789367676e-01,2.589074720162898302e-04
1.107393980026245117e+00,4.147318005561828613e-01,-3.240309357643127441e-01,-5.729696154594421387e-01,9.979348778724670410e-01,7.761090819258242846e-05
1.484175324440002441e+00,-9.324436783790588379e-01,-8.775430917739868164e-01,-4.464834928512573242e-01,8.880723714828491211e-01,1.746874186210334301e-03
1.067083954811096191e+00,4.800049662590026855e-01,-2.461077868938446045e-01,-5.851233005523681641e-01,9.959936738014221191e-01,8.162937592715024948e-05
1.026821017265319824e+00,3.982689082622528076e-01,-2.812045812606811523e-01,-4.119098484516143799e-01,9.973365664482116699e-01,4.829165118280798197e-05
1.131303191184997559e+00,2.953137457370758057e-01,1.764217205345630646e-02,-8.249087929725646973e-01,9.980931282043457031e-01,1.249453198397532105e-04
1.024141192436218262e+00,5.142039060592651367e-01,-9.916877001523971558e-02,-5.575765967369079590e-01,9.923323392868041992e-01,9.857113764155656099e-05
1.191573858261108398e+00,3.570036590099334717e-01,-3.668029010295867920e-01,-6.199679374694824219e-01,9.989227056503295898e-01,2.566969196777790785e-04
1.064743876457214355e+00,3.856561183929443359e-01,-5.471870303153991699e-01,-5.179718732833862305e-01,9.978350996971130371e-01,4.591876640915870667e-04
1.339691877365112305e+00,1.675182133913040161e-01,-6.767957238480448723e-04,-7.513881921768188477e-01,9.995310902595520020e-01,4.664088482968509197e-04
1.075568914413452148e+00,3.133514821529388428e-01,-3.442427217960357666e-01,-4.879917204380035400e-01,9.985654950141906738e-01,6.971597904339432716e-04
1.216648221015930176e+00,2.503632903099060059e-01,1.601769030094146729e-02,-8.418060541152954102e-01,9.989868402481079102e-01,3.159602347295731306e-04
1.052029490470886230e+00,3.703404664993286133e-01,-1.802954077720642090e-01,-4.354285001754760742e-01,9.975827336311340332e-01,4.729801003122702241e-05
1.031594276428222656e+00,3.652296364307403564e-01,-4.632235467433929443e-01,-4.354797303676605225e-01,9.978402853012084961e-01,2.314918092451989651e-04
1.022184967994689941e+00,4.719268083572387695e-01,-2.551123797893524170e-01,-4.107675254344940186e-01,9.957458376884460449e-01,6.120619218563660979e-05
1.186372995376586914e+00,3.955705463886260986e-01,-1.815215796232223511e-01,-7.408040761947631836e-01,9.974324107170104980e-01,2.198907081037759781e-03
1.079578161239624023e+00,3.878000676631927490e-01,-1.648126095533370972e-01,-5.492080450057983398e-01,9.973552227020263672e-01,1.108670694520696998e-04
1.196407556533813477e+00,4.196277260780334473e-01,-4.740968346595764160e-01,-6.059445142745971680e-01,9.985989332199096680e-01,4.254803061485290527e-04
1.186788439750671387e+00,2.573147118091583252e-01,-4.059684649109840393e-02,-7.781808972358703613e-01,9.990186691284179688e-01,1.946696283994242549e-04
1.066086530685424805e+00,4.802975654602050781e-01,-2.199239730834960938e-01,-5.836166143417358398e-01,9.957149028778076172e-01,7.583114347653463483e-05
1.008573293685913086e+00,7.019180059432983398e-01,-1.126056388020515442e-01,-3.446130156517028809e-01,9.699480533599853516e-01,5.106699245516210794e-05
1.110283970832824707e+00,4.261017739772796631e-01,-3.287361264228820801e-01,-6.248167157173156738e-01,9.977937340736389160e-01,1.474067539675161242e-04
1.007076740264892578e+00,6.688947677612304688e-01,-5.532163660973310471e-03,-3.589760363101959229e-01,9.727876782417297363e-01,4.731242734123952687e-05
1.008337616920471191e+00,3.744925856590270996e-01,-2.666603326797485352e-01,-3.643723130226135254e-01,9.974319338798522949e-01,8.193882240448147058e-05
1.018219590187072754e+00,6.702917814254760742e-01,-1.584004461765289307e-01,-3.148297667503356934e-01,9.792144298553466797e-01,5.950327977188862860e-05
1.222665667533874512e+00,3.147543668746948242e-01,-5.344024896621704102e-01,-6.620113253593444824e-01,9.991416931152343750e-01,2.085983986034989357e-03
9.985131621360778809e-01,4.746056497097015381e-01,-1.670420616865158081e-01,-4.212027788162231445e-01,9.947577714920043945e-01,1.874654262792319059e-04
1.096585869789123535e+00,4.849440157413482666e-01,-2.991711497306823730e-01,-5.799259543418884277e-01,9.963451027870178223e-01,4.172783519607037306e-04
1.074622988700866699e+00,3.741589188575744629e-01,-1.236281096935272217e-01,-6.591712236404418945e-01,9.974468946456909180e-01,1.919611677294597030e-04
1.208005070686340332e+00,3.514447510242462158e-01,-2.642014026641845703e-01,-7.425777316093444824e-01,9.988638758659362793e-01,2.431220200378447771e-04
1.070973515510559082e+00,4.194732606410980225e-01,-3.776096701622009277e-01,-4.628086984157562256e-01,9.978216886520385742e-01,3.150930569972842932e-04
1.134828448295593262e+00,4.018872976303100586e-01,-3.330789506435394287e-01,-6.142918467521667480e-01,9.981991648674011230e-01,8.712199633009731770e-05
1.003773450851440430e+00,7.470059990882873535e-01,-8.061834424734115601e-02,-1.637150496244430542e-01,9.405112862586975098e-01,4.646325396606698632e-05
1.009156942367553711e+00,6.247761249542236328e-01,1.054417937994003296e-01,-6.560394167900085449e-01,9.668369889259338379e-01,1.279871794395148754e-04
1.018782854080200195e+00,2.644801139831542969e-01,-5.994011089205741882e-02,-3.416921198368072510e-01,9.981452822685241699e-01,4.576101200655102730e-04
1.048664689064025879e+00,4.877546131610870361e-01,-1.989810466766357422e-01,-4.343228638172149658e-01,9.950665831565856934e-01,9.190083801513537765e-05
1.045631766319274902e+00,3.158908784389495850e-01,-2.454951703548431396e-01,-4.112040400505065918e-01,9.983659386634826660e-01,1.904853561427444220e-04
1.065264105796813965e+00,3.587322831153869629e-01,-2.987129986286163330e-01,-4.705739617347717285e-01,9.981858134269714355e-01,8.578283450333401561e-05
1.028214693069458008e+00,4.823297262191772461e-01,-2.911619246006011963e-01,-3.515392541885375977e-01,9.954993128776550293e-01,8.455877832602709532e-05
1.145072817802429199e+00,3.682484030723571777e-01,-2.924959659576416016e-01,-5.990551710128784180e-01,9.985021948814392090e-01,7.854781142668798566e-05
1.044082522392272949e+00,3.225533664226531982e-01,-1.828987747430801392e-01,-4.279219508171081543e-01,9.981636404991149902e-01,9.193772712023928761e-05
1.001513957977294922e+00,7.648193836212158203e-01,2.480962276458740234e-01,-3.239338397979736328e-01,8.827064633369445801e-01,1.596540969330817461e-04
1.035647988319396973e+00,3.127730786800384521e-01,-1.860385984182357788e-01,-4.145081937313079834e-01,9.981696009635925293e-01,2.779475762508809566e-04
1.029646754264831543e+00,3.256940841674804688e-01,-1.606360226869583130e-01,-4.071066975593566895e-01,9.979535341262817383e-01,1.999600062845274806e-04
1.038866281509399414e+00,4.688991606235504150e-01,-2.771078646183013916e-01,-4.498296082019805908e-01,9.960713386535644531e-01,5.203119872021488845e-05
1.190828204154968262e+00,3.312311172485351562e-01,-3.794700503349304199e-01,-6.380767822265625000e-01,9.990400671958923340e-01,4.598429950419813395e-04
1.102744936943054199e+00,4.820154905319213867e-01,-2.177156955003738403e-01,-5.782006978988647461e-01,9.957930445671081543e-01,7.103768293745815754e-04
1.039414525032043457e+00,4.792745411396026611e-01,-2.525717020034790039e-01,-4.142869114875793457e-01,9.956739544868469238e-01,3.728874071384780109e-05
1.064118266105651855e+00,3.184329569339752197e-01,-2.583375871181488037e-01,-4.595060944557189941e-01,9.984790682792663574e-01,2.157985290978103876e-04
1.117127537727355957e+00,3.514809012413024902e-01,-2.204000949859619141e-01,-5.364187955856323242e-01,9.982656836509704590e-01,2.716422604862600565e-04
1.071095228195190430e+00,4.149195551872253418e-01,-1.583322286605834961e-01,-5.102698802947998047e-01,9.967948198318481445e-01,1.310781372012570500e-04
1.054767489433288574e+00,4.287873804569244385e-01,-2.794185280799865723e-01,-4.679532945156097412e-01,9.970657825469970703e-01,5.589874490397050977e-05
1.033231019973754883e+00,4.863048791885375977e-01,-3.196452558040618896e-01,-4.382759928703308105e-01,9.957628846168518066e-01,4.560330125968903303e-05
1.119706273078918457e+00,3.813491463661193848e-01,-2.842257618904113770e-01,-5.515358448028564453e-01,9.981772303581237793e-01,1.228482869919389486e-04
1.205311894416809082e+00,4.073530733585357666e-01,-4.020301997661590576e-01,-6.302388906478881836e-01,9.986009001731872559e-01,4.170714528299868107e-04
1.012353062629699707e+00,5.178021192550659180e-01,-2.238651812076568604e-01,-5.266438722610473633e-01,9.938803315162658691e-01,2.646725333761423826e-04
1.009496092796325684e+00,7.631718516349792480e-01,-7.059396803379058838e-02,-1.337358206510543823e-01,9.222160577774047852e-01,4.521603841567412019e-05
1.031141161918640137e+00,4.629672765731811523e-01,-2.744825184345245361e-01,-5.128736495971679688e-01,9.961415529251098633e-01,3.412376390770077705e-04
1.135384917259216309e+00,3.247812688350677490e-01,-2.802698314189910889e-01,-6.100341081619262695e-01,9.988079667091369629e-01,4.368978261481970549e-04
1.042645812034606934e+00,3.648105859756469727e-01,-2.889355123043060303e-01,-4.581086933612823486e-01,9.978852868080139160e-01,2.849730954039841890e-04
1.081325888633728027e+00,3.731044530868530273e-01,-2.845837175846099854e-01,-5.191686749458312988e-01,9.981372952461242676e-01,8.379792416235432029e-05
1.220369219779968262e+00,3.211952149868011475e-01,-3.954752683639526367e-01,-6.596450209617614746e-01,9.991923570632934570e-01,6.412694347091019154e-04
1.101352453231811523e+00,4.709912538528442383e-01,-2.591780424118041992e-01,-5.870798826217651367e-01,9.964760541915893555e-01,1.076962580555118620e-04
1.024803996086120605e+00,4.921284914016723633e-01,-2.868053317070007324e-01,-3.790712356567382812e-01,9.953500628471374512e-01,1.971625533769838512e-05
1.063078165054321289e+00,4.858626127243041992e-01,-2.396405339241027832e-01,-4.781528115272521973e-01,9.956396818161010742e-01,8.970202179625630379e-05
1.099761486053466797e+00,4.044151008129119873e-01,-3.606465756893157959e-01,-5.427172183990478516e-01,9.980455040931701660e-01,5.290237095323391259e-05
1.027117133140563965e+00,5.531265735626220703e-01,-2.282059639692306519e-01,-4.678601920604705811e-01,9.928846359252929688e-01,4.545018600765615702e-05
1.024657011032104492e+00,5.150933861732482910e-01,-2.972391843795776367e-01,-4.344395399093627930e-01,9.948101639747619629e-01,2.557803600211627781e-05
9.507608413696289062e-01,5.785306692123413086e-01,-3.886973261833190918e-01,-2.766695022583007812e-01,9.881529808044433594e-01,4.741749435197561979e-04
1.103489398956298828e+00,4.082919359207153320e-01,-4.298600554466247559e-01,-5.251284241676330566e-01,9.982141852378845215e-01,9.278829384129494429e-05
1.053092718124389648e+00,5.653141736984252930e-01,-1.351656019687652588e-01,-4.952108263969421387e-01,9.906405806541442871e-01,5.006439751014113426e-04
1.017594218254089355e+00,5.454802513122558594e-01,-2.166600227355957031e-01,-4.035758972167968750e-01,9.927806258201599121e-01,2.707888233999256045e-05
1.011698007583618164e+00,4.476313591003417969e-01,-4.047790169715881348e-01,-4.978272914886474609e-01,9.962112307548522949e-01,1.380420406349003315e-03
1.044002532958984375e+00,5.947234630584716797e-01,-3.596381545066833496e-01,-4.977349936962127686e-01,9.924461841583251953e-01,8.562055882066488266e-05
1.069795727729797363e+00,5.582559108734130859e-01,-2.345002740621566772e-01,-5.294767022132873535e-01,9.930822253227233887e-01,2.608813229016959667e-04
1.070292234420776367e+00,3.048385083675384521e-01,-1.788629442453384399e-01,-4.636456966400146484e-01,9.984979033470153809e-01,1.394750142935663462e-04
1.045962095260620117e+00,4.875034391880035400e-01,-3.032070398330688477e-01,-4.574518501758575439e-01,9.958428740501403809e-01,3.111971091129817069e-05
1.005151867866516113e+00,7.209439873695373535e-01,7.272033393383026123e-02,-3.324694037437438965e-01,9.494208097457885742e-01,5.320456693880259991e-05
1.064496636390686035e+00,3.585355877876281738e-01,-3.732869625091552734e-01,-4.602902233600616455e-01,9.982116818428039551e-01,9.515702549833804369e-05
1.081838846206665039e+00,4.870868921279907227e-01,-3.368166387081146240e-01,-5.823803544044494629e-01,9.963697791099548340e-01,1.986381830647587776e-04
1.038157343864440918e+00,3.842514157295227051e-01,-3.247217237949371338e-01,-4.309426844120025635e-01,9.976719021797180176e-01,1.009272455121390522e-04
1.060361385345458984e+00,5.729295015335083008e-01,-3.783580958843231201e-01,-4.606077373027801514e-01,9.938579797744750977e-01,3.129031974822282791e-04
1.014222383499145508e+00,4.296664595603942871e-01,-2.108612209558486938e-01,-4.098612666130065918e-01,9.964146614074707031e-01,9.505359048489481211e-05
1.045813202857971191e+00,3.485549390316009521e-01,-2.339512854814529419e-01,-4.349783062934875488e-01,9.980247616767883301e-01,1.425349328201264143e-04
1.035449266433715820e+00,4.610020220279693604e-01,-2.398044466972351074e-01,-4.181714951992034912e-01,9.959994554519653320e-01,3.027566708624362946e-05
1.001475214958190918e+00,4.199275970458984375e-01,-3.402347862720489502e-01,-3.578163981437683105e-01,9.967966675758361816e-01,9.433450031792744994e-05
1.059378266334533691e+00,3.318008780479431152e-01,-5.337118357419967651e-02,-4.599453508853912354e-01,9.974000453948974609e-01,6.242003291845321655e-04
1.035245537757873535e+00,4.674489796161651611e-01,-1.902277320623397827e-01,-6.283925175666809082e-01,9.956141710281372070e-01,6.061295280233025551e-04
1.172667980194091797e+00,3.315534293651580811e-01,-1.066229939460754395e-01,-8.090279698371887207e-01,9.984685182571411133e-01,1.566787541378289461e-04
1.041388869285583496e+00,3.605518937110900879e-01,1.351650953292846680e-01,-8.259862661361694336e-01,9.930478334426879883e-01,4.102703824173659086e-04
1.012219905853271484e+00,5.698239803314208984e-01,-2.242528945207595825e-01,-4.194872975349426270e-01,9.914667606353759766e-01,5.730237535317428410e-05
1.158955693244934082e+00,3.924829363822937012e-01,-3.453627824783325195e-01,-7.140800952911376953e-01,9.983084797859191895e-01,1.111509976908564568e-03
1.001297950744628906e+00,7.316752672195434570e-01,-7.771679759025573730e-02,-1.966502964496612549e-01,9.514089822769165039e-01,3.798473335336893797e-05
