1.043767333030700684e+00,-5.840488243848085403e-03,3.162957355380058289e-02,9.602119922637939453e-01,3.867149651050567627e-01,2.452209300827234983e-04
1.019138216972351074e+00,-2.930395603179931641e-01,-1.193900555372238159e-01,9.089117050170898438e-01,5.988199710845947266e-01,6.347149610519409180e-04
1.001416921615600586e+00,6.509192287921905518e-02,-1.803148388862609863e-01,8.929003477096557617e-01,5.899069309234619141e-01,1.157394654001109302e-04
9.838244318962097168e-01,-1.179111376404762268e-01,-3.999782800674438477e-01,8.580515384674072266e-01,6.723988056182861328e-01,1.201910126837901771e-04
1.012817502021789551e+00,-8.657446503639221191e-02,1.069615408778190613e-02,9.436327219009399414e-01,4.650935828685760498e-01,1.638353132875636220e-04
9.966877698898315430e-01,2.040171623229980469e-02,-2.887592911720275879e-01,9.355918169021606445e-01,4.815861284732818604e-01,9.414480882696807384e-05
1.016805768013000488e+00,3.359516263008117676e-01,-3.250736594200134277e-01,8.634390830993652344e-01,6.754858493804931641e-01,2.443208650220185518e-04
1.002178549766540527e+00,1.189176291227340698e-01,-2.935914695262908936e-01,9.292326569557189941e-01,5.152711272239685059e-01,1.608566672075539827e-04
9.959560632705688477e-01,1.276574730873107910e-01,-2.486048191785812378e-01,8.906229138374328613e-01,6.103379726409912109e-01,7.292693044291809201e-05
9.872382879257202148e-01,-1.269960701465606689e-01,-4.088210165500640869e-01,8.563327789306640625e-01,6.646930575370788574e-01,1.057866465998813510e-04
1.007590174674987793e+00,-5.650094896554946899e-02,-2.224466502666473389e-01,9.123138785362243652e-01,5.491561889648437500e-01,2.397714270045980811e-04
9.932280182838439941e-01,-4.255691170692443848e-02,-2.780800163745880127e-01,9.244554638862609863e-01,5.296943187713623047e-01,8.331571007147431374e-05
1.028761506080627441e+00,1.443691104650497437e-01,-1.644023656845092773e-01,8.863671422004699707e-01,5.778222084045410156e-01,1.109367076423950493e-04
1.101029276847839355e+00,3.782513439655303955e-01,-1.839784681797027588e-01,8.609147071838378906e-01,6.239532828330993652e-01,2.397898933850228786e-04
1.031299114227294922e+00,1.290227174758911133e-01,-1.813965290784835815e-01,8.869837522506713867e-01,5.752100944519042969e-01,1.219581026816740632e-04
9.895294904708862305e-01,-1.927541792392730713e-01,-2.480921149253845215e-01,9.182722568511962891e-01,5.633152127265930176e-01,3.343148855492472649e-04
1.386651396751403809e+00,-1.433228142559528351e-02,-4.193742573261260986e-01,9.945383071899414062e-01,-2.370754182338714600e-01,2.992664696648716927e-03
1.253231406211853027e+00,-2.351043000817298889e-02,1.890317201614379883e-01,9.838584065437316895e-01,1.255003511905670166e-01,7.114348118193447590e-04
1.034400105476379395e+00,-1.264227479696273804e-01,-6.765251606702804565e-02,9.501465559005737305e-01,4.336994588375091553e-01,2.304222725797444582e-04
1.004272818565368652e+00,-3.670637309551239014e-01,-2.026652544736862183e-01,8.339731693267822266e-01,7.631567120552062988e-01,7.155498315114527941e-05
1.017395973205566406e+00,1.392284780740737915e-01,-4.159297049045562744e-01,8.794223666191101074e-01,5.676122903823852539e-01,5.245833890512585640e-04
9.879418015480041504e-01,8.861724287271499634e-02,-3.442643284797668457e-01,8.703270554542541504e-01,6.743388772010803223e-01,5.098325709695927799e-05
1.003129720687866211e+00,-2.902429699897766113e-01,-4.050939679145812988e-01,8.086286783218383789e-01,7.011966705322265625e-01,4.605716094374656677e-05
9.886752963066101074e-01,-1.997278258204460144e-02,-4.257836341857910156e-01,8.746272325515747070e-01,6.286962032318115234e-01,4.706755862571299076e-05
9.791655540466308594e-01,1.262292265892028809e-02,-3.960192799568176270e-01,9.256363511085510254e-01,5.048850774765014648e-01,4.739966534543782473e-04
9.666705727577209473e-01,3.050881028175354004e-01,-3.494349420070648193e-01,8.955598473548889160e-01,6.665616035461425781e-01,1.239951234310865402e-03
1.000059723854064941e+00,-3.386892676353454590e-01,-1.635054051876068115e-01,8.441581726074218750e-01,7.567124366760253906e-01,1.208487883559428155e-04
9.834350943565368652e-01,1.124113798141479492e-01,-4.491233527660369873e-01,8.891667127609252930e-01,6.002932190895080566e-01,1.003023862722329795e-04
1.001015305519104004e+00,-3.349839448928833008e-01,-2.562532722949981689e-01,8.341355323791503906e-01,7.441304326057434082e-01,4.408749009598977864e-05
1.090124130249023438e+00,3.345355093479156494e-01,-1.799299418926239014e-01,8.507193326950073242e-01,6.305838227272033691e-01,2.667900116648525000e-04
1.440340161323547363e+00,-6.992653012275695801e-02,-4.426403343677520752e-01,9.981598854064941406e-01,-9.559058547019958496e-01,4.413584712892770767e-03
9.941772818565368652e-01,1.202537305653095245e-02,-3.911040127277374268e-01,9.211428165435791016e-01,5.125818848609924316e-01,6.963930354686453938e-05
9.906837344169616699e-01,2.716379612684249878e-02,-4.171268641948699951e-01,9.253189563751220703e-01,4.906996786594390869e-01,8.567376062273979187e-05
1.010061025619506836e+00,-1.859878003597259521e-02,1.529905200004577637e-02,9.479882121086120605e-01,4.532768726348876953e-01,2.375205658609047532e-04
1.001845955848693848e+00,-2.624440193176269531e-01,-3.649505674839019775e-01,8.311096429824829102e-01,7.105066776275634766e-01,4.123950930079445243e-05
9.994590282440185547e-01,1.060662120580673218e-01,-3.145340979099273682e-01,9.143627882003784180e-01,5.528048276901245117e-01,5.717279782402329147e-05
1.005891442298889160e+00,3.528356784954667091e-03,-2.212460935115814209e-01,9.270786643028259277e-01,5.034132003784179688e-01,1.333214459009468555e-04
1.018183946609497070e+00,6.169503927230834961e-02,-2.471856474876403809e-01,9.223362207412719727e-01,5.125064253807067871e-01,1.502858794992789626e-04
1.002473354339599609e+00,-2.647866308689117432e-01,-4.019705057144165039e-01,8.240028023719787598e-01,6.916784048080444336e-01,2.272475467179901898e-05
9.962494969367980957e-01,-2.749359011650085449e-01,-2.686317861080169678e-01,8.514919281005859375e-01,7.053097486495971680e-01,8.089002221822738647e-05
1.037689685821533203e+00,7.029827684164047241e-02,-4.895837232470512390e-02,8.332503437995910645e-01,6.634992361068725586e-01,3.396204847376793623e-04
9.997332692146301270e-01,-3.334924578666687012e-01,-2.289808690547943115e-01,8.316432237625122070e-01,7.561697959899902344e-01,1.040693096001632512e-04
9.929944276809692383e-01,-2.193222790956497192e-01,-4.384075999259948730e-01,8.252636194229125977e-01,6.745755672454833984e-01,8.735716255614534020e-05
1.021211743354797363e+00,1.567620038986206055e-01,-1.917867958545684814e-01,9.235615730285644531e-01,5.275446772575378418e-01,9.192911966238170862e-05
9.170997142791748047e-01,2.774693304672837257e-03,-4.468210041522979736e-01,8.341307044029235840e-01,7.329305410385131836e-01,8.325676899403333664e-04
9.904491305351257324e-01,3.977925181388854980e-01,-3.566071391105651855e-01,8.943958878517150879e-01,6.499286890029907227e-01,1.309321844018995762e-03
1.063454508781433105e+00,2.213896512985229492e-01,-8.883902430534362793e-02,8.618931174278259277e-01,6.116303205490112305e-01,1.931989099830389023e-04
1.245893120765686035e+00,9.099156409502029419e-02,-6.362504512071609497e-02,9.877727031707763672e-01,9.354002773761749268e-02,1.013754983432590961e-03
1.021718025207519531e+00,7.371093332767486572e-02,-2.786108851432800293e-01,9.524004459381103516e-01,3.962664604187011719e-01,2.534748637117445469e-04
9.929424524307250977e-01,9.400255233049392700e-02,-3.735463619232177734e-01,9.196838736534118652e-01,5.378967523574829102e-01,7.889814150985330343e-05
1.001814723014831543e+00,5.426388233900070190e-02,-3.054404556751251221e-01,9.098929166793823242e-01,5.559552907943725586e-01,3.666830889414995909e-05
9.591416716575622559e-01,-3.603472560644149780e-02,-6.707899272441864014e-02,9.066678881645202637e-01,5.777972936630249023e-01,5.535329109989106655e-04
9.765566587448120117e-01,-3.188147768378257751e-02,-3.720413744449615479e-01,8.815726041793823242e-01,6.681931018829345703e-01,3.125503426417708397e-04
1.002302527427673340e+00,2.270448952913284302e-01,-3.231939375400543213e-01,8.617960214614868164e-01,7.066066265106201172e-01,1.983365218620747328e-04
1.006138443946838379e+00,1.088096797466278076e-01,-3.043105602264404297e-01,9.273202419281005859e-01,5.129281282424926758e-01,5.697458982467651367e-05
1.003775954246520996e+00,-3.670063614845275879e-01,-2.159809619188308716e-01,8.348283767700195312e-01,7.569625377655029297e-01,5.403959221439436078e-05
9.417962431907653809e-01,-7.858712226152420044e-02,-4.904498159885406494e-01,8.033490777015686035e-01,7.458886504173278809e-01,4.219175607431679964e-04
9.941777586936950684e-01,4.493179172277450562e-02,-2.767009139060974121e-01,9.355557560920715332e-01,4.927148222923278809e-01,1.259728305740281940e-04
9.844759702682495117e-01,2.789131700992584229e-01,-4.324172139167785645e-01,8.824326992034912109e-01,6.581608057022094727e-01,4.588369920384138823e-04
1.000969409942626953e+00,-2.870702445507049561e-01,-3.707494139671325684e-01,8.401384353637695312e-01,6.919950246810913086e-01,4.802781040780246258e-05
1.074921965599060059e+00,3.137256801128387451e-01,-1.007857397198677063e-01,8.382567167282104492e-01,6.479737758636474609e-01,1.576505601406097412e-04
1.007515668869018555e+00,5.530328303575515747e-02,-3.360497057437896729e-01,9.432731270790100098e-01,4.378018379211425781e-01,1.674892409937456250e-04
1.029504418373107910e+00,1.267663538455963135e-01,-3.270580768585205078e-01,8.774471282958984375e-01,6.160920262336730957e-01,2.115745446644723415e-04
9.889703989028930664e-01,1.323167532682418823e-01,-3.399748802185058594e-01,8.761582970619201660e-01,7.168790102005004883e-01,5.111268255859613419e-04
9.856939911842346191e-01,1.534227430820465088e-01,-4.357193410396575928e-01,8.962867259979248047e-01,5.905538797378540039e-01,3.228733257856220007e-04
1.031728267669677734e+00,2.891272902488708496e-01,-1.821586191654205322e-01,8.148665428161621094e-01,6.976544857025146484e-01,2.875252102967351675e-04
1.162710666656494141e+00,3.867864608764648438e-01,5.343696102499961853e-02,8.200457096099853516e-01,6.524290442466735840e-01,2.831405436154454947e-04
1.041913151741027832e+00,7.650949805974960327e-02,-1.485038548707962036e-01,9.082669019699096680e-01,5.336250066757202148e-01,4.067214322276413441e-04
1.021845221519470215e+00,1.874636411666870117e-01,-1.698932051658630371e-01,8.673471212387084961e-01,6.222136020660400391e-01,1.461270585423335433e-04
1.006307125091552734e+00,1.496908217668533325e-01,-3.535930812358856201e-01,8.886200785636901855e-01,6.223003864288330078e-01,2.360464168305043131e-05
9.951180815696716309e-01,4.283970966935157776e-02,-3.576997816562652588e-01,9.323681592941284180e-01,4.752153158187866211e-01,1.198016761918552220e-04
9.958403706550598145e-01,-1.103355512022972107e-01,-4.084459245204925537e-01,8.809952139854431152e-01,5.868871212005615234e-01,1.053313098964281380e-04
9.859144091606140137e-01,-1.333789378404617310e-01,-4.771554768085479736e-01,8.091642260551452637e-01,7.002503275871276855e-01,6.606341048609465361e-05
9.980746507644653320e-01,1.559727080166339874e-02,-3.587082326412200928e-01,9.440193772315979004e-01,4.288745522499084473e-01,1.949302823049947619e-04
9.756351709365844727e-01,2.113352864980697632e-01,-3.979392051696777344e-01,8.660928606986999512e-01,7.024195194244384766e-01,1.926339755300432444e-04
1.004762291908264160e+00,-1.590779870748519897e-01,-4.101590514183044434e-01,8.279494047164916992e-01,6.846002340316772461e-01,1.147540097008459270e-04
1.000081896781921387e+00,-2.919279336929321289e-01,-2.561110258102416992e-01,8.821337819099426270e-01,6.463714838027954102e-01,1.148497976828366518e-04
9.673191308975219727e-01,1.870696544647216797e-01,-4.568943381309509277e-01,8.547094464302062988e-01,6.967947483062744141e-01,2.034256758634001017e-04
1.016397595405578613e+00,6.275590509176254272e-02,-2.492026239633560181e-01,9.035391807556152344e-01,5.515087842941284180e-01,1.104731709347106516e-04
1.010351181030273438e+00,8.591064810752868652e-02,-2.528764307498931885e-01,8.719178438186645508e-01,6.357848644256591797e-01,1.384442148264497519e-04
9.967241287231445312e-01,-1.943602859973907471e-01,-2.290392667055130005e-01,8.910949230194091797e-01,6.173371076583862305e-01,1.061223592841997743e-04
9.559226632118225098e-01,3.684317693114280701e-03,-3.787098228931427002e-01,8.702094554901123047e-01,7.058757543563842773e-01,4.801299946848303080e-04
1.015220522880554199e+00,1.349143236875534058e-01,-2.617118060588836670e-01,9.360293149948120117e-01,4.880512058734893799e-01,6.696338095935061574e-05
1.021051406860351562e+00,2.330302596092224121e-01,-3.725205063819885254e-01,8.966747522354125977e-01,5.933243036270141602e-01,1.410629774909466505e-04
1.012054204940795898e+00,3.109005652368068695e-02,-3.147269189357757568e-01,9.658827781677246094e-01,3.475882709026336670e-01,2.276423037983477116e-04
1.000189423561096191e+00,2.146273478865623474e-02,-3.390550017356872559e-01,9.624784588813781738e-01,3.705237209796905518e-01,1.968595461221411824e-04
9.842541217803955078e-01,1.761336252093315125e-02,-3.371641039848327637e-01,9.210521578788757324e-01,5.270070433616638184e-01,1.029046252369880676e-04
1.013032674789428711e+00,1.460950672626495361e-01,-1.494372785091400146e-01,8.562457561492919922e-01,6.481386423110961914e-01,1.119766966439783573e-04
1.011262297630310059e+00,1.706729382276535034e-01,-3.840502202510833740e-01,8.865249156951904297e-01,6.313627362251281738e-01,2.249513636343181133e-05
9.974624514579772949e-01,4.419000446796417236e-02,-3.535647690296173096e-01,8.802493214607238770e-01,6.431969404220581055e-01,2.789953396131750196e-05
9.880073070526123047e-01,-1.501678256317973137e-03,-2.565004527568817139e-01,8.942522406578063965e-01,5.946269631385803223e-01,1.607066660653799772e-04
1.023938179016113281e+00,4.440474510192871094e-02,-3.166574239730834961e-01,9.683494567871093750e-01,3.221634626388549805e-01,1.710757060209289193e-04
1.018626451492309570e+00,1.741082780063152313e-02,-3.247072994709014893e-01,9.707218408584594727e-01,3.189694285392761230e-01,4.192396881990134716e-04
9.958278536796569824e-01,4.114447906613349915e-02,-3.940100967884063721e-01,9.276952743530273438e-01,4.941237568855285645e-01,5.069805047241970897e-05
9.850054383277893066e-01,4.656118154525756836e-02,-2.710970044136047363e-01,8.998820185661315918e-01,5.950684547424316406e-01,1.021242496790364385e-04
1.010737776756286621e+00,1.421622931957244873e-01,-3.326728343963623047e-01,9.098035097122192383e-01,5.497263669967651367e-01,6.620671047130599618e-05
1.013952612876892090e+00,7.510460913181304932e-02,-2.436912208795547485e-01,8.726885914802551270e-01,6.172242760658264160e-01,2.067605964839458466e-04
1.000757575035095215e+00,4.046237096190452576e-02,-3.385590910911560059e-01,9.082688689231872559e-01,5.628914833068847656e-01,4.522746530710719526e-05
1.021294832229614258e+00,7.845214009284973145e-02,-2.159915715456008911e-01,8.669271469116210938e-01,6.234776377677917480e-01,2.619141014292836189e-04
1.016471743583679199e+00,5.398371443152427673e-02,-3.240933120250701904e-01,9.567738771438598633e-01,3.740426003932952881e-01,1.281625882256776094e-04
1.028503537178039551e+00,6.116590648889541626e-02,-3.171008825302124023e-01,9.699310660362243652e-01,3.107809424400329590e-01,1.243046717718243599e-04
9.662919640541076660e-01,-4.292118921875953674e-02,-1.248241737484931946e-01,8.897747993469238281e-01,6.294758319854736328e-01,2.735107555054128170e-04
9.949668049812316895e-01,9.343919903039932251e-02,-3.696308135986328125e-01,9.191033244132995605e-01,5.345655679702758789e-01,4.838690074393525720e-05
1.015376448631286621e+00,1.308552026748657227e-01,-2.765822112560272217e-01,9.345313906669616699e-01,4.926904737949371338e-01,8.135718235280364752e-05
1.004340171813964844e+00,-2.425212785601615906e-02,-2.708353400230407715e-01,9.329270124435424805e-01,4.998914301395416260e-01,1.334360713372007012e-04
9.949477314949035645e-01,6.554707884788513184e-02,-3.753449916839599609e-01,9.094762802124023438e-01,5.615268349647521973e-01,4.516572153079323471e-05
9.814162254333496094e-01,-6.062245741486549377e-02,-4.636555165052413940e-02,9.250181913375854492e-01,5.162263512611389160e-01,1.884039229480549693e-04
9.943768978118896484e-01,-2.196896821260452271e-01,-1.618448048830032349e-01,8.557956218719482422e-01,7.214895486831665039e-01,2.383285609539598227e-04
9.945334196090698242e-01,-2.430712282657623291e-01,-2.556029260158538818e-01,8.887732028961181641e-01,6.283872127532958984e-01,1.697847765171900392e-04
9.658635258674621582e-01,-5.774902179837226868e-02,-2.775382101535797119e-01,8.889634013175964355e-01,6.483810544013977051e-01,2.153391396859660745e-04
1.038318395614624023e+00,8.511178195476531982e-02,-1.812957376241683960e-01,8.022980690002441406e-01,7.362787723541259766e-01,2.603527391329407692e-04
9.919278025627136230e-01,-3.659461438655853271e-02,-2.953740954399108887e-01,9.411693811416625977e-01,4.714657366275787354e-01,1.241266290890052915e-04
1.054636716842651367e+00,-2.086621476337313652e-03,1.795014366507530212e-02,8.817391991615295410e-01,6.086740493774414062e-01,1.283128513023257256e-03
1.049685955047607422e+00,2.150385081768035889e-01,-1.925373822450637817e-01,8.284321427345275879e-01,6.818035840988159180e-01,1.385476352879777551e-04
1.017578125000000000e+00,1.996899992227554321e-01,-2.431516051292419434e-01,9.185668230056762695e-01,5.503642559051513672e-01,1.850000408012419939e-04
1.011344432830810547e+00,-1.088647618889808655e-01,-3.565303087234497070e-01,8.549079298973083496e-01,6.621330380439758301e-01,1.775538112269714475e-04
1.057493686676025391e+00,2.490599304437637329e-01,-3.035503923892974854e-01,8.711502552032470703e-01,5.968564748764038086e-01,5.996016552671790123e-04
1.003584265708923340e+00,-1.392903774976730347e-01,-2.815655469894409180e-01,8.343061208724975586e-01,7.409902811050415039e-01,1.181730549433268607e-04
1.043860316276550293e+00,-2.191882394254207611e-02,2.641175501048564911e-02,9.923672080039978027e-01,-7.269681692123413086e-01,6.916132406331598759e-05
1.008309245109558105e+00,2.482559233903884888e-01,-2.991922795772552490e-01,8.515871763229370117e-01,7.025099992752075195e-01,1.326019555563107133e-04
1.007384300231933594e+00,1.273417323827743530e-01,-1.348659098148345947e-01,9.007687568664550781e-01,5.716845393180847168e-01,4.491218132898211479e-04
1.017887115478515625e+00,1.915260255336761475e-01,-3.097525835037231445e-01,9.202629327774047852e-01,5.420345067977905273e-01,1.019765040837228298e-04
1.008212685585021973e+00,2.713447809219360352e-01,-4.347673654556274414e-01,8.916081786155700684e-01,6.167467832565307617e-01,1.412159763276576996e-04
1.033119082450866699e+00,-1.330763995647430420e-01,3.391417488455772400e-02,9.478344917297363281e-01,4.553072154521942139e-01,2.287593524670228362e-04
9.885590076446533203e-01,5.236318707466125488e-02,-3.315032422542572021e-01,9.322310686111450195e-01,5.074524283409118652e-01,1.382587215630337596e-04
9.750941991806030273e-01,6.648278981447219849e-02,-4.872734248638153076e-01,8.624514937400817871e-01,6.390334367752075195e-01,1.759116858011111617e-04
9.580060839653015137e-01,3.879020921885967255e-03,-4.664447903633117676e-01,8.134139180183410645e-01,7.318759560585021973e-01,1.114174810936674476e-04
1.030330777168273926e+00,2.610133290290832520e-01,-3.556088209152221680e-01,8.962127566337585449e-01,5.923804640769958496e-01,2.312193682882934809e-04
9.796609878540039062e-01,-3.271400928497314453e-04,-3.809679150581359863e-01,9.256983399391174316e-01,5.127468705177307129e-01,1.566792197991162539e-04
9.949899911880493164e-01,4.905404150485992432e-02,-3.859418034553527832e-01,8.872652053833007812e-01,6.234395503997802734e-01,2.739139927143696696e-05
1.000022411346435547e+00,-3.205059766769409180e-01,-4.488287866115570068e-01,7.361314296722412109e-01,7.602550983428955078e-01,9.582308121025562286e-05
1.073259472846984863e+00,3.045177459716796875e-01,-8.558924496173858643e-02,8.775503635406494141e-01,6.092247962951660156e-01,3.883679746650159359e-04
9.832698106765747070e-01,-1.229802332818508148e-02,-3.481949567794799805e-01,8.780187368392944336e-01,6.456764936447143555e-01,9.694735490484163165e-05
1.019904017448425293e+00,1.476017981767654419e-01,-1.908075660467147827e-01,8.611298203468322754e-01,6.392099857330322266e-01,4.859133696299977601e-05
1.027370572090148926e+00,-1.041061282157897949e-01,-4.375174641609191895e-03,9.511465430259704590e-01,4.315573573112487793e-01,1.694547827355563641e-04
9.796558618545532227e-01,8.008112758398056030e-02,-3.505076766014099121e-01,8.909365534782409668e-01,6.296017765998840332e-01,1.154682395281270146e-04
9.970214366912841797e-01,1.781037300825119019e-01,-3.674769103527069092e-01,9.113248586654663086e-01,5.754113197326660156e-01,1.493164891144260764e-04
1.004525184631347656e+00,-1.388951838016510010e-01,-4.275521039962768555e-01,8.323734998703002930e-01,6.726122498512268066e-01,7.856541924411430955e-05
1.000314593315124512e+00,4.403816536068916321e-02,-3.865999579429626465e-01,9.101034402847290039e-01,5.455325245857238770e-01,7.195088255684822798e-05
1.015147686004638672e+00,2.555083930492401123e-01,-2.011253833770751953e-01,8.621156811714172363e-01,6.514383554458618164e-01,1.711472141323611140e-04
1.019864678382873535e+00,2.654243111610412598e-01,-2.721160352230072021e-01,8.538640737533569336e-01,6.686131358146667480e-01,1.793319970602169633e-04
9.164158701896667480e-01,-7.071303576231002808e-02,-5.155174732208251953e-01,7.574977278709411621e-01,7.821550965309143066e-01,7.514301687479019165e-04
9.970036149024963379e-01,3.001970052719116211e-01,-3.719750344753265381e-01,8.892287611961364746e-01,6.490281820297241211e-01,2.401481178821995854e-04
9.985538125038146973e-01,1.027247309684753418e-01,-2.167015820741653442e-01,8.815429210662841797e-01,6.096448898315429688e-01,1.359874877380207181e-04
1.320004224777221680e+00,-8.686885982751846313e-02,-5.527530908584594727e-01,9.975813627243041992e-01,-9.694425463676452637e-01,2.046084264293313026e-03
9.808006286621093750e-01,1.624923944473266602e-02,-2.023594677448272705e-01,8.859646916389465332e-01,6.215730905532836914e-01,1.058299094438552856e-04
9.922944307327270508e-01,7.970098406076431274e-02,-3.589408993721008301e-01,9.096914529800415039e-01,5.529669523239135742e-01,8.557860564906150103e-05
1.078709125518798828e+00,5.704653915017843246e-03,3.918737918138504028e-02,9.666575789451599121e-01,3.402213454246520996e-01,2.119987766491249204e-04
9.777668714523315430e-01,-8.813244104385375977e-02,-2.098013758659362793e-01,9.085874557495117188e-01,5.804532766342163086e-01,1.120392262237146497e-04
1.037064194679260254e+00,1.770283579826354980e-01,-1.380544304847717285e-01,8.679507970809936523e-01,6.062447428703308105e-01,1.361930189887061715e-04
9.875765442848205566e-01,3.320704102516174316e-01,-4.156637489795684814e-01,8.812906146049499512e-01,6.636273860931396484e-01,5.963664734736084938e-04
1.201220393180847168e+00,6.607177853584289551e-02,4.265462979674339294e-03,9.824221134185791016e-01,1.785015314817428589e-01,5.383645184338092804e-04
1.012829661369323730e+00,2.031599283218383789e-01,-3.173821866512298584e-01,9.339717626571655273e-01,5.148305892944335938e-01,3.096064610872417688e-04
1.124860525131225586e+00,3.892339393496513367e-02,6.794486939907073975e-02,9.707245230674743652e-01,3.001846969127655029e-01,3.534991119522601366e-04
1.003389477729797363e+00,7.492983248084783554e-03,-2.989034056663513184e-01,9.325662255287170410e-01,4.854325056076049805e-01,7.307607302209362388e-05
1.001574516296386719e+00,2.877282798290252686e-01,-4.343786537647247314e-01,8.958293795585632324e-01,6.124182939529418945e-01,2.068557369057089090e-04
9.931432008743286133e-01,1.946410536766052246e-02,-3.649389445781707764e-01,8.957487344741821289e-01,5.852980017662048340e-01,1.133512705564498901e-04
1.097946882247924805e+00,1.178154349327087402e-01,1.152766197919845581e-01,8.335872888565063477e-01,6.402490139007568359e-01,9.402335854247212410e-04
1.005428910255432129e+00,5.758594255894422531e-03,-1.939700245857238770e-01,9.240182042121887207e-01,5.154787302017211914e-01,1.802057377062737942e-04
1.047408103942871094e+00,2.164283394813537598e-01,-1.836134344339370728e-01,8.124606013298034668e-01,7.068123221397399902e-01,1.397041778545826674e-04
1.097740054130554199e+00,4.427158460021018982e-02,-1.993646658957004547e-02,9.729105234146118164e-01,3.007196485996246338e-01,2.692334237508475780e-04
9.857662916183471680e-01,6.951539544388651848e-04,-1.869850307703018188e-01,8.853470683097839355e-01,6.175277233123779297e-01,8.341425564140081406e-05
9.944344162940979004e-01,-2.045753002166748047e-01,-3.498822748661041260e-01,8.371309041976928711e-01,7.155211567878723145e-01,5.977606269880197942e-05
9.828970432281494141e-01,9.755577892065048218e-02,-1.836684048175811768e-01,8.848004341125488281e-01,6.206602454185485840e-01,2.369716530665755272e-04
9.970992207527160645e-01,-2.430991530418395996e-01,-2.779536843299865723e-01,8.545151948928833008e-01,6.917814016342163086e-01,6.562531780218705535e-05
9.926098585128784180e-01,8.710600435733795166e-02,-3.918717503547668457e-01,9.220408797264099121e-01,5.207455158233642578e-01,7.980050577316433191e-05
1.002441406250000000e+00,-1.743872463703155518e-01,-3.917739987373352051e-01,8.346846103668212891e-01,6.909210681915283203e-01,7.048152474453672767e-05
9.980421662330627441e-01,3.431495130062103271e-01,-2.588796019554138184e-01,9.059323668479919434e-01,6.151064634323120117e-01,1.505309483036398888e-03
9.703313112258911133e-01,-5.153541639447212219e-02,-3.285145163536071777e-01,9.119034409523010254e-01,5.622856616973876953e-01,2.564293681643903255e-04
9.949712157249450684e-01,2.716583572328090668e-02,-2.209130823612213135e-01,8.823279738426208496e-01,6.563962697982788086e-01,4.128295113332569599e-04
9.894109368324279785e-01,5.212602671235799789e-03,-1.286962926387786865e-01,9.398989677429199219e-01,4.766332805156707764e-01,3.033419488929212093e-04
1.026589155197143555e+00,1.380962282419204712e-01,-3.703281283378601074e-02,9.026902318000793457e-01,5.621217489242553711e-01,3.561410121619701385e-04
1.016862988471984863e+00,1.591190695762634277e-01,-3.261746764183044434e-01,8.632763028144836426e-01,6.197773218154907227e-01,3.949814999941736460e-04
9.991143941879272461e-01,1.096798107028007507e-01,-1.907663345336914062e-01,8.895807266235351562e-01,6.003367900848388672e-01,1.258011761819943786e-04
1.000824809074401855e+00,-2.693257331848144531e-01,-4.681573212146759033e-01,7.747386097908020020e-01,7.087811231613159180e-01,9.824973676586523652e-05
1.002045869827270508e+00,-2.061076313257217407e-01,-6.606311351060867310e-02,8.966149091720581055e-01,6.322487592697143555e-01,2.457687332935165614e-05
1.028441309928894043e+00,2.921234257519245148e-02,-3.265196382999420166e-01,9.734305143356323242e-01,2.937512099742889404e-01,4.302345623727887869e-04
1.008793830871582031e+00,-4.232520610094070435e-02,-3.253461122512817383e-01,8.971402645111083984e-01,5.833727121353149414e-01,9.949741070158779621e-05
1.006845235824584961e+00,1.067518293857574463e-01,-3.272996842861175537e-01,9.400321245193481445e-01,4.723531603813171387e-01,7.763309258734807372e-05
1.008474111557006836e+00,1.267147213220596313e-01,-3.023638129234313965e-01,9.162670969963073730e-01,5.372014045715332031e-01,6.767743616364896297e-05
1.008222103118896484e+00,3.574001789093017578e-02,-4.347971975803375244e-01,8.869460821151733398e-01,5.999396443367004395e-01,6.231898441910743713e-05
1.008193373680114746e+00,9.405469149351119995e-02,-1.806881874799728394e-01,9.034392237663269043e-01,5.606664419174194336e-01,9.078245057025924325e-05
1.006168127059936523e+00,6.580872833728790283e-02,-3.076692521572113037e-01,9.467594027519226074e-01,4.351080060005187988e-01,9.072523971553891897e-05
1.010983705520629883e+00,-4.122168421745300293e-01,-1.631879806518554688e-01,8.503928184509277344e-01,7.559499740600585938e-01,3.122411726508289576e-04
9.980516433715820312e-01,6.148071214556694031e-02,-3.175422847270965576e-01,9.526106119155883789e-01,4.308108985424041748e-01,1.819905010052025318e-04
9.964383840560913086e-01,3.906911239027976990e-02,-3.209764063358306885e-01,9.526766538619995117e-01,4.242438375949859619e-01,1.465557434130460024e-04
9.940503835678100586e-01,3.273877501487731934e-02,-3.430538177490234375e-01,8.979517221450805664e-01,6.002389192581176758e-01,4.314372199587523937e-05
1.020517349243164062e+00,2.026014029979705811e-01,-1.698702573776245117e-01,9.051328897476196289e-01,5.737702846527099609e-01,2.116169489454478025e-04
1.035587668418884277e+00,1.790937036275863647e-02,-1.354898959398269653e-01,8.496865630149841309e-01,6.532433032989501953e-01,6.674208561889827251e-04
1.005756974220275879e+00,1.438712142407894135e-02,-3.622792661190032959e-01,8.939111828804016113e-01,5.916053056716918945e-01,3.798257966991513968e-05
1.006396055221557617e+00,1.160017922520637512e-01,-2.933700680732727051e-01,9.374477863311767578e-01,4.874543547630310059e-01,8.169006468961015344e-05
1.027524113655090332e+00,5.421641096472740173e-02,-2.038027346134185791e-01,9.201985597610473633e-01,5.130217075347900391e-01,2.912060008384287357e-04
1.005889534950256348e+00,-2.906245924532413483e-02,-2.280386090278625488e-01,9.168765544891357422e-01,5.338910222053527832e-01,1.826682128012180328e-04
9.978927373886108398e-01,5.721181258559226990e-02,-3.171201944351196289e-01,9.047054052352905273e-01,5.834698081016540527e-01,4.811195321963168681e-05
9.934594035148620605e-01,6.518863886594772339e-02,-3.682012557983398438e-01,8.865200281143188477e-01,6.343357563018798828e-01,3.147289316984824836e-05
1.024175405502319336e+00,9.448064863681793213e-02,-2.070859819650650024e-01,8.939416408538818359e-01,5.679236650466918945e-01,1.195140575873665512e-04
1.067259430885314941e+00,1.884663552045822144e-01,-1.121615171432495117e-01,8.090544939041137695e-01,6.735496520996093750e-01,2.501773706171661615e-04
9.602628946304321289e-01,-3.090871311724185944e-02,-2.732092440128326416e-01,8.977903723716735840e-01,6.231461763381958008e-01,3.452751552686095238e-04
1.000379920005798340e+00,-2.850850820541381836e-01,-4.732285737991333008e-01,7.530740499496459961e-01,7.283270955085754395e-01,1.423454523319378495e-05
9.688197970390319824e-01,3.084297850728034973e-02,-2.948789000511169434e-01,9.052776694297790527e-01,6.033162474632263184e-01,3.370247723069041967e-04
1.010966658592224121e+00,1.367458552122116089e-01,-1.908632814884185791e-01,9.306814074516296387e-01,5.095353722572326660e-01,3.689614823088049889e-04
9.955478906631469727e-01,1.154613792896270752e-01,-3.286854922771453857e-01,9.280371665954589844e-01,5.294234752655029297e-01,1.684631570242345333e-04
1.002532958984375000e+00,9.961304068565368652e-02,-2.611559033393859863e-01,9.143499135971069336e-01,5.431982874870300293e-01,8.309353870572522283e-05
1.020178198814392090e+00,2.238543927669525146e-01,-1.629690229892730713e-01,9.076377749443054199e-01,5.744332671165466309e-01,3.178604529239237309e-04
1.009148001670837402e+00,3.354056924581527710e-02,-1.866728961467742920e-01,8.751837015151977539e-01,6.335138082504272461e-01,1.058566776919178665e-04
1.001811623573303223e+00,3.112341836094856262e-02,-4.066840112209320068e-01,8.857356905937194824e-01,6.079804301261901855e-01,2.943969593616202474e-05
1.013098597526550293e+00,-8.793920278549194336e-05,-2.964122295379638672e-01,8.879504203796386719e-01,6.078498363494873047e-01,1.114915794460102916e-04
1.003843665122985840e+00,1.430595368146896362e-01,-2.652850747108459473e-01,8.846166133880615234e-01,6.117534637451171875e-01,4.825662472285330296e-05
9.910895824432373047e-01,-3.546183183789253235e-02,-3.108715116977691650e-01,8.789824247360229492e-01,6.492858529090881348e-01,4.693473238148726523e-05
9.902904629707336426e-01,2.751420997083187103e-02,-3.608284592628479004e-01,8.800746202468872070e-01,6.410907506942749023e-01,4.618806633516214788e-05
9.254324436187744141e-01,5.628794431686401367e-03,-5.090849399566650391e-01,8.084039688110351562e-01,7.249023914337158203e-01,6.202480290085077286e-04
1.016767621040344238e+00,2.061160504817962646e-01,-2.980536818504333496e-01,8.654829263687133789e-01,6.469154953956604004e-01,9.476752165937796235e-05
1.017465949058532715e+00,-9.704364836215972900e-02,-2.143950611352920532e-01,8.601456284523010254e-01,6.607820987701416016e-01,5.534716765396296978e-04
9.966499805450439453e-01,-4.106395691633224487e-02,-3.665279746055603027e-01,8.826903104782104492e-01,6.197959184646606445e-01,3.417962943785823882e-05
9.640197157859802246e-01,1.605980694293975830e-01,-3.659781515598297119e-01,8.999075293540954590e-01,6.449691057205200195e-01,1.316072070039808750e-03
9.919108152389526367e-01,4.266718775033950806e-02,-3.270150721073150635e-01,8.417616486549377441e-01,7.312334775924682617e-01,4.921128493151627481e-05
1.022511124610900879e+00,-1.475063990801572800e-02,-2.259240746498107910e-01,8.513792753219604492e-01,6.855772137641906738e-01,1.939533249242231250e-04
1.014137625694274902e+00,6.229319050908088684e-02,-2.760079205036163330e-01,9.524593949317932129e-01,4.100899398326873779e-01,1.479504571761935949e-04
1.000929951667785645e+00,5.142400041222572327e-02,-3.447802662849426270e-01,8.861529231071472168e-01,6.251074075698852539e-01,2.150336877093650401e-05
9.972874522209167480e-01,-3.078782558441162109e-01,-2.587030827999114990e-01,8.418258428573608398e-01,7.240666151046752930e-01,1.042100702761672437e-04
1.014246702194213867e+00,1.929847449064254761e-01,-3.472905755043029785e-01,9.077917337417602539e-01,5.676231384277343750e-01,8.976379467640072107e-05
9.840517044067382812e-01,7.272537797689437866e-02,-2.524703741073608398e-01,8.827977776527404785e-01,6.599625945091247559e-01,1.654066145420074463e-04
9.972822666168212891e-01,1.280592828989028931e-01,-3.637270927429199219e-01,9.138959646224975586e-01,5.592135190963745117e-01,4.579855158226564527e-05
1.006295204162597656e+00,3.681572899222373962e-02,-3.508146107196807861e-01,8.417341113090515137e-01,7.258093953132629395e-01,2.224825439043343067e-04
9.802116751670837402e-01,2.286251401528716087e-03,-3.486502170562744141e-01,9.173660278320312500e-01,5.404867529869079590e-01,1.256036775885149837e-04
9.981178641319274902e-01,7.212497293949127197e-02,-3.161501586437225342e-01,9.348784089088439941e-01,4.926521778106689453e-01,7.641057163709774613e-05
1.000479936599731445e+00,1.125116087496280670e-02,-3.535847365856170654e-01,9.000113606452941895e-01,5.734652280807495117e-01,4.470123894861899316e-05
9.874426722526550293e-01,1.196103841066360474e-01,-4.411916732788085938e-01,8.983638882637023926e-01,5.791710019111633301e-01,8.164110477082431316e-05
1.027881741523742676e+00,-5.122021213173866272e-02,-2.684980332851409912e-01,9.639324545860290527e-01,3.617264926433563232e-01,6.269747973419725895e-04
9.524490237236022949e-01,-1.714425161480903625e-02,-1.756175905466079712e-01,9.113201498985290527e-01,5.850845575332641602e-01,8.169102948158979416e-04
1.023541212081909180e+00,5.166460946202278137e-02,9.659393690526485443e-03,9.470207095146179199e-01,4.559784531593322754e-01,2.156321133952587843e-04
1.075948834419250488e+00,-7.163113355636596680e-02,1.607796736061573029e-02,9.679800868034362793e-01,3.289324939250946045e-01,5.516231758520007133e-04
9.888567328453063965e-01,-4.653208330273628235e-02,-3.516246676445007324e-01,8.759648799896240234e-01,6.540396213531494141e-01,6.675599433947354555e-05
9.825732707977294922e-01,1.272837817668914795e-01,-1.685497760772705078e-01,9.173824787139892578e-01,5.676785707473754883e-01,1.177435507997870445e-03
9.978286623954772949e-01,-2.561331689357757568e-01,-4.400967955589294434e-01,7.897582650184631348e-01,7.113069891929626465e-01,1.173876371467486024e-04
