1.001498460769653320e+00,-5.347121357917785645e-01,-3.944817483425140381e-01,5.145295858383178711e-01,8.468384742736816406e-01,1.074832744052400813e-05
1.002106070518493652e+00,-5.435396432876586914e-01,-4.017610847949981689e-01,4.034764766693115234e-01,7.993546724319458008e-01,1.962256501428782940e-04
1.006326198577880859e+00,-5.180768370628356934e-01,-4.517247378826141357e-01,3.213083446025848389e-01,8.577755689620971680e-01,7.642716809641569853e-06
1.002897262573242188e+00,-5.443302392959594727e-01,-4.181594848632812500e-01,3.289881050586700439e-01,8.699443936347961426e-01,6.884246977278962731e-05
1.003533601760864258e+00,-5.439864397048950195e-01,-4.156902432441711426e-01,4.747022986412048340e-01,8.140590190887451172e-01,1.659303961787372828e-05
1.005714774131774902e+00,-4.603618383407592773e-01,-4.451651573181152344e-01,2.396769076585769653e-01,9.004793763160705566e-01,1.992074976442381740e-05
1.005298614501953125e+00,-5.603290796279907227e-01,-4.529165327548980713e-01,3.885970413684844971e-01,8.437378406524658203e-01,1.354128744424087927e-05
1.005349755287170410e+00,-4.885788559913635254e-01,-4.508017599582672119e-01,2.782534956932067871e-01,8.760954141616821289e-01,1.909087222884409130e-05
1.003881931304931641e+00,-5.329166650772094727e-01,-4.300284981727600098e-01,3.886763453483581543e-01,8.418422937393188477e-01,4.738710231322329491e-06
1.003549814224243164e+00,-5.457588434219360352e-01,-4.245875775814056396e-01,3.335129916667938232e-01,8.614941835403442383e-01,4.699903365690261126e-05
1.007047176361083984e+00,-5.223383903503417969e-01,-4.685008823871612549e-01,3.272743821144104004e-01,8.589024543762207031e-01,3.005178587045520544e-05
1.004295110702514648e+00,-4.776515960693359375e-01,-4.459078609943389893e-01,2.916921079158782959e-01,8.514294028282165527e-01,9.167028110823594034e-06
1.007084131240844727e+00,-5.267974734306335449e-01,-4.702724218368530273e-01,3.191163241863250732e-01,8.620449304580688477e-01,5.077780770079698414e-06
1.007456660270690918e+00,-5.325937867164611816e-01,-4.610378444194793701e-01,3.064132928848266602e-01,8.618673682212829590e-01,1.400153087161015719e-05
1.008460044860839844e+00,-5.330319404602050781e-01,-4.841728508472442627e-01,3.272945284843444824e-01,8.635179400444030762e-01,2.543618938943836838e-05
1.003114104270935059e+00,-4.845019578933715820e-01,-4.222250878810882568e-01,3.200681805610656738e-01,8.326346874237060547e-01,3.295406349934637547e-05
1.010029911994934082e+00,-5.747116804122924805e-01,-4.693543612957000732e-01,5.619896650314331055e-01,8.882805109024047852e-01,7.839791942387819290e-05
1.002813935279846191e+00,-5.052321553230285645e-01,-3.218729197978973389e-01,5.971814393997192383e-01,8.499179482460021973e-01,2.836689782270696014e-05
1.004405736923217773e+00,-4.652684032917022705e-01,-3.027485311031341553e-01,4.507558941841125488e-01,8.150210380554199219e-01,1.549895387142896652e-05
9.960227012634277344e-01,-4.594974815845489502e-01,-1.717509329319000244e-01,4.090571403503417969e-01,9.076663255691528320e-01,5.820194201078265905e-05
1.008220434188842773e+00,-5.526450872421264648e-01,-4.671774506568908691e-01,3.126772940158843994e-01,8.685777783393859863e-01,1.199225152959115803e-05
1.003983497619628906e+00,-5.774095654487609863e-01,-4.325715899467468262e-01,3.390752077102661133e-01,8.454770445823669434e-01,2.595925470814108849e-04
1.012212991714477539e+00,-6.027280688285827637e-01,-5.193170905113220215e-01,2.982246279716491699e-01,8.607465028762817383e-01,3.688573633553460240e-05
1.006552696228027344e+00,-5.509876012802124023e-01,-4.493043124675750732e-01,2.826674282550811768e-01,8.451997041702270508e-01,2.015246573137119412e-04
1.008376359939575195e+00,-5.246305465698242188e-01,-4.849916994571685791e-01,3.124847710132598877e-01,8.653576374053955078e-01,3.302228378743166104e-06
1.005074143409729004e+00,-5.725235939025878906e-01,-4.682288467884063721e-01,3.769229650497436523e-01,8.435482382774353027e-01,1.816095755202695727e-05
9.976014494895935059e-01,-4.467700719833374023e-01,-1.660448014736175537e-01,4.181184172630310059e-01,9.030894041061401367e-01,2.527458855183795094e-05
1.009082198143005371e+00,-5.514702796936035156e-01,-4.793916940689086914e-01,3.147625327110290527e-01,8.657900094985961914e-01,6.593442776647862047e-06
9.998788833618164062e-01,-5.638228058815002441e-01,-3.975638151168823242e-01,3.311508297920227051e-01,8.534561991691589355e-01,2.431641041766852140e-04
1.007061123847961426e+00,-5.513133406639099121e-01,-4.617332220077514648e-01,3.335025310516357422e-01,8.695840239524841309e-01,1.175451234303181991e-05
1.022273540496826172e+00,-4.777115583419799805e-01,-5.631832480430603027e-01,5.650067329406738281e-01,9.790136814117431641e-01,2.407403735560365021e-05
1.008661389350891113e+00,-5.193945169448852539e-01,-4.878610968589782715e-01,2.747015058994293213e-01,8.692598342895507812e-01,3.956906766688916832e-06
1.009374618530273438e+00,-5.110322833061218262e-01,-4.954966008663177490e-01,2.727144956588745117e-01,8.666863441467285156e-01,1.499782683822559193e-05
1.003831148147583008e+00,-5.461443662643432617e-01,-4.383466541767120361e-01,4.722172319889068604e-01,8.350796699523925781e-01,2.193775253545027226e-05
1.007649660110473633e+00,-5.711530447006225586e-01,-4.743891358375549316e-01,2.869630753993988037e-01,8.521307706832885742e-01,2.975580355268903077e-05
1.006707549095153809e+00,-5.044876933097839355e-01,-4.638241827487945557e-01,2.874884009361267090e-01,8.638355135917663574e-01,6.303418103925650939e-06
1.010451078414916992e+00,-4.943588376045227051e-01,-4.726839065551757812e-01,2.829223275184631348e-01,9.124174118041992188e-01,3.323025885038077831e-05
1.007440686225891113e+00,-5.043840408325195312e-01,-4.787263274192810059e-01,2.884807288646697998e-01,8.660950660705566406e-01,2.711066372285131365e-06
1.010743260383605957e+00,-6.026127934455871582e-01,-5.203431248664855957e-01,3.358345627784729004e-01,8.557147979736328125e-01,1.529431028757244349e-05
1.003547668457031250e+00,-5.550615787506103516e-01,-4.320044517517089844e-01,3.941593170166015625e-01,8.232980966567993164e-01,3.170330819557420909e-05
9.980372786521911621e-01,-4.334229528903961182e-01,-1.276684254407882690e-01,4.159083366394042969e-01,9.201878905296325684e-01,1.253531263500917703e-05
1.010204672813415527e+00,-5.762978792190551758e-01,-4.987510740756988525e-01,3.150457143783569336e-01,8.634463548660278320e-01,1.343540498055517673e-05
1.008856534957885742e+00,-5.352265834808349609e-01,-5.085245966911315918e-01,3.579690754413604736e-01,8.523859977722167969e-01,3.256591662648133934e-05
1.001840472221374512e+00,-5.675655603408813477e-01,-4.073674976825714111e-01,3.200230896472930908e-01,8.690899014472961426e-01,4.992541289539076388e-05
1.006530880928039551e+00,-5.495773553848266602e-01,-4.597285687923431396e-01,3.550993204116821289e-01,8.639040589332580566e-01,1.563270961923990399e-05
1.006199121475219727e+00,-4.977323412895202637e-01,-4.586592912673950195e-01,2.800188362598419189e-01,8.628615736961364746e-01,1.589358726050704718e-05
1.005662918090820312e+00,-5.095156431198120117e-01,-4.526784121990203857e-01,2.980673015117645264e-01,8.592057228088378906e-01,1.094369054044364020e-06
9.991125464439392090e-01,-4.902332425117492676e-01,-2.393736094236373901e-01,4.924176037311553955e-01,8.652667999267578125e-01,3.561507764970883727e-05
1.003958940505981445e+00,-5.631966590881347656e-01,-4.432678222656250000e-01,3.116867840290069580e-01,8.624104261398315430e-01,9.647009574109688401e-05
1.001459479331970215e+00,-5.208827853202819824e-01,-3.920625448226928711e-01,2.930397987365722656e-01,8.743798732757568359e-01,6.337269587675109506e-05
1.007711529731750488e+00,-5.087974667549133301e-01,-4.802128970623016357e-01,2.894580066204071045e-01,8.655175566673278809e-01,2.058827931250561960e-06
9.920657277107238770e-01,-5.096232891082763672e-01,-2.518508136272430420e-01,3.617392182350158691e-01,8.989633321762084961e-01,2.070753398584201932e-04
1.005808115005493164e+00,-5.342336297035217285e-01,-3.864319324493408203e-01,2.147434949874877930e-01,8.938818573951721191e-01,9.194667654810473323e-05
1.005972743034362793e+00,-4.908145368099212646e-01,-4.677429497241973877e-01,2.786857783794403076e-01,8.538527488708496094e-01,7.079858914948999882e-05
1.007126092910766602e+00,-5.443519949913024902e-01,-4.586189389228820801e-01,3.091669678688049316e-01,8.676794767379760742e-01,4.791013452631887048e-06
1.013245582580566406e+00,-6.198577880859375000e-01,-5.524100065231323242e-01,3.364290595054626465e-01,8.422626256942749023e-01,3.904112236341461539e-05
1.004736185073852539e+00,-5.282860994338989258e-01,-4.286755919456481934e-01,3.686484396457672119e-01,8.617986440658569336e-01,2.622555984999053180e-05
1.012014269828796387e+00,-4.509750008583068848e-01,-4.702849984169006348e-01,1.807750016450881958e-01,9.176678657531738281e-01,1.159021339844912291e-04
1.008705139160156250e+00,-5.560133457183837891e-01,-4.854966104030609131e-01,3.316160738468170166e-01,8.690288662910461426e-01,1.761288149282336235e-05
1.000288724899291992e+00,-5.361890792846679688e-01,-3.816960155963897705e-01,3.160070776939392090e-01,8.561805486679077148e-01,4.352915857452899218e-05
1.008116364479064941e+00,-5.321556925773620605e-01,-4.675453901290893555e-01,3.049356341361999512e-01,8.670452833175659180e-01,1.711522418190725148e-05
1.003146767616271973e+00,-5.567882061004638672e-01,-4.203144907951354980e-01,3.869168460369110107e-01,8.587697148323059082e-01,2.656360811670310795e-05
1.003034353256225586e+00,-5.688783526420593262e-01,-4.468336999416351318e-01,4.348536729812622070e-01,8.527404665946960449e-01,8.026503928704187274e-05
1.007263779640197754e+00,-5.072222948074340820e-01,-4.677468538284301758e-01,3.166712820529937744e-01,8.453386425971984863e-01,4.296001134207472205e-05
1.006053686141967773e+00,-5.219558477401733398e-01,-4.448909461498260498e-01,3.328984081745147705e-01,8.605722188949584961e-01,1.632381645322311670e-05
1.007219552993774414e+00,-5.449845790863037109e-01,-4.644764363765716553e-01,3.115058839321136475e-01,8.587462306022644043e-01,2.928560661530354992e-06
1.008499383926391602e+00,-5.393023490905761719e-01,-4.730150997638702393e-01,2.939114272594451904e-01,8.579609990119934082e-01,1.117216288548661396e-05
1.008307099342346191e+00,-5.793062448501586914e-01,-4.786115884780883789e-01,3.238545060157775879e-01,8.668252825736999512e-01,1.509668072685599327e-05
1.013078093528747559e+00,-4.645476937294006348e-01,-4.861876368522644043e-01,1.958245187997817993e-01,9.163502454757690430e-01,9.313260670751333237e-05
1.004688858985900879e+00,-5.560593605041503906e-01,-4.432954192161560059e-01,2.984063625335693359e-01,8.736311793327331543e-01,1.055728807841660455e-05
1.006725549697875977e+00,-5.576955676078796387e-01,-4.580315053462982178e-01,2.883890271186828613e-01,8.723114132881164551e-01,1.595021058165002614e-05
1.005260825157165527e+00,-5.749717950820922852e-01,-4.799962341785430908e-01,3.672230243682861328e-01,8.327959775924682617e-01,2.901070001826155931e-05
1.006650090217590332e+00,-5.699259638786315918e-01,-4.647076129913330078e-01,3.551699221134185791e-01,8.622537851333618164e-01,2.959200173791032284e-05
1.008450150489807129e+00,-5.343834161758422852e-01,-4.883800446987152100e-01,3.301014900207519531e-01,8.668452501296997070e-01,1.940640322573017329e-05
1.004229307174682617e+00,-5.430813431739807129e-01,-4.376992285251617432e-01,3.268818557262420654e-01,8.525481224060058594e-01,1.328776852460578084e-04
1.006455302238464355e+00,-5.790411829948425293e-01,-4.902271330356597900e-01,3.674007356166839600e-01,8.157973289489746094e-01,7.400694448733702302e-05
1.007093071937561035e+00,-5.794565081596374512e-01,-4.777908027172088623e-01,3.092593550682067871e-01,8.513595461845397949e-01,1.100010467780521140e-05
1.007939100265502930e+00,-5.121665000915527344e-01,-4.876573085784912109e-01,3.018853664398193359e-01,8.590570688247680664e-01,7.307712803594768047e-05
1.007174015045166016e+00,-5.330571532249450684e-01,-4.625887274742126465e-01,2.940335273742675781e-01,8.646292686462402344e-01,2.030943505815230310e-05
1.005862116813659668e+00,-4.992951154708862305e-01,-4.518460631370544434e-01,2.952463924884796143e-01,8.712404966354370117e-01,1.202925068355398253e-05
1.003801107406616211e+00,-5.454130172729492188e-01,-4.354928135871887207e-01,3.743634819984436035e-01,8.424569368362426758e-01,6.549711997649865225e-06
1.008990764617919922e+00,-5.721915960311889648e-01,-4.910479187965393066e-01,3.498750329017639160e-01,8.577006459236145020e-01,5.099895133753307164e-06
1.004002809524536133e+00,-5.310045480728149414e-01,-4.332958161830902100e-01,2.928931117057800293e-01,8.569549322128295898e-01,1.020279160002246499e-05
1.006232619285583496e+00,-5.102773904800415039e-01,-4.478637576103210449e-01,3.128725886344909668e-01,8.651347160339355469e-01,9.260720617021434009e-06
1.013324260711669922e+00,-4.335140883922576904e-01,-4.949026107788085938e-01,1.855159103870391846e-01,8.941829204559326172e-01,1.753944161464460194e-05
1.012962818145751953e+00,-4.175435900688171387e-01,-4.832302629947662354e-01,1.807193756103515625e-01,8.987799286842346191e-01,3.024428951903246343e-05
1.010923862457275391e+00,-5.213894248008728027e-01,-5.039496421813964844e-01,2.742244303226470947e-01,8.813891410827636719e-01,5.424210939963813871e-06
1.006747603416442871e+00,-5.329321622848510742e-01,-4.601877629756927490e-01,3.212197721004486084e-01,8.606732487678527832e-01,1.146980821431498043e-06
1.007330656051635742e+00,-5.197199583053588867e-01,-4.629766941070556641e-01,3.037941455841064453e-01,8.632248044013977051e-01,4.573293153953272849e-06
1.004460930824279785e+00,-5.234689116477966309e-01,-4.345391690731048584e-01,3.179212212562561035e-01,8.468634486198425293e-01,1.460308521927800030e-05
1.005556702613830566e+00,-5.307611227035522461e-01,-4.480253159999847412e-01,3.245593607425689697e-01,8.470052480697631836e-01,1.377787793899187818e-05
1.012544989585876465e+00,-4.493196010589599609e-01,-4.810010790824890137e-01,2.049537003040313721e-01,9.012964963912963867e-01,3.470737647148780525e-05
1.001252532005310059e+00,-4.921715557575225830e-01,-3.327576518058776855e-01,4.068320095539093018e-01,8.194857835769653320e-01,2.767551814031321555e-05
1.007974147796630859e+00,-5.160868167877197266e-01,-4.772168397903442383e-01,2.800237238407135010e-01,8.732323646545410156e-01,8.885790521162562072e-06
1.007557034492492676e+00,-4.894412755966186523e-01,-4.759943485260009766e-01,2.714186012744903564e-01,8.730888962745666504e-01,8.897007319319527596e-06
1.007226467132568359e+00,-4.893910586833953857e-01,-4.719083607196807861e-01,2.833299338817596436e-01,8.763886094093322754e-01,2.862137762349448167e-06
1.009849905967712402e+00,-5.419981479644775391e-01,-4.942270815372467041e-01,3.062925338745117188e-01,8.598713874816894531e-01,3.556553110684035346e-06
1.002461075782775879e+00,-5.337460637092590332e-01,-3.874087035655975342e-01,4.795658588409423828e-01,8.341873288154602051e-01,2.495996341167483479e-05
9.948132038116455078e-01,-4.913873076438903809e-01,-2.256991714239120483e-01,4.023663997650146484e-01,8.948631286621093750e-01,2.614394179545342922e-05
1.005816936492919922e+00,-5.639938116073608398e-01,-4.762912690639495850e-01,3.638167381286621094e-01,8.248599171638488770e-01,3.379370900802314281e-05
1.001392722129821777e+00,-5.490610599517822266e-01,-4.103797972202301025e-01,3.505539298057556152e-01,8.512597680091857910e-01,1.879199226095806807e-05
1.006810307502746582e+00,-4.647963643074035645e-01,-4.507222175598144531e-01,2.393711209297180176e-01,9.031363725662231445e-01,1.240899291587993503e-05
1.002103090286254883e+00,-4.861549139022827148e-01,-3.842714428901672363e-01,3.815234601497650146e-01,8.456600308418273926e-01,4.709108179667964578e-05
1.007116794586181641e+00,-5.827427506446838379e-01,-4.851622879505157471e-01,3.737503886222839355e-01,8.570410609245300293e-01,2.390118243056349456e-05
1.007407546043395996e+00,-5.195667743682861328e-01,-4.681227207183837891e-01,3.343479931354522705e-01,8.595978617668151855e-01,4.606167294696206227e-06
1.008886575698852539e+00,-5.704272985458374023e-01,-4.840058088302612305e-01,3.036532998085021973e-01,8.539558053016662598e-01,6.132801445346558467e-06
1.007555007934570312e+00,-5.434293150901794434e-01,-4.623025953769683838e-01,3.127857744693756104e-01,8.640519976615905762e-01,7.241383627842878923e-06
1.000695943832397461e+00,-5.438351631164550781e-01,-3.840438127517700195e-01,3.134521842002868652e-01,8.683199286460876465e-01,4.613943747244775295e-05
1.004783630371093750e+00,-5.753958225250244141e-01,-4.531899690628051758e-01,3.572106063365936279e-01,8.609893918037414551e-01,1.275868180528050289e-05
1.001691699028015137e+00,-5.123627185821533203e-01,-3.374456167221069336e-01,4.440069496631622314e-01,8.330365419387817383e-01,5.648322621709667146e-05
1.006055951118469238e+00,-4.887082874774932861e-01,-4.706071615219116211e-01,2.815080881118774414e-01,8.633871674537658691e-01,4.904387424176093191e-06
1.010203599929809570e+00,-5.664895772933959961e-01,-5.056987404823303223e-01,3.513264656066894531e-01,8.653260469436645508e-01,1.301137035625288263e-05
1.005524873733520508e+00,-4.693446457386016846e-01,-3.123761117458343506e-01,5.054652690887451172e-01,8.196483850479125977e-01,1.752755633788183331e-05
1.006742596626281738e+00,-5.109584927558898926e-01,-4.662016630172729492e-01,3.009089529514312744e-01,8.429566025733947754e-01,8.843477553455159068e-05
1.008609771728515625e+00,-5.560787320137023926e-01,-4.708521664142608643e-01,2.899892926216125488e-01,8.819213509559631348e-01,1.325521225226111710e-05
1.006490826606750488e+00,-5.868846178054809570e-01,-4.622370302677154541e-01,3.281325697898864746e-01,8.754064440727233887e-01,2.210617276432458311e-05
1.010457992553710938e+00,-5.491551756858825684e-01,-5.022006034851074219e-01,3.173924386501312256e-01,8.689244389533996582e-01,2.883371053030714393e-05
1.008740544319152832e+00,-5.196560621261596680e-01,-4.956596791744232178e-01,2.911650538444519043e-01,8.600757122039794922e-01,1.301649263041326776e-06
1.005945682525634766e+00,-5.367274284362792969e-01,-4.520485699176788330e-01,2.919833958148956299e-01,8.583227992057800293e-01,1.328620965068694204e-05
1.007066488265991211e+00,-5.932203531265258789e-01,-4.535814225673675537e-01,2.621194720268249512e-01,9.010258913040161133e-01,5.261594924377277493e-05
1.003599286079406738e+00,-5.585817694664001465e-01,-4.484451413154602051e-01,4.071428775787353516e-01,8.418632745742797852e-01,6.556142034241929650e-05
1.002676248550415039e+00,-5.288966894149780273e-01,-4.120669066905975342e-01,3.122927248477935791e-01,8.537160158157348633e-01,4.831381374970078468e-04
1.007030844688415527e+00,-5.484368205070495605e-01,-4.675909876823425293e-01,3.491870164871215820e-01,8.621993660926818848e-01,5.375544787966646254e-06
1.002787351608276367e+00,-5.211750268936157227e-01,-3.846694231033325195e-01,5.090035796165466309e-01,8.281325697898864746e-01,5.919836439716164023e-06
1.006108641624450684e+00,-5.485601425170898438e-01,-4.585212469100952148e-01,3.150570690631866455e-01,8.652659058570861816e-01,3.148171890643425286e-05
1.007031798362731934e+00,-5.285508632659912109e-01,-4.596582949161529541e-01,3.105212450027465820e-01,8.598440885543823242e-01,4.602080480253789574e-06
1.010543465614318848e+00,-5.832359790802001953e-01,-4.897725880146026611e-01,2.770797908306121826e-01,8.511453866958618164e-01,1.158271697931922972e-04
1.008221745491027832e+00,-5.278780460357666016e-01,-4.750789999961853027e-01,2.906152904033660889e-01,8.630173802375793457e-01,1.732170130708254874e-05
1.002182364463806152e+00,-5.046043992042541504e-01,-4.036298394203186035e-01,3.130780458450317383e-01,8.594881296157836914e-01,2.081334605463780463e-05
1.004235148429870605e+00,-5.609481930732727051e-01,-4.309070408344268799e-01,3.673637211322784424e-01,8.537663221359252930e-01,7.812668627593666315e-05
1.008657097816467285e+00,-5.432708263397216797e-01,-3.930690884590148926e-01,2.243444919586181641e-01,8.906350731849670410e-01,3.088298035436309874e-05
1.003483414649963379e+00,-5.262669920921325684e-01,-4.240552186965942383e-01,3.398644924163818359e-01,8.605583906173706055e-01,9.162200876744464040e-05
1.008746623992919922e+00,-5.837804079055786133e-01,-5.088452100753784180e-01,3.834429383277893066e-01,8.403930068016052246e-01,6.383413710864260793e-05
1.020211100578308105e+00,-4.557034373283386230e-01,-5.256455540657043457e-01,5.471609234809875488e-01,9.752315878868103027e-01,3.115343133686110377e-05
1.006434202194213867e+00,-5.793361663818359375e-01,-4.867576658725738525e-01,3.852959275245666504e-01,8.328013420104980469e-01,6.681506056338548660e-05
1.005784511566162109e+00,-5.163217782974243164e-01,-4.475095570087432861e-01,2.896053493022918701e-01,8.673242926597595215e-01,1.622321633476531133e-06
1.004340887069702148e+00,-5.416275262832641602e-01,-4.605251550674438477e-01,4.705227911472320557e-01,8.458911776542663574e-01,2.158807183150202036e-05
1.002344846725463867e+00,-5.229530334472656250e-01,-4.110940694808959961e-01,3.720587790012359619e-01,8.353812098503112793e-01,1.058820816979277879e-05
1.005222558975219727e+00,-5.089560151100158691e-01,-4.384379684925079346e-01,3.171301186084747314e-01,8.646129965782165527e-01,1.374227485939627513e-05
1.007488369941711426e+00,-5.621785521507263184e-01,-4.714081585407257080e-01,3.509099185466766357e-01,8.685839176177978516e-01,1.481179970141965896e-05
1.003983139991760254e+00,-5.327847599983215332e-01,-4.340057373046875000e-01,4.676037132740020752e-01,8.543568849563598633e-01,5.142260306456591934e-06
1.010956764221191406e+00,-5.507236719131469727e-01,-5.303150415420532227e-01,3.185322284698486328e-01,8.874272108078002930e-01,2.378313001827336848e-05
1.001536130905151367e+00,-5.243474245071411133e-01,-3.837908804416656494e-01,5.328895449638366699e-01,8.451704978942871094e-01,2.809184297802858055e-05
1.010970711708068848e+00,-5.132667422294616699e-01,-4.965706765651702881e-01,2.770974338054656982e-01,8.921995759010314941e-01,9.470711120229680091e-06
1.008217811584472656e+00,-5.324290990829467773e-01,-4.683836996555328369e-01,2.972734570503234863e-01,8.709861040115356445e-01,4.936600817018188536e-06
1.010430216789245605e+00,-5.640716552734375000e-01,-5.039569139480590820e-01,3.231360316276550293e-01,8.515870571136474609e-01,4.249972334946505725e-05
1.004956960678100586e+00,-5.202811360359191895e-01,-4.317375421524047852e-01,3.776361048221588135e-01,8.558344841003417969e-01,1.825714862206950784e-04
1.005084395408630371e+00,-4.724812805652618408e-01,-4.433336555957794189e-01,3.085782527923583984e-01,8.695476651191711426e-01,2.353568015678320080e-05
1.007990837097167969e+00,-5.715117454528808594e-01,-4.830958843231201172e-01,3.492036759853363037e-01,8.630771636962890625e-01,2.078517900372389704e-05
1.005835652351379395e+00,-5.735181570053100586e-01,-4.772992730140686035e-01,3.894366919994354248e-01,8.417280316352844238e-01,1.068863348336890340e-04
1.007720947265625000e+00,-5.778732299804687500e-01,-4.808572530746459961e-01,3.244842588901519775e-01,8.463299870491027832e-01,1.825599247240461409e-05
1.003382802009582520e+00,-5.778705477714538574e-01,-4.655396044254302979e-01,3.982324004173278809e-01,8.403829336166381836e-01,6.117214070400223136e-05
1.002100825309753418e+00,-5.387001037597656250e-01,-4.166123569011688232e-01,3.253978192806243896e-01,8.507671356201171875e-01,2.112756737915333360e-05
1.007223963737487793e+00,-5.087788105010986328e-01,-4.703860878944396973e-01,2.742270827293395996e-01,8.677698373794555664e-01,2.647381506903911941e-06
1.012458324432373047e+00,-6.125555038452148438e-01,-5.303066372871398926e-01,3.338658213615417480e-01,8.418845534324645996e-01,2.147785744455177337e-05
1.004111409187316895e+00,-5.060227513313293457e-01,-4.272463917732238770e-01,3.260365426540374756e-01,8.680663108825683594e-01,1.243486076418776065e-05
1.006065130233764648e+00,-5.235931277275085449e-01,-4.609965085983276367e-01,2.985807359218597412e-01,8.671171665191650391e-01,8.335247548529878259e-05
1.003928661346435547e+00,-5.330078005790710449e-01,-4.273717999458312988e-01,4.430463016033172607e-01,8.410084247589111328e-01,3.645070137281436473e-06
1.001973390579223633e+00,-5.481151342391967773e-01,-4.067586064338684082e-01,4.469069838523864746e-01,8.283887505531311035e-01,1.809220702853053808e-05
1.006816864013671875e+00,-5.647916793823242188e-01,-4.684909284114837646e-01,3.653730452060699463e-01,8.653617501258850098e-01,1.586759026395156980e-05
1.002637386322021484e+00,-4.975214302539825439e-01,-4.073585271835327148e-01,3.268696069717407227e-01,8.598631024360656738e-01,1.770773815223947167e-05
9.985202550888061523e-01,-4.737043082714080811e-01,-2.220543026924133301e-01,4.736042022705078125e-01,8.634703159332275391e-01,2.455604771967045963e-05
1.012140989303588867e+00,-4.260095953941345215e-01,-5.029748678207397461e-01,1.797092556953430176e-01,8.951305150985717773e-01,4.880004780716262758e-05
1.009050250053405762e+00,-5.583362579345703125e-01,-4.890092313289642334e-01,3.275573849678039551e-01,8.266246318817138672e-01,2.867328003048896790e-04
1.009121537208557129e+00,-4.870094060897827148e-01,-4.720225632190704346e-01,2.485985755920410156e-01,9.017139673233032227e-01,1.628860445634927601e-05
1.006555438041687012e+00,-5.097039341926574707e-01,-4.586214423179626465e-01,2.914443612098693848e-01,8.689565658569335938e-01,3.272435833423514850e-06
1.012435317039489746e+00,-5.658714771270751953e-01,-5.230694413185119629e-01,3.159766197204589844e-01,8.538156747817993164e-01,1.677140062383841723e-05
1.006510853767395020e+00,-5.123752355575561523e-01,-4.557530283927917480e-01,3.282028138637542725e-01,8.596355319023132324e-01,3.143981757602887228e-06
1.008897423744201660e+00,-4.750683605670928955e-01,-4.713489115238189697e-01,2.461991459131240845e-01,8.960049748420715332e-01,2.350382237636949867e-05
9.992998242378234863e-01,-4.561266303062438965e-01,-2.356131374835968018e-01,4.150537252426147461e-01,8.603676557540893555e-01,5.186058842809870839e-05
1.012511134147644043e+00,-4.827795624732971191e-01,-4.945867061614990234e-01,2.438107281923294067e-01,9.104539752006530762e-01,1.139417054218938574e-05
1.012356519699096680e+00,-4.822354912757873535e-01,-4.940600097179412842e-01,2.418191283941268921e-01,9.079000353813171387e-01,6.436796866182703525e-06
1.006455421447753906e+00,-5.371981263160705566e-01,-4.601343870162963867e-01,2.963814735412597656e-01,8.590522408485412598e-01,5.758539373346138746e-06
1.006771922111511230e+00,-5.156429409980773926e-01,-4.622126817703247070e-01,3.207564949989318848e-01,8.470637798309326172e-01,6.603027577511966228e-05
1.005096435546875000e+00,-5.240980982780456543e-01,-4.386937320232391357e-01,3.229045867919921875e-01,8.547953367233276367e-01,2.127212428604252636e-05
1.007197499275207520e+00,-5.337795615196228027e-01,-4.610166251659393311e-01,2.960395812988281250e-01,8.512967824935913086e-01,3.031518645002506673e-05
1.010216712951660156e+00,-5.281919836997985840e-01,-5.136407613754272461e-01,3.161706328392028809e-01,8.548533916473388672e-01,4.598348459694534540e-05
1.008940577507019043e+00,-5.214370489120483398e-01,-5.012844800949096680e-01,3.173896372318267822e-01,8.559767007827758789e-01,1.974299811990931630e-05
1.006604194641113281e+00,-5.108471512794494629e-01,-4.650452435016632080e-01,3.227202892303466797e-01,8.534191250801086426e-01,4.806900324183516204e-05
1.006132364273071289e+00,-5.258753895759582520e-01,-4.535603821277618408e-01,2.995933294296264648e-01,8.636949062347412109e-01,1.882678043330088258e-05
1.005668520927429199e+00,-5.436859130859375000e-01,-4.532766938209533691e-01,2.955920994281768799e-01,8.546834588050842285e-01,3.906113852281123400e-05
1.005416035652160645e+00,-5.452802181243896484e-01,-4.421423971652984619e-01,3.080146312713623047e-01,8.610556125640869141e-01,9.308609151048585773e-06
1.004828810691833496e+00,-5.805779099464416504e-01,-4.783015549182891846e-01,3.882540166378021240e-01,8.341941833496093750e-01,5.817841520183719695e-05
1.008834004402160645e+00,-5.668879747390747070e-01,-4.497735798358917236e-01,2.217286676168441772e-01,8.962184786796569824e-01,1.086978409148287028e-05
1.002165913581848145e+00,-5.193632841110229492e-01,-4.144104123115539551e-01,3.336857855319976807e-01,8.538057804107666016e-01,2.160074291168712080e-05
1.006692051887512207e+00,-5.261737704277038574e-01,-4.663797914981842041e-01,3.818261027336120605e-01,8.415860533714294434e-01,5.623992183245718479e-05
1.007782578468322754e+00,-5.105197429656982422e-01,-4.695507586002349854e-01,3.043170273303985596e-01,8.632508516311645508e-01,1.844191501731984317e-05
1.007084012031555176e+00,-5.190978646278381348e-01,-4.638224244117736816e-01,3.327797055244445801e-01,8.571064472198486328e-01,3.019540054083336145e-05
1.005241870880126953e+00,-5.261386036872863770e-01,-4.431370496749877930e-01,3.291579484939575195e-01,8.490240573883056641e-01,1.807694752642419189e-05
1.008628010749816895e+00,-5.501509904861450195e-01,-4.758352041244506836e-01,3.302551805973052979e-01,8.687185049057006836e-01,1.324902314081555232e-05
1.008666038513183594e+00,-5.537499785423278809e-01,-4.827167689800262451e-01,3.215009272098541260e-01,8.141701817512512207e-01,3.433154197409749031e-04
1.006003141403198242e+00,-5.356197357177734375e-01,-4.494679570198059082e-01,3.292053937911987305e-01,8.584094047546386719e-01,4.573461410473100841e-06
1.003146886825561523e+00,-5.411791801452636719e-01,-4.273021519184112549e-01,3.283472061157226562e-01,8.547648191452026367e-01,5.165777565707685426e-06
1.008997797966003418e+00,-5.752921104431152344e-01,-4.762547314167022705e-01,3.185427486896514893e-01,8.710590600967407227e-01,3.160927735734730959e-05
1.007252812385559082e+00,-5.479540228843688965e-01,-4.688043892383575439e-01,3.560542166233062744e-01,8.544116020202636719e-01,3.237505552533548325e-06
1.004641532897949219e+00,-5.310062170028686523e-01,-4.421075582504272461e-01,2.885174155235290527e-01,8.500953316688537598e-01,2.853817568393424153e-05
1.002404093742370605e+00,-5.332051515579223633e-01,-4.227916896343231201e-01,3.431667089462280273e-01,8.610492944717407227e-01,2.122058685927186161e-05
1.003064632415771484e+00,-5.718550086021423340e-01,-4.282530546188354492e-01,3.400825858116149902e-01,8.628252744674682617e-01,1.062457704392727464e-05
1.004032254219055176e+00,-5.485409498214721680e-01,-4.333997368812561035e-01,3.152554929256439209e-01,8.518757224082946777e-01,4.279768472770228982e-05
1.011790752410888672e+00,-4.571207165718078613e-01,-4.932882487773895264e-01,1.921029239892959595e-01,9.118757843971252441e-01,9.772842895472422242e-05
1.004486560821533203e+00,-5.258248448371887207e-01,-4.380723237991333008e-01,2.913181483745574951e-01,8.565475940704345703e-01,3.035595909750554711e-05
1.004976034164428711e+00,-5.744494199752807617e-01,-4.550175070762634277e-01,3.254075646400451660e-01,8.426481485366821289e-01,2.582902670837938786e-04
1.008555531501770020e+00,-5.251779556274414062e-01,-4.729543626308441162e-01,2.679880261421203613e-01,8.830301165580749512e-01,2.084152947645634413e-05
1.002427220344543457e+00,-5.458415746688842773e-01,-4.144569635391235352e-01,3.583651185035705566e-01,8.453223705291748047e-01,6.204332021297886968e-05
1.008079290390014648e+00,-5.266565680503845215e-01,-4.730966389179229736e-01,3.003780245780944824e-01,8.643673658370971680e-01,2.904835127992555499e-06
1.002293229103088379e+00,-5.627100467681884766e-01,-4.038107097148895264e-01,3.210580348968505859e-01,8.678413033485412598e-01,6.955811113584786654e-05
1.006671905517578125e+00,-5.156468749046325684e-01,-4.614545106887817383e-01,3.073919117450714111e-01,8.683644533157348633e-01,5.382933977671200410e-06
1.005833745002746582e+00,-4.867012202739715576e-01,-4.667721688747406006e-01,2.681099772453308105e-01,8.668791055679321289e-01,8.305128176289144903e-06
1.006615638732910156e+00,-5.203615427017211914e-01,-4.569555819034576416e-01,2.902352511882781982e-01,8.556653857231140137e-01,8.959768820204772055e-06
1.009510278701782227e+00,-5.485539436340332031e-01,-4.947967529296875000e-01,3.271022737026214600e-01,8.750504851341247559e-01,1.998202969843987375e-05
1.012062191963195801e+00,-4.656301736831665039e-01,-5.003831386566162109e-01,2.307433485984802246e-01,9.035677313804626465e-01,2.201926508860196918e-05
1.002891778945922852e+00,-5.502777099609375000e-01,-4.158919751644134521e-01,4.701873660087585449e-01,8.221556544303894043e-01,7.680082489969208837e-06
1.003259778022766113e+00,-5.707160830497741699e-01,-4.625504016876220703e-01,4.638266265392303467e-01,8.224208950996398926e-01,3.408308839425444603e-05
1.003971695899963379e+00,-4.945689141750335693e-01,-3.999800384044647217e-01,4.419113099575042725e-01,8.301697969436645508e-01,2.151778426195960492e-05
1.005159974098205566e+00,-5.771176815032958984e-01,-4.812020361423492432e-01,4.204063713550567627e-01,8.404462933540344238e-01,3.581967757781967521e-05
1.010303378105163574e+00,-5.929846763610839844e-01,-5.040095448493957520e-01,3.192094266414642334e-01,8.752982020378112793e-01,2.238494926132261753e-05
1.016571044921875000e+00,-4.525199830532073975e-01,8.041267842054367065e-02,5.798434019088745117e-01,7.811194062232971191e-01,3.401700496397097595e-06
9.978107810020446777e-01,-3.624498844146728516e-01,5.682086944580078125e-01,5.474199652671813965e-01,9.405426979064941406e-01,5.617770148091949522e-05
1.009161829948425293e+00,-5.715962052345275879e-01,6.032506376504898071e-02,3.895743787288665771e-01,7.686269283294677734e-01,5.416759449872188270e-06
9.984975457191467285e-01,-5.714975595474243164e-01,3.000511825084686279e-01,2.350180149078369141e-01,9.294956326484680176e-01,5.205834531807340682e-05
1.005179643630981445e+00,-4.715420305728912354e-01,1.720009446144104004e-01,5.536745786666870117e-01,8.381071090698242188e-01,2.371114896959625185e-05
1.010353207588195801e+00,-5.220109224319458008e-01,5.646014586091041565e-02,3.397553861141204834e-01,7.844222187995910645e-01,6.183363439049571753e-06
1.039687275886535645e+00,-6.542645692825317383e-01,-1.353404372930526733e-01,2.513437271118164062e-01,6.998226642608642578e-01,1.461738702346337959e-05
1.013340473175048828e+00,-5.567075014114379883e-01,-7.865386083722114563e-03,3.207322359085083008e-01,7.552077770233154297e-01,1.584827623446471989e-05
1.008992552757263184e+00,-5.958681106567382812e-01,2.166176773607730865e-02,3.372331559658050537e-01,7.631456851959228516e-01,6.522434705402702093e-05
9.982371926307678223e-01,-5.641410350799560547e-01,3.176083266735076904e-01,2.324816286563873291e-01,9.355300068855285645e-01,4.233060462865978479e-05
1.008126020431518555e+00,-5.139068961143493652e-01,1.616729497909545898e-01,3.892368078231811523e-01,8.124738931655883789e-01,7.192834164015948772e-05
1.000010848045349121e+00,-5.215986371040344238e-01,1.713205873966217041e-01,3.734483718872070312e-01,8.246443867683410645e-01,5.702691851183772087e-05
1.023776292800903320e+00,-5.908778905868530273e-01,-2.676244080066680908e-02,3.665457963943481445e-01,7.402659058570861816e-01,7.976197957759723067e-05
1.062327384948730469e+00,-6.553705930709838867e-01,-2.248057425022125244e-01,2.900972664356231689e-01,6.428786516189575195e-01,8.939912368077784777e-05
1.019630551338195801e+00,-5.838357210159301758e-01,-8.206659927964210510e-03,3.563954532146453857e-01,7.531223297119140625e-01,7.669853221159428358e-05
9.886720180511474609e-01,-4.833769798278808594e-01,3.657633662223815918e-01,4.284434318542480469e-01,8.915121555328369141e-01,7.059247582219541073e-05
1.061889648437500000e+00,-6.787656992673873901e-02,-2.194887101650238037e-01,-5.065351142548024654e-04,7.103054523468017578e-01,3.164685767842456698e-05
1.072216987609863281e+00,-4.161014258861541748e-01,7.351656258106231689e-02,7.009956836700439453e-01,9.178938865661621094e-01,1.250789523510320578e-06
1.005234479904174805e+00,-3.893951773643493652e-01,2.659326493740081787e-01,5.367221832275390625e-01,8.696743249893188477e-01,1.932135273818857968e-05
1.001339793205261230e+00,-5.424726605415344238e-01,5.527694821357727051e-01,3.796859681606292725e-01,9.753504991531372070e-01,2.946518725366331637e-05
1.016902923583984375e+00,-5.589231252670288086e-01,5.321468785405158997e-02,2.027314454317092896e-01,8.296438455581665039e-01,1.155142672359943390e-04
1.014968752861022949e+00,-6.095777750015258789e-01,7.277297228574752808e-02,2.505949735641479492e-01,8.248775601387023926e-01,1.332552346866577864e-05
9.995324015617370605e-01,-4.965417981147766113e-01,5.160184502601623535e-01,2.151100486516952515e-01,9.786292314529418945e-01,9.679282811703160405e-06
1.003883361816406250e+00,-5.643419623374938965e-01,1.784549653530120850e-01,1.963774859905242920e-01,8.896008729934692383e-01,1.891598367365077138e-05
1.000169157981872559e+00,-5.312109589576721191e-01,1.127268150448799133e-01,2.565783262252807617e-01,8.428066372871398926e-01,2.773871528916060925e-04
1.044495105743408203e+00,-6.705003976821899414e-01,-1.769802272319793701e-01,2.428919672966003418e-01,6.768342256546020508e-01,2.033538621617481112e-04
1.005365967750549316e+00,-5.379616022109985352e-01,5.187922120094299316e-01,4.135746657848358154e-01,9.610378146171569824e-01,1.710526703391224146e-05
1.015563964843750000e+00,-5.841554403305053711e-01,3.041881322860717773e-02,1.585124582052230835e-01,8.414499759674072266e-01,1.030764906317926943e-05
9.984811544418334961e-01,-5.395469069480895996e-01,5.463511943817138672e-01,3.558478653430938721e-01,9.765315055847167969e-01,1.964149669220205396e-05
1.047480225563049316e+00,-6.303635239601135254e-01,-1.459050327539443970e-01,3.092432618141174316e-01,6.880407333374023438e-01,1.475081371609121561e-04
1.004984259605407715e+00,9.539004564285278320e-01,-2.075189799070358276e-01,3.217792212963104248e-01,8.532273769378662109e-01,1.429727708455175161e-04
1.008885741233825684e+00,-5.280525684356689453e-01,9.844182431697845459e-02,2.420082092285156250e-01,8.436471223831176758e-01,1.354293817712459713e-05
1.010689139366149902e+00,-5.189152359962463379e-01,7.216122746467590332e-02,2.113790512084960938e-01,8.435804843902587891e-01,2.926281740656122565e-05
1.012893915176391602e+00,-4.992659091949462891e-01,6.843065470457077026e-02,5.385594367980957031e-01,7.966690063476562500e-01,3.669342549983412027e-05
9.984369874000549316e-01,-5.344686508178710938e-01,5.089362859725952148e-01,2.797380685806274414e-01,9.751457571983337402e-01,5.681683433067519218e-06
1.009255170822143555e+00,-5.723592042922973633e-01,2.596539631485939026e-02,3.031324446201324463e-01,7.817466259002685547e-01,4.121660458622500300e-05
1.012245178222656250e+00,-5.140678882598876953e-01,7.768296450376510620e-02,3.795419335365295410e-01,7.837768197059631348e-01,3.651901351986452937e-05
1.013176321983337402e+00,-5.454152822494506836e-01,2.480278164148330688e-02,3.450645208358764648e-01,7.702537775039672852e-01,1.903276643133722246e-05
9.984400272369384766e-01,-5.131375193595886230e-01,5.062669515609741211e-01,2.418134361505508423e-01,9.765060544013977051e-01,6.034427769918693230e-06
9.990691542625427246e-01,-5.290099978446960449e-01,4.672907888889312744e-01,3.386810123920440674e-01,9.591139554977416992e-01,3.710747478180564940e-06
1.021249890327453613e+00,-5.699435472488403320e-01,1.280318498611450195e-01,4.478160738945007324e-01,7.901678681373596191e-01,6.205183453857898712e-04
9.993263483047485352e-01,-5.502364635467529297e-01,5.325528979301452637e-01,3.635427951812744141e-01,9.732956886291503906e-01,2.270251570735126734e-05
9.955686330795288086e-01,-5.315101146697998047e-01,4.203948676586151123e-01,1.777178049087524414e-01,9.672141671180725098e-01,3.813434886978939176e-05
1.026360273361206055e+00,-5.765615701675415039e-01,-5.598350986838340759e-02,3.740308284759521484e-01,7.175809144973754883e-01,1.681325738900341094e-05
1.009717106819152832e+00,-6.452686786651611328e-01,2.604023925960063934e-02,9.602221846580505371e-02,8.593082427978515625e-01,2.676497388165444136e-04
1.053256034851074219e+00,-6.690585613250732422e-01,-2.185112088918685913e-01,2.335809916257858276e-01,6.471207141876220703e-01,2.229224919574335217e-04
1.035619497299194336e+00,-6.154863834381103516e-01,-8.045578747987747192e-02,3.784701824188232422e-01,7.135804295539855957e-01,1.139600935857743025e-04
1.039696455001831055e+00,-3.487003743648529053e-01,-8.318090438842773438e-02,5.128767490386962891e-01,7.257885932922363281e-01,2.300960113643668592e-05
1.017104744911193848e+00,-4.914666414260864258e-01,-1.961854519322514534e-03,3.231661319732666016e-01,7.921509146690368652e-01,2.523581206332892179e-04
1.009103298187255859e+00,-5.630731582641601562e-01,4.539916291832923889e-02,2.653040587902069092e-01,8.077862262725830078e-01,4.102003731532022357e-05
1.007842898368835449e+00,-5.562571883201599121e-01,8.537442982196807861e-02,3.194538354873657227e-01,8.045623302459716797e-01,7.798784281476400793e-06
9.993326067924499512e-01,-5.625794529914855957e-01,1.404184252023696899e-01,5.141445398330688477e-01,7.745581865310668945e-01,2.329977287445217371e-04
1.005768418312072754e+00,-5.826977491378784180e-01,1.392907947301864624e-01,2.044578492641448975e-01,8.779839873313903809e-01,1.076410626410506666e-05
1.029068827629089355e+00,-6.431335806846618652e-01,-6.227321177721023560e-02,2.265142500400543213e-01,7.624576091766357422e-01,5.014373164158314466e-05
1.010437250137329102e+00,-5.533255338668823242e-01,3.231931477785110474e-03,3.081516921520233154e-01,7.682097554206848145e-01,5.389247598941437900e-05
1.000270605087280273e+00,-5.363143682479858398e-01,5.578898787498474121e-01,3.720539212226867676e-01,9.770484566688537598e-01,2.499938455002848059e-05
9.985574483871459961e-01,-5.861010551452636719e-01,1.367677301168441772e-01,4.024900961667299271e-03,9.180975556373596191e-01,5.063554272055625916e-05
1.008579611778259277e+00,-5.336948633193969727e-01,3.984751179814338684e-02,3.498050272464752197e-01,7.731498479843139648e-01,2.061922350549139082e-05
1.027603626251220703e+00,-6.467075347900390625e-01,-1.144179552793502808e-01,1.628704071044921875e-01,7.504783272743225098e-01,1.104700422729365528e-04
9.959441423416137695e-01,-5.208486914634704590e-01,5.174692869186401367e-01,2.762349843978881836e-01,9.769715070724487305e-01,1.192498621094273403e-05
1.049309372901916504e+00,-6.463673710823059082e-01,-1.518003195524215698e-01,3.507966697216033936e-01,6.781541109085083008e-01,7.370532694039866328e-05
1.018034338951110840e+00,-5.039066076278686523e-01,1.284892205148935318e-02,2.760314047336578369e-01,8.001627326011657715e-01,5.003155820304527879e-05
1.018737435340881348e+00,-5.779567360877990723e-01,5.055099725723266602e-02,2.557383775711059570e-01,8.149397969245910645e-01,1.707066840026527643e-04
1.023053169250488281e+00,-6.414115428924560547e-01,-1.232898328453302383e-02,2.128424644470214844e-01,7.997591495513916016e-01,6.844758172519505024e-05
1.010879993438720703e+00,-5.944153666496276855e-01,2.144788578152656555e-02,1.988849341869354248e-01,8.171259164810180664e-01,1.407722593285143375e-04
1.037052869796752930e+00,-6.478123664855957031e-01,-7.222071290016174316e-02,3.301134407520294189e-01,7.244979143142700195e-01,2.059251710306853056e-04
1.069315433502197266e+00,-6.720181703567504883e-01,-2.267769277095794678e-01,3.957613408565521240e-01,6.215873956680297852e-01,2.148474886780604720e-04
1.015664935111999512e+00,-5.445974469184875488e-01,3.670256212353706360e-02,3.905189037322998047e-01,7.782500982284545898e-01,1.207715540658682585e-04
1.025178194046020508e+00,-6.118963956832885742e-01,-3.170854598283767700e-02,3.591313064098358154e-01,7.406830787658691406e-01,7.657818787265568972e-05
1.016032218933105469e+00,-5.986967086791992188e-01,2.674749121069908142e-02,2.553973495960235596e-01,7.997146248817443848e-01,7.395823558908887208e-06
1.010989427566528320e+00,-5.187821388244628906e-01,5.595219507813453674e-02,2.746497392654418945e-01,8.120821714401245117e-01,2.348549423913937062e-05
9.997038245201110840e-01,-5.225527286529541016e-01,2.863685488700866699e-01,2.383702099323272705e-01,9.178907871246337891e-01,4.626083318726159632e-05
1.000162601470947266e+00,-5.520846843719482422e-01,3.306406736373901367e-01,1.205698996782302856e-01,9.532123208045959473e-01,6.330944597721099854e-05
1.016421794891357422e+00,-4.865325689315795898e-01,5.068755894899368286e-02,2.654740512371063232e-01,8.205833435058593750e-01,4.908112532575614750e-05
1.025702357292175293e+00,-6.513127088546752930e-01,-5.506654083728790283e-02,1.938995420932769775e-01,7.716765403747558594e-01,3.643566378741525114e-05
1.001399636268615723e+00,-5.524070262908935547e-01,4.201810956001281738e-01,2.500066757202148438e-01,9.598851799964904785e-01,2.505570955690927804e-05
9.953234195709228516e-01,-4.838980734348297119e-01,4.899564087390899658e-01,3.869652152061462402e-01,9.541015028953552246e-01,2.427928302495274693e-05
1.022697806358337402e+00,-6.388254165649414062e-01,-3.946680575609207153e-02,1.323032677173614502e-01,8.058972954750061035e-01,1.955224615812767297e-05
1.013694882392883301e+00,-5.504242181777954102e-01,5.533505976200103760e-02,3.371789157390594482e-01,7.845482230186462402e-01,5.243979103397578001e-05
1.012744307518005371e+00,-5.888131260871887207e-01,9.429074823856353760e-02,3.445774316787719727e-01,7.932096719741821289e-01,2.459510142216458917e-05
9.923678040504455566e-01,-4.835993647575378418e-01,3.638041317462921143e-01,3.787571787834167480e-01,9.078148603439331055e-01,3.419005952309817076e-05
1.007539272308349609e+00,-6.197658777236938477e-01,8.141121268272399902e-02,1.940700858831405640e-01,8.516154289245605469e-01,7.257974357344210148e-05
1.021989941596984863e+00,-5.553921461105346680e-01,-4.452224820852279663e-02,3.380059897899627686e-01,7.357597351074218750e-01,3.035250665561761707e-05
1.023414373397827148e+00,-6.037590503692626953e-01,-6.166753172874450684e-02,2.227564156055450439e-01,7.679899334907531738e-01,3.962431219406425953e-05
1.015792489051818848e+00,-4.577053487300872803e-01,2.101305685937404633e-02,3.078816831111907959e-01,8.308290839195251465e-01,8.026463910937309265e-05
1.014467716217041016e+00,-4.597186148166656494e-01,3.567060828208923340e-02,2.843440473079681396e-01,8.298276066780090332e-01,4.953578172717243433e-05
1.003531813621520996e+00,-5.390274524688720703e-01,1.091380864381790161e-01,3.124693930149078369e-01,8.188194036483764648e-01,6.473657413152977824e-05
1.017814636230468750e+00,-6.164495944976806641e-01,1.639752066694200039e-03,3.699764907360076904e-01,7.512863278388977051e-01,3.791280960285803303e-06
1.015452861785888672e+00,-6.010060310363769531e-01,3.045299462974071503e-02,2.360339611768722534e-01,8.051626682281494141e-01,1.235415493283653632e-05
1.008328795433044434e+00,-5.897058248519897461e-01,1.366480886936187744e-01,2.696589231491088867e-01,8.467268943786621094e-01,7.402522896882146597e-06
1.002700090408325195e+00,-5.560810565948486328e-01,1.607936471700668335e-01,3.732509315013885498e-01,8.185282349586486816e-01,2.142798621207475662e-05
1.017667412757873535e+00,-4.501557052135467529e-01,1.145339570939540863e-02,3.023803830146789551e-01,8.319728374481201172e-01,5.470184987643733621e-05
1.016181349754333496e+00,-4.238809347152709961e-01,4.323256760835647583e-02,2.941320538520812988e-01,8.512168526649475098e-01,9.137488086707890034e-05
1.011151552200317383e+00,-5.244764685630798340e-01,6.080327183008193970e-02,2.336038053035736084e-01,8.299930095672607422e-01,1.804023668228182942e-05
1.002977371215820312e+00,-5.724196434020996094e-01,1.086802780628204346e-01,3.585120737552642822e-01,7.969622611999511719e-01,9.887244232231751084e-05
1.015150070190429688e+00,-5.728700160980224609e-01,-3.536299103870987892e-03,2.723764777183532715e-01,7.788534164428710938e-01,1.555619019200094044e-05
1.016610264778137207e+00,-5.761159658432006836e-01,7.925960421562194824e-02,3.331358432769775391e-01,7.971524000167846680e-01,1.579575036885216832e-04
1.008141756057739258e+00,-5.534089803695678711e-01,1.022830903530120850e-01,2.901031672954559326e-01,8.261842727661132812e-01,5.888233317818958312e-06
1.017636656761169434e+00,-5.749374628067016602e-01,8.176767081022262573e-02,3.493426144123077393e-01,7.912781238555908203e-01,2.266587398480623960e-04
1.017367005348205566e+00,-4.790125489234924316e-01,9.523074142634868622e-03,2.901321649551391602e-01,8.163537979125976562e-01,6.237810157472267747e-05
1.018842816352844238e+00,-4.478776156902313232e-01,-2.487475518137216568e-03,3.013178110122680664e-01,8.264416456222534180e-01,6.276746717048808932e-05
9.935515522956848145e-01,-5.653703212738037109e-01,2.240844517946243286e-01,4.894565343856811523e-01,8.167555928230285645e-01,2.094740921165794134e-04
1.009985446929931641e+00,-5.599077939987182617e-01,4.236714541912078857e-02,2.664099931716918945e-01,8.059841394424438477e-01,2.553461308707483113e-05
1.020585775375366211e+00,-5.518791675567626953e-01,-4.000199958682060242e-02,3.209701478481292725e-01,7.460987567901611328e-01,2.722452336456626654e-05
1.006689190864562988e+00,-5.115573406219482422e-01,1.116843298077583313e-01,3.574171662330627441e-01,8.028701543807983398e-01,2.433402187307365239e-05
1.008947968482971191e+00,-5.611270666122436523e-01,8.121818304061889648e-02,2.585926651954650879e-01,8.278696537017822266e-01,1.291780063183978200e-05
1.002399086952209473e+00,-5.064039826393127441e-01,1.571215540170669556e-01,5.273157954216003418e-01,7.969843149185180664e-01,8.475857612211257219e-05
1.001255154609680176e+00,-5.692195892333984375e-01,4.266048073768615723e-01,4.387738406658172607e-01,9.217700958251953125e-01,1.722364322631619871e-05
9.934415817260742188e-01,-4.817183017730712891e-01,4.106248021125793457e-01,3.608632087707519531e-01,9.324483275413513184e-01,1.835829971241764724e-05
9.988118410110473633e-01,-5.796034336090087891e-01,1.960423588752746582e-01,3.455370664596557617e-01,8.483543395996093750e-01,1.784265041351318359e-04
1.020927786827087402e+00,-6.197507381439208984e-01,1.728565990924835205e-01,3.727526962757110596e-01,8.190732002258300781e-01,2.560195280238986015e-04
1.008381605148315430e+00,-4.968537688255310059e-01,1.072818785905838013e-01,3.446470201015472412e-01,8.076525926589965820e-01,2.909589966293424368e-05
1.012821912765502930e+00,-4.883395135402679443e-01,2.505494654178619385e-01,5.195732712745666504e-01,8.565120697021484375e-01,4.632101336028426886e-04
1.032212257385253906e+00,-6.283006072044372559e-01,-3.391956537961959839e-02,3.077782690525054932e-01,7.557666301727294922e-01,3.317677765153348446e-04
1.022807240486145020e+00,-5.879827141761779785e-01,-5.184949934482574463e-02,3.484069705009460449e-01,7.236071825027465820e-01,3.953808118239976466e-05
1.003016710281372070e+00,-5.483546257019042969e-01,3.585216403007507324e-01,2.942288517951965332e-01,9.307735562324523926e-01,3.301967080915346742e-05
1.032220005989074707e+00,-6.007802486419677734e-01,-8.456150442361831665e-02,2.429115474224090576e-01,7.457506656646728516e-01,3.463555185589939356e-04
1.004185199737548828e+00,-5.909022092819213867e-01,3.755362927913665771e-01,3.291936814785003662e-01,9.325922727584838867e-01,1.600646646693348885e-05
9.644892215728759766e-01,-2.015641331672668457e-01,-6.025912761688232422e-01,6.978255510330200195e-01,8.484219312667846680e-01,1.160526244348147884e-05
1.021815180778503418e+00,-6.390364766120910645e-01,-2.973094396293163300e-02,2.819783985614776611e-01,7.436892390251159668e-01,5.112188591738231480e-05
1.023920297622680664e+00,-5.968588590621948242e-01,-3.506494686007499695e-02,3.989266753196716309e-01,7.232516407966613770e-01,1.646697273827157915e-05
1.016503572463989258e+00,-5.756779313087463379e-01,-3.831890597939491272e-02,2.987217605113983154e-01,7.454626560211181641e-01,5.233776755630970001e-05
1.025405406951904297e+00,-6.128089427947998047e-01,-8.054429292678833008e-02,1.707588136196136475e-01,7.752617001533508301e-01,1.129558677348541096e-05
1.003406763076782227e+00,-4.024992883205413818e-01,2.918573915958404541e-01,6.131000518798828125e-01,8.749574422836303711e-01,3.497779471217654645e-05
1.004926562309265137e+00,-5.399584770202636719e-01,5.541902035474777222e-02,3.081927001476287842e-01,7.950091958045959473e-01,1.304137840634211898e-04
1.009940981864929199e+00,-5.800098180770874023e-01,7.316963374614715576e-02,1.033607944846153259e-01,8.778191804885864258e-01,4.133500260650180280e-05
1.008533716201782227e+00,-6.165949106216430664e-01,1.368438005447387695e-01,1.057151779532432556e-01,8.973379135131835938e-01,5.497588790603913367e-05
1.025574207305908203e+00,-5.976812243461608887e-01,-7.326754182577133179e-02,2.352289855480194092e-01,7.570453882217407227e-01,5.716851956094615161e-05
1.003612041473388672e+00,-5.284743309020996094e-01,1.144404038786888123e-01,2.659371793270111084e-01,8.422784209251403809e-01,8.658456499688327312e-05
1.008719205856323242e+00,-5.808932781219482422e-01,1.209554374217987061e-01,2.401962131261825562e-01,8.520574569702148438e-01,7.347732662310590968e-06
1.007738471031188965e+00,-4.664148986339569092e-01,4.836574792861938477e-01,4.858642444014549255e-02,9.770934581756591797e-01,1.031021747621707618e-04
1.048828959465026855e+00,-6.513667106628417969e-01,-1.799040734767913818e-01,3.730727732181549072e-01,6.455101370811462402e-01,2.785773540381342173e-05
1.003517866134643555e+00,-5.837153196334838867e-01,1.742515414953231812e-01,2.756690979003906250e-01,8.608834743499755859e-01,5.947538011241704226e-05
1.018711924552917480e+00,-6.093750000000000000e-01,1.041151210665702820e-02,3.492935597896575928e-01,7.606651782989501953e-01,3.120908513665199280e-05
1.007221102714538574e+00,-4.265824258327484131e-01,2.000140398740768433e-01,5.668305158615112305e-01,8.454183936119079590e-01,6.428861524909734726e-05
1.010802865028381348e+00,-5.950156450271606445e-01,6.682976335287094116e-02,2.631703913211822510e-01,8.207886219024658203e-01,1.764407898008357733e-05
1.010599613189697266e+00,-5.897054076194763184e-01,-4.812054336071014404e-03,2.623593211174011230e-01,7.791113257408142090e-01,1.257153344340622425e-04
1.000629901885986328e+00,-5.540858507156372070e-01,3.853304088115692139e-01,2.209444493055343628e-01,9.554041624069213867e-01,3.649836435215547681e-05
1.010035037994384766e+00,-5.465068221092224121e-01,9.228137880563735962e-02,2.403222471475601196e-01,8.407220840454101562e-01,2.047918678727000952e-05
1.032280087471008301e+00,-6.382022500038146973e-01,-9.068496525287628174e-02,3.344330489635467529e-01,7.034105062484741211e-01,3.575582377379760146e-05
1.022794842720031738e+00,-6.316564679145812988e-01,-3.577015548944473267e-02,3.091031610965728760e-01,7.357408404350280762e-01,1.493031049903947860e-05
1.000350117683410645e+00,-6.029671430587768555e-01,7.667569071054458618e-02,-6.164768710732460022e-02,8.987665176391601562e-01,3.426360199227929115e-04
1.029539465904235840e+00,-6.377047300338745117e-01,-1.057142019271850586e-01,2.367320358753204346e-01,7.268407344818115234e-01,3.949688107240945101e-05
1.013571619987487793e+00,-5.864129066467285156e-01,4.381927475333213806e-02,3.602189421653747559e-01,7.701357603073120117e-01,1.586148391652386636e-05
1.010114669799804688e+00,9.503681659698486328e-01,-1.561531722545623779e-01,3.232394456863403320e-01,8.432170748710632324e-01,3.862640296574681997e-04
1.002371311187744141e+00,-5.718140602111816406e-01,1.412769109010696411e-01,3.989941775798797607e-01,8.015433549880981445e-01,4.487018304644152522e-05
1.009378314018249512e+00,-5.589300990104675293e-01,5.917381122708320618e-02,2.697178721427917480e-01,8.121464848518371582e-01,2.051841147476807237e-05
1.021363854408264160e+00,-4.408421814441680908e-01,3.828858211636543274e-02,5.857015848159790039e-01,7.569535970687866211e-01,7.492705663025844842e-06
9.943748712539672852e-01,-5.234621167182922363e-01,2.363445907831192017e-01,4.226100742816925049e-01,8.386002182960510254e-01,1.363343908451497555e-04
1.027312159538269043e+00,-6.070141792297363281e-01,-4.631704837083816528e-02,3.656844496726989746e-01,7.313765287399291992e-01,4.978499418939463794e-05
1.036197900772094727e+00,-6.556056737899780273e-01,-1.497882902622222900e-01,1.901254951953887939e-01,7.062333822250366211e-01,1.354905252810567617e-04
1.031434535980224609e+00,-3.814422488212585449e-01,-4.093036800622940063e-02,5.497391223907470703e-01,7.573832273483276367e-01,2.080780541291460395e-05
1.018673896789550781e+00,-5.670853853225708008e-01,-5.373756214976310730e-02,3.024566471576690674e-01,7.373576760292053223e-01,1.285327307414263487e-04
1.020847916603088379e+00,-4.373052120208740234e-01,3.133191913366317749e-02,6.005073785781860352e-01,7.782529592514038086e-01,3.851932888210285455e-06
1.011524677276611328e+00,-5.120051503181457520e-01,7.605079561471939087e-02,3.214398324489593506e-01,8.046054840087890625e-01,1.029533814289607108e-05
1.024782538414001465e+00,-6.191984415054321289e-01,-9.887004643678665161e-02,1.735897511243820190e-01,7.631026506423950195e-01,5.560401768889278173e-05
1.004079222679138184e+00,-5.611367225646972656e-01,1.469096392393112183e-01,2.788439095020294189e-01,8.474518656730651855e-01,3.491300594760105014e-05
1.012615680694580078e+00,-5.734975934028625488e-01,1.086958274245262146e-01,5.021333098411560059e-01,8.189625740051269531e-01,6.860074354335665703e-04
1.012007474899291992e+00,-5.217359066009521484e-01,8.172664046287536621e-02,3.964055478572845459e-01,7.851220369338989258e-01,5.326432074070908129e-05
1.034342050552368164e+00,-6.349798440933227539e-01,-2.072561904788017273e-02,3.117369711399078369e-01,7.589840888977050781e-01,4.232806677464395761e-04
1.028941035270690918e+00,-4.333374798297882080e-01,-1.580177457071840763e-03,5.507447123527526855e-01,7.422192692756652832e-01,1.097043605113867670e-05
1.002371549606323242e+00,-5.616657733917236328e-01,1.556252837181091309e-01,4.107641577720642090e-01,8.024454712867736816e-01,1.963920476555358618e-05
9.984011054039001465e-01,-5.702347159385681152e-01,4.271843433380126953e-01,2.888488471508026123e-01,9.579294919967651367e-01,1.209698530146852136e-05
1.010280847549438477e+00,-5.991871953010559082e-01,3.893155977129936218e-02,3.854767084121704102e-01,7.645697593688964844e-01,1.359477028017863631e-05
1.000174283981323242e+00,-5.318662524223327637e-01,4.450985789299011230e-01,3.396128416061401367e-01,9.517173767089843750e-01,3.325888883409788832e-06
1.010043263435363770e+00,-5.486540198326110840e-01,4.156565666198730469e-02,2.428755611181259155e-01,8.160808682441711426e-01,3.439952706685289741e-05
1.000110387802124023e+00,-5.592602491378784180e-01,4.185069799423217773e-01,2.610838115215301514e-01,9.586801528930664062e-01,1.246909687324659899e-05
1.037313818931579590e+00,-6.461442708969116211e-01,-1.655824333429336548e-01,3.148217499256134033e-01,6.440874338150024414e-01,6.253362516872584820e-04
9.986034035682678223e-01,-5.374176502227783203e-01,1.710721403360366821e-01,3.119367063045501709e-01,8.521482348442077637e-01,1.325435005128383636e-04
1.008705973625183105e+00,-5.942120552062988281e-01,1.150367483496665955e-01,3.656032383441925049e-01,8.046948909759521484e-01,2.625110937515273690e-05
1.009307146072387695e+00,-5.135385394096374512e-01,7.141147553920745850e-02,4.538715779781341553e-01,7.849226593971252441e-01,9.238428174285218120e-05
1.022338032722473145e+00,-5.921486616134643555e-01,-3.025195561349391937e-02,4.556173384189605713e-01,7.286511063575744629e-01,2.074251642625313252e-05
1.018806219100952148e+00,-5.918827056884765625e-01,3.674369305372238159e-02,2.742674946784973145e-01,7.901233434677124023e-01,8.011801401153206825e-05
1.011365771293640137e+00,-5.892682075500488281e-01,2.551338635385036469e-02,3.774676620960235596e-01,7.553546428680419922e-01,1.582069489813875407e-05
1.006812572479248047e+00,-4.837994873523712158e-01,4.671437442302703857e-01,1.086045429110527039e-01,9.749727249145507812e-01,1.896423782454803586e-05
9.925391674041748047e-01,-4.594443738460540771e-01,4.360787570476531982e-01,5.555637478828430176e-01,8.815599083900451660e-01,2.256079824292100966e-05
1.017575979232788086e+00,-4.076916575431823730e-01,3.677038848400115967e-02,2.939792275428771973e-01,8.474754691123962402e-01,6.670625589322298765e-05
1.002526402473449707e+00,-5.379188060760498047e-01,2.158852219581604004e-01,3.167377412319183350e-01,8.654404282569885254e-01,3.227675188099965453e-05
1.013860464096069336e+00,-5.384234189987182617e-01,-8.858657442033290863e-03,2.955588996410369873e-01,7.715384960174560547e-01,3.000391734531149268e-05
1.012145042419433594e+00,-5.643729567527770996e-01,9.830590570345520973e-04,3.025104403495788574e-01,7.670962810516357422e-01,1.452730884921038523e-05
1.011564493179321289e+00,-5.562205314636230469e-01,1.316534876823425293e-01,1.825931370258331299e-01,8.758568763732910156e-01,7.175582868512719870e-05
1.016374349594116211e+00,-5.760440826416015625e-01,6.475298665463924408e-03,3.805439770221710205e-01,7.489622831344604492e-01,3.348538257341715507e-06
1.015876293182373047e+00,-5.037862658500671387e-01,9.986693970859050751e-03,3.096660077571868896e-01,7.868207097053527832e-01,8.705163054401054978e-06
1.009892702102661133e+00,-4.980515539646148682e-01,5.712587833404541016e-01,4.185771942138671875e-01,9.723218083381652832e-01,5.005313141737133265e-05
1.015443563461303711e+00,-5.071016550064086914e-01,-3.595351881813257933e-04,3.133826255798339844e-01,7.720470428466796875e-01,6.843464507255703211e-05
1.014479756355285645e+00,-5.002160668373107910e-01,1.676244474947452545e-02,3.105613291263580322e-01,7.857967019081115723e-01,2.427523577352985740e-05
1.008087277412414551e+00,-5.744310617446899414e-01,1.174140945076942444e-01,2.858743369579315186e-01,8.357950448989868164e-01,4.722629000752931461e-06
1.025980830192565918e+00,-6.069037914276123047e-01,-7.317997515201568604e-02,3.806396722793579102e-01,6.966721415519714355e-01,1.602278352947905660e-04
1.015018820762634277e+00,-5.528675913810729980e-01,1.593187600374221802e-01,4.047881364822387695e-01,8.023966550827026367e-01,5.017294897697865963e-04
1.006242275238037109e+00,-5.547816753387451172e-01,1.601966321468353271e-01,2.703337073326110840e-01,8.591427206993103027e-01,1.984472146432381123e-05
1.015179395675659180e+00,-5.471974611282348633e-01,-1.645461283624172211e-02,3.267050683498382568e-01,7.506248950958251953e-01,3.565425868146121502e-05
1.014461398124694824e+00,-5.435692071914672852e-01,2.706995792686939240e-02,3.678936064243316650e-01,7.690169215202331543e-01,4.063903179485350847e-05
1.010216116905212402e+00,-5.183082222938537598e-01,1.250313222408294678e-01,3.841366767883300781e-01,7.959346175193786621e-01,6.101554754422977567e-05
1.008307576179504395e+00,-5.718458294868469238e-01,9.040144085884094238e-02,3.101334273815155029e-01,8.119476437568664551e-01,1.413400332239689305e-05
1.009486675262451172e+00,-5.893410444259643555e-01,1.068019047379493713e-01,2.539060115814208984e-01,8.403126001358032227e-01,7.861071026127319783e-06
1.015915155410766602e+00,-5.671144723892211914e-01,2.633582428097724915e-02,3.535407781600952148e-01,7.669202685356140137e-01,6.817269604653120041e-05
1.024868607521057129e+00,-6.085828542709350586e-01,1.755492389202117920e-02,3.651430010795593262e-01,7.565575838088989258e-01,2.538604894652962685e-04
9.978248476982116699e-01,-5.740199089050292969e-01,1.653538793325424194e-01,3.571249544620513916e-01,8.311491012573242188e-01,2.566324255894869566e-04
1.009846568107604980e+00,-4.759796857833862305e-01,4.648026823997497559e-01,6.312701106071472168e-02,9.750967621803283691e-01,4.138550139032304287e-05
1.001677513122558594e+00,-5.804786682128906250e-01,1.054309681057929993e-01,3.391403257846832275e-01,8.095945119857788086e-01,2.215455460827797651e-04
1.021266937255859375e+00,-5.667383670806884766e-01,-4.142198711633682251e-02,3.932206928730010986e-01,7.082889080047607422e-01,2.121504512615501881e-04
1.006297588348388672e+00,-5.652469992637634277e-01,2.069288119673728943e-02,3.061948716640472412e-01,7.766405344009399414e-01,1.276629045605659485e-04
1.011114835739135742e+00,-5.679135322570800781e-01,1.208076719194650650e-02,3.381244838237762451e-01,7.597550749778747559e-01,1.047409568855073303e-05
1.029646158218383789e+00,-6.108887195587158203e-01,-9.619289636611938477e-02,3.798899054527282715e-01,6.841175556182861328e-01,1.900436182040721178e-04
1.006287217140197754e+00,-5.680330991744995117e-01,1.448546946048736572e-01,3.991751670837402344e-01,7.991645336151123047e-01,1.213329869642620906e-05
1.008018493652343750e+00,-5.642499327659606934e-01,1.488582342863082886e-01,2.249833494424819946e-01,8.684956431388854980e-01,1.772165705915540457e-05
1.004790067672729492e+00,-5.543613433837890625e-01,1.856408566236495972e-01,3.306056559085845947e-01,8.460674285888671875e-01,2.542100628488697112e-05
1.013747215270996094e+00,-5.968897342681884766e-01,1.509146578609943390e-02,3.241550028324127197e-01,7.617608308792114258e-01,5.047369086241815239e-06
1.003718852996826172e+00,-5.803002119064331055e-01,2.014182358980178833e-01,3.123008012771606445e-01,8.607524037361145020e-01,1.989233169297222048e-05
1.007197141647338867e+00,-5.877963304519653320e-01,1.418385803699493408e-01,2.620249092578887939e-01,8.520895242691040039e-01,1.621942647034302354e-05
1.008684277534484863e+00,-6.276311874389648438e-01,4.152930155396461487e-02,2.382468245923519135e-02,8.805064558982849121e-01,1.557805226184427738e-04
1.022945404052734375e+00,-6.162649393081665039e-01,-1.629795320332050323e-02,2.859089076519012451e-01,7.588340044021606445e-01,3.823521910817362368e-05
9.985670447349548340e-01,-5.341809988021850586e-01,3.179093301296234131e-01,3.890762031078338623e-01,8.791563510894775391e-01,8.755005546845495701e-05
1.002814769744873047e+00,-5.596059560775756836e-01,2.107363194227218628e-01,2.622938156127929688e-01,8.817882537841796875e-01,9.962569492927286774e-06
1.011765480041503906e+00,-6.345860362052917480e-01,-2.693088166415691376e-02,2.497502565383911133e-01,7.701834440231323242e-01,4.976798081770539284e-04
1.013620257377624512e+00,-6.135617494583129883e-01,1.455835998058319092e-01,2.658832967281341553e-01,8.431824445724487305e-01,8.473303023492917418e-05
1.006892204284667969e+00,-5.768467187881469727e-01,2.433922886848449707e-01,3.717654943466186523e-01,8.545278310775756836e-01,8.913278725231066346e-05
1.017301797866821289e+00,-4.984764456748962402e-01,9.503615088760852814e-03,3.341796398162841797e-01,8.049484491348266602e-01,1.011214480968192220e-04
1.008806586265563965e+00,-5.813804268836975098e-01,1.273306608200073242e-01,2.814801633358001709e-01,8.392133116722106934e-01,4.773460659635020420e-06
1.000172615051269531e+00,-5.311746001243591309e-01,5.084152221679687500e-01,3.537175655364990234e-01,9.678800702095031738e-01,8.568693374400027096e-06
1.016176462173461914e+00,-5.826581716537475586e-01,-2.635760977864265442e-02,2.592622339725494385e-01,7.715566158294677734e-01,1.269358290301170200e-05
1.007503390312194824e+00,-6.028818488121032715e-01,9.129732102155685425e-02,3.504051566123962402e-01,7.943266630172729492e-01,8.485840226057916880e-05
1.011354207992553711e+00,-5.772040486335754395e-01,2.407651767134666443e-02,2.688567042350769043e-01,7.944191098213195801e-01,2.938801662821788341e-05
1.013355016708374023e+00,-6.101315021514892578e-01,1.514615565538406372e-01,2.251250892877578735e-01,8.686000704765319824e-01,1.752639363985508680e-04
1.001963376998901367e+00,-5.446875095367431641e-01,1.275109350681304932e-01,3.031923472881317139e-01,8.324875831604003906e-01,9.251546725863590837e-05
1.009145259857177734e+00,-5.367209315299987793e-01,2.983718365430831909e-02,3.097829818725585938e-01,7.859063744544982910e-01,2.766892066574655473e-05
1.007070064544677734e+00,-5.485091209411621094e-01,1.386588513851165771e-01,2.732550799846649170e-01,8.510348796844482422e-01,1.500010694144293666e-05
1.012670516967773438e+00,-5.782575607299804688e-01,3.491772711277008057e-02,1.857805103063583374e-01,8.319235444068908691e-01,4.223491123411804438e-05
1.012456536293029785e+00,-4.346845448017120361e-01,1.035123020410537720e-01,3.541425168514251709e-01,8.582471609115600586e-01,3.111679106950759888e-04
9.928638935089111328e-01,-5.662450194358825684e-01,1.340537518262863159e-01,4.416512548923492432e-01,7.871658205986022949e-01,5.274502909742295742e-04
1.016309499740600586e+00,-5.254285335540771484e-01,3.332635015249252319e-02,5.238641500473022461e-01,7.877768278121948242e-01,1.052451625582762063e-04
1.018758773803710938e+00,-4.158517718315124512e-01,7.434231787919998169e-02,5.823798179626464844e-01,7.912724018096923828e-01,7.485714158974587917e-04
1.003238439559936523e+00,-5.766147375106811523e-01,2.080871909856796265e-01,2.650235593318939209e-01,8.808704018592834473e-01,2.620011218823492527e-05
1.011009335517883301e+00,-5.950886011123657227e-01,-8.680222090333700180e-04,4.288371205329895020e-01,7.121762633323669434e-01,6.749901222065091133e-04
1.001330971717834473e+00,-5.006446838378906250e-01,4.682319164276123047e-01,1.537988781929016113e-01,9.743824601173400879e-01,9.444977877137716860e-06
