1.005953311920166016e+00,-1.547464132308959961e-01,-1.723394244909286499e-01,-6.259800195693969727e-01,-2.554552257061004639e-02,9.269157453672960401e-05
9.938079118728637695e-01,7.544749975204467773e-02,-1.890859454870223999e-01,-5.828042030334472656e-01,1.844929605722427368e-01,5.561397993005812168e-04
1.004532694816589355e+00,9.958050400018692017e-02,-2.283763289451599121e-01,-6.201833486557006836e-01,1.700237393379211426e-02,8.960718332673422992e-06
1.002589106559753418e+00,3.811020776629447937e-02,-2.215655893087387085e-01,-5.537828207015991211e-01,4.270910471677780151e-02,2.621890052978415042e-05
1.000925898551940918e+00,-6.154687702655792236e-02,-1.811548918485641479e-01,-6.156060695648193359e-01,7.186685502529144287e-02,7.277748954948037863e-05
1.000887989997863770e+00,1.407036632299423218e-01,-2.552037239074707031e-01,-6.420250535011291504e-01,-1.336109191179275513e-01,6.423241757147479802e-06
1.002775788307189941e+00,4.371281713247299194e-02,-2.102317363023757935e-01,-6.131829023361206055e-01,8.776201307773590088e-02,5.811507799080573022e-05
1.002772092819213867e+00,1.256333142518997192e-01,-2.399190962314605713e-01,-6.344854831695556641e-01,-5.740077793598175049e-02,6.821315764682367444e-06
1.003296136856079102e+00,1.403722353279590607e-02,-2.061133831739425659e-01,-6.061629056930541992e-01,3.665253147482872009e-02,1.056717337633017451e-05
1.002457857131958008e+00,3.585425391793251038e-02,-2.227058261632919312e-01,-5.523508191108703613e-01,4.332653433084487915e-02,3.419492713874205947e-05
1.003753066062927246e+00,9.173296391963958740e-02,-2.311102747917175293e-01,-6.396949291229248047e-01,-2.079960657283663750e-03,9.341891200165264308e-06
1.004606366157531738e+00,1.328099519014358521e-01,-2.336753457784652710e-01,-6.331428289413452148e-01,-4.262283444404602051e-02,2.485254117345903069e-05
1.003741621971130371e+00,9.398174285888671875e-02,-2.329971790313720703e-01,-6.350207924842834473e-01,-1.198053359985351562e-05,2.965546627820003778e-06
1.003392577171325684e+00,8.611809462308883667e-02,-2.309336215257644653e-01,-6.034382581710815430e-01,6.465404760092496872e-03,8.547154720872640610e-06
1.003138661384582520e+00,9.374879300594329834e-02,-2.427720427513122559e-01,-6.408509016036987305e-01,3.546044230461120605e-03,1.504033434684970416e-06
1.005453109741210938e+00,1.085022762417793274e-01,-2.217734456062316895e-01,-6.025235652923583984e-01,1.258580945432186127e-02,6.291615136433392763e-05
1.000898122787475586e+00,-1.584889590740203857e-01,-1.737007647752761841e-01,-7.232320308685302734e-01,-5.579951778054237366e-02,5.337085531209595501e-05
1.012070298194885254e+00,-2.681964337825775146e-01,-1.484287232160568237e-01,-6.047402024269104004e-01,-5.559178814291954041e-02,2.596261037979274988e-05
1.003393054008483887e+00,-7.929244637489318848e-02,-1.663103103637695312e-01,-5.330742597579956055e-01,7.157918531447649002e-03,9.326686267741024494e-05
9.988770484924316406e-01,-1.142954975366592407e-01,-1.689968854188919067e-01,-4.200977683067321777e-01,2.641188539564609528e-02,1.977926876861602068e-05
1.004101395606994629e+00,9.638995677232742310e-02,-2.380818873643875122e-01,-5.969014167785644531e-01,5.816610157489776611e-02,1.294291905651334673e-05
9.982908368110656738e-01,7.644711434841156006e-02,-2.155144214630126953e-01,-5.428158640861511230e-01,1.429716348648071289e-01,5.703327769879251719e-05
1.004711627960205078e+00,1.036561205983161926e-01,-2.451247423887252808e-01,-5.999126434326171875e-01,8.763780444860458374e-02,2.635134296724572778e-05
1.004815578460693359e+00,1.278771013021469116e-01,-2.375103235244750977e-01,-5.443093776702880859e-01,1.042447835206985474e-01,2.357747143832966685e-05
1.002071857452392578e+00,9.310867637395858765e-02,-2.352425605058670044e-01,-6.496735811233520508e-01,-3.662842139601707458e-02,9.175644663628190756e-06
1.003664970397949219e+00,4.911529645323753357e-02,-2.108625620603561401e-01,-6.226918697357177734e-01,9.526748210191726685e-02,4.711883593699894845e-05
1.000739693641662598e+00,-1.300464272499084473e-01,-1.677461266517639160e-01,-4.184762537479400635e-01,1.113476045429706573e-02,1.704935857560485601e-05
1.003439188003540039e+00,8.434145897626876831e-02,-2.283040136098861694e-01,-6.219132542610168457e-01,1.893568225204944611e-02,4.977126991434488446e-06
9.911353588104248047e-01,1.113184913992881775e-01,-2.097710520029067993e-01,-5.403239727020263672e-01,2.082188725471496582e-01,3.312032204121351242e-04
1.002558350563049316e+00,6.277613341808319092e-02,-2.273100465536117554e-01,-6.075916290283203125e-01,3.257921338081359863e-02,2.016305006691254675e-05
1.017557978630065918e+00,-2.491351217031478882e-01,-2.786765694618225098e-01,-8.941778540611267090e-01,-3.388234972953796387e-01,2.735253292485140264e-05
1.003989219665527344e+00,1.347198933362960815e-01,-2.549641728401184082e-01,-6.329190135002136230e-01,-3.276426717638969421e-02,4.766311576531734318e-06
1.003501653671264648e+00,1.387442052364349365e-01,-2.574550509452819824e-01,-6.441358327865600586e-01,-5.783028900623321533e-02,4.181180884188506752e-06
1.003500461578369141e+00,-7.594031840562820435e-02,-1.827917993068695068e-01,-6.509464383125305176e-01,7.182415109127759933e-03,2.415588824078440666e-05
1.005274653434753418e+00,1.177664846181869507e-01,-2.399096339941024780e-01,-5.686664581298828125e-01,1.046796888113021851e-01,2.765846875263378024e-05
1.003746032714843750e+00,1.184544861316680908e-01,-2.392722070217132568e-01,-6.292536854743957520e-01,-3.139048442244529724e-02,5.684122243110323325e-06
1.002058863639831543e+00,1.205011755228042603e-01,-2.492962926626205444e-01,-6.784024238586425781e-01,-9.720735996961593628e-02,1.953189212144934572e-06
1.003144860267639160e+00,1.243358105421066284e-01,-2.458582371473312378e-01,-6.473115682601928711e-01,-5.301513150334358215e-02,6.094635409681359306e-06
1.002328515052795410e+00,3.942105546593666077e-02,-2.269209176301956177e-01,-6.244237422943115234e-01,5.564431473612785339e-02,1.824957143981009722e-04
1.001631855964660645e+00,-3.711594035848975182e-03,-2.003765255212783813e-01,-5.778352022171020508e-01,6.499330699443817139e-02,2.053613206953741610e-05
1.002975940704345703e+00,-1.367806345224380493e-01,-1.715794652700424194e-01,-3.965901434421539307e-01,2.671354683116078377e-03,7.318778079934418201e-05
1.004203081130981445e+00,8.760566264390945435e-02,-2.331928461790084839e-01,-6.187439560890197754e-01,4.683463275432586670e-02,3.071044920943677425e-05
9.975739121437072754e-01,2.388490922749042511e-02,-2.338112592697143555e-01,-6.629564762115478516e-01,-6.178771331906318665e-02,8.121320570353418589e-05
9.988834261894226074e-01,4.564609751105308533e-02,-2.198369652032852173e-01,-5.150573253631591797e-01,9.917465597391128540e-02,5.787008558399975300e-05
1.002029538154602051e+00,3.154551237821578979e-02,-2.183913737535476685e-01,-6.163348555564880371e-01,1.302514318376779556e-02,1.292118304263567552e-05
1.003485560417175293e+00,1.239406540989875793e-01,-2.404227107763290405e-01,-6.216057538986206055e-01,-3.835357353091239929e-02,3.349409098518663086e-06
1.003551125526428223e+00,1.057038605213165283e-01,-2.343518286943435669e-01,-6.125426292419433594e-01,-1.198812481015920639e-02,1.310429979639593512e-06
9.996759891510009766e-01,-2.069376409053802490e-01,-1.572975665330886841e-01,-4.739713668823242188e-01,5.166246090084314346e-03,1.090607474907301366e-05
1.003852486610412598e+00,9.863038361072540283e-02,-2.211624234914779663e-01,-5.783640146255493164e-01,1.100294589996337891e-01,2.257893538626376539e-05
1.002946257591247559e+00,7.683831453323364258e-02,-2.200198322534561157e-01,-5.391334295272827148e-01,5.645678937435150146e-02,7.982578972587361932e-05
1.002583742141723633e+00,1.140958219766616821e-01,-2.416536211967468262e-01,-6.460845470428466797e-01,-5.346987396478652954e-02,8.088596246125234757e-07
9.751992821693420410e-01,-5.329230800271034241e-03,-1.755251884460449219e-01,-4.546429514884948730e-01,1.262780427932739258e-01,4.166145226918160915e-04
1.000655055046081543e+00,1.442493647336959839e-01,-2.309558540582656860e-01,-4.989822804927825928e-01,1.131126880645751953e-01,2.541244612075388432e-04
1.003198742866516113e+00,1.275469660758972168e-01,-2.432401329278945923e-01,-6.317722201347351074e-01,-5.687826499342918396e-02,8.984764463093597442e-06
1.003143787384033203e+00,7.669737935066223145e-02,-2.311933934688568115e-01,-5.932573676109313965e-01,2.487396635115146637e-02,1.619276918063405901e-05
1.005464076995849609e+00,1.270953863859176636e-01,-2.644854485988616943e-01,-6.325541734695434570e-01,1.408181488513946533e-01,3.781656414503231645e-05
1.002188324928283691e+00,1.881282031536102295e-02,-2.151701301336288452e-01,-5.983800888061523438e-01,3.609045641496777534e-03,2.728921208472456783e-05
1.002709984779357910e+00,1.752444505691528320e-01,-2.678197324275970459e-01,-6.762678623199462891e-01,-1.882964372634887695e-01,4.481002906686626375e-05
1.002370357513427734e+00,6.888902187347412109e-02,-2.308912724256515503e-01,-6.329282522201538086e-01,1.786822639405727386e-02,1.718336898193228990e-05
9.969198703765869141e-01,1.056080237030982971e-01,-2.102742046117782593e-01,-5.313608646392822266e-01,1.496483832597732544e-01,1.383726921631023288e-04
1.002643346786499023e+00,8.666339516639709473e-02,-2.355570346117019653e-01,-6.112198233604431152e-01,-2.159234602004289627e-03,2.501088602002710104e-05
1.001903533935546875e+00,5.324820056557655334e-03,-2.063197940587997437e-01,-5.775662660598754883e-01,6.477613002061843872e-02,3.179696068400517106e-05
1.002488136291503906e+00,-2.688891999423503876e-02,-1.937038451433181763e-01,-6.361833810806274414e-01,5.706469714641571045e-02,5.271896588965319097e-05
1.004497051239013672e+00,1.123521178960800171e-01,-2.335405200719833374e-01,-6.348433494567871094e-01,-1.431915629655122757e-02,1.800817153707612306e-05
1.001784086227416992e+00,5.236269906163215637e-02,-2.277936339378356934e-01,-5.996801853179931641e-01,-5.837970413267612457e-03,2.233768282167147845e-05
1.004052996635437012e+00,8.917591720819473267e-02,-2.315525710582733154e-01,-5.991289615631103516e-01,3.797968477010726929e-02,4.061746949446387589e-06
1.004827380180358887e+00,1.184963285923004150e-01,-2.446482628583908081e-01,-5.959131717681884766e-01,3.609667718410491943e-02,4.350573362899012864e-06
1.002619028091430664e+00,5.914610251784324646e-02,-2.275086641311645508e-01,-5.917086005210876465e-01,5.594485625624656677e-02,7.242424908326938748e-05
1.001033663749694824e+00,1.569447368383407593e-01,-2.635427415370941162e-01,-6.850945949554443359e-01,-1.896139383316040039e-01,5.996237450744956732e-05
1.003836870193481445e+00,8.287940174341201782e-02,-2.284193783998489380e-01,-5.691930055618286133e-01,6.336936354637145996e-02,2.889253664761781693e-05
1.004901647567749023e+00,1.111387386918067932e-01,-2.333040535449981689e-01,-5.808645486831665039e-01,7.042045891284942627e-02,3.850535358651541173e-05
1.002991437911987305e+00,1.481087971478700638e-02,-2.115339487791061401e-01,-6.156643629074096680e-01,5.671583116054534912e-02,8.057973172981292009e-05
1.002815008163452148e+00,4.389848560094833374e-02,-2.171378880739212036e-01,-6.054027080535888672e-01,5.575406551361083984e-02,3.914952685590833426e-05
1.002569437026977539e+00,8.495856821537017822e-02,-2.429360151290893555e-01,-6.486122608184814453e-01,-3.438936080783605576e-03,5.153692654857877642e-06
1.003301739692687988e+00,7.034827768802642822e-02,-2.274553030729293823e-01,-5.690273642539978027e-01,6.800509989261627197e-02,1.515578333055600524e-05
1.003698706626892090e+00,4.415476322174072266e-02,-2.108785063028335571e-01,-6.222187280654907227e-01,9.043895453214645386e-02,6.108343222877010703e-05
1.005091786384582520e+00,1.228717491030693054e-01,-2.464401125907897949e-01,-5.720764398574829102e-01,1.381330043077468872e-01,1.913739470182918012e-05
1.001321554183959961e+00,9.495978057384490967e-02,-2.397926747798919678e-01,-6.500571966171264648e-01,-6.198567524552345276e-02,5.905004854867001995e-06
1.003773450851440430e+00,1.011402234435081482e-01,-2.357454746961593628e-01,-6.015416383743286133e-01,1.363574340939521790e-02,3.446293931119726039e-06
1.002012372016906738e+00,1.007829383015632629e-01,-2.331186085939407349e-01,-6.296254396438598633e-01,-4.817258939146995544e-02,5.174029865884222090e-06
1.002564430236816406e+00,2.229806594550609589e-02,-2.122393548488616943e-01,-5.905071496963500977e-01,6.199101731181144714e-02,2.518732071621343493e-05
1.002172470092773438e+00,4.845549911260604858e-02,-2.256108969449996948e-01,-6.230540275573730469e-01,3.935574367642402649e-02,2.320334533578716218e-05
1.004780292510986328e+00,1.064460724592208862e-01,-2.328736335039138794e-01,-5.621399879455566406e-01,6.143061071634292603e-02,4.225346856401301920e-06
1.003051400184631348e+00,9.022228419780731201e-02,-2.341315299272537231e-01,-6.126725673675537109e-01,-7.232957053929567337e-03,9.321003744844347239e-06
1.008934855461120605e+00,2.204221934080123901e-01,-2.701380252838134766e-01,-7.141959667205810547e-01,-2.068101018667221069e-01,1.118590898840921000e-05
1.007881999015808105e+00,2.147242575883865356e-01,-2.668618559837341309e-01,-7.214933633804321289e-01,-2.313933223485946655e-01,1.047069690685020760e-05
1.002646088600158691e+00,1.215851753950119019e-01,-2.554115355014801025e-01,-6.553500890731811523e-01,-6.458821147680282593e-02,3.024193392775487155e-05
1.004332661628723145e+00,9.596548229455947876e-02,-2.316864579916000366e-01,-6.152920722961425781e-01,2.994654886424541473e-02,8.253996384155470878e-06
1.003487348556518555e+00,1.015870049595832825e-01,-2.345646023750305176e-01,-6.196431517601013184e-01,-7.976600900292396545e-03,2.183184960813377984e-06
1.003945827484130859e+00,7.988501340150833130e-02,-2.266541868448257446e-01,-5.754518508911132812e-01,3.696562722325325012e-02,2.443719040456926450e-06
1.004380941390991211e+00,8.517037332057952881e-02,-2.268263548612594604e-01,-5.946148633956909180e-01,4.596960917115211487e-02,8.923147106543183327e-06
1.006828546524047852e+00,2.050757706165313721e-01,-2.663545608520507812e-01,-6.878867149353027344e-01,-1.653476506471633911e-01,2.752840373432263732e-05
1.001324534416198730e+00,-1.202260144054889679e-02,-1.831963360309600830e-01,-5.306839346885681152e-01,5.265671759843826294e-02,8.041973342187702656e-05
1.003159284591674805e+00,1.186377480626106262e-01,-2.463732659816741943e-01,-6.334117054939270020e-01,-3.571647405624389648e-02,5.775308636657427996e-06
1.002741456031799316e+00,1.335057616233825684e-01,-2.507925033569335938e-01,-6.488391160964965820e-01,-8.397527039051055908e-02,4.269087185093667358e-06
1.002774357795715332e+00,1.291757375001907349e-01,-2.474605292081832886e-01,-6.568698883056640625e-01,-7.853508740663528442e-02,2.366174157941713929e-06
1.003535270690917969e+00,1.016865745186805725e-01,-2.436060905456542969e-01,-6.298487186431884766e-01,2.174731576815247536e-03,8.505350706400349736e-06
1.004746437072753906e+00,-1.135339587926864624e-01,-1.770507842302322388e-01,-5.969154834747314453e-01,8.531602099537849426e-03,7.975431799422949553e-05
9.906287193298339844e-01,-7.535156607627868652e-02,-1.678996384143829346e-01,-4.524705111980438232e-01,6.482700258493423462e-02,5.031723048887215555e-05
1.004565834999084473e+00,6.470911949872970581e-02,-2.172374427318572998e-01,-6.206563711166381836e-01,9.635597467422485352e-02,6.146002851892262697e-05
1.000956654548645020e+00,3.840252757072448730e-02,-2.087078690528869629e-01,-5.562496185302734375e-01,8.590631186962127686e-02,1.244876057171495631e-05
1.001749515533447266e+00,1.463019400835037231e-01,-2.543038427829742432e-01,-6.501062512397766113e-01,-1.307903826236724854e-01,5.654294454870978370e-06
1.004116654396057129e+00,2.821739204227924347e-02,-2.038157433271408081e-01,-5.930843353271484375e-01,1.500338967889547348e-02,5.681992843165062368e-05
1.000792980194091797e+00,-1.339736860245466232e-02,-2.187097966670989990e-01,-6.125944852828979492e-01,2.731162495911121368e-02,2.230365207651630044e-04
1.000828385353088379e+00,5.637708306312561035e-02,-2.272355407476425171e-01,-6.359902620315551758e-01,-3.715961053967475891e-02,1.818579949031118304e-05
1.004830241203308105e+00,1.038754880428314209e-01,-2.377232462167739868e-01,-5.889433622360229492e-01,7.650767266750335693e-02,3.757755166589049622e-06
1.003486394882202148e+00,8.697313070297241211e-02,-2.318904399871826172e-01,-5.988677740097045898e-01,3.017611801624298096e-02,1.139542109740432352e-05
9.986059665679931641e-01,8.360446989536285400e-02,-2.070448696613311768e-01,-5.307214856147766113e-01,1.164786070585250854e-01,6.841473805252462626e-05
1.002638101577758789e+00,5.715690180659294128e-02,-2.145260423421859741e-01,-5.951316356658935547e-01,9.901677817106246948e-02,5.504341970663517714e-05
1.005436420440673828e+00,-9.793923050165176392e-02,-1.737571805715560913e-01,-5.390882492065429688e-01,-2.077397657558321953e-03,2.004686393775045872e-05
1.003652215003967285e+00,1.296283751726150513e-01,-2.469882965087890625e-01,-6.479671001434326172e-01,-6.547684222459793091e-02,1.231517126143444330e-05
1.001120924949645996e+00,5.512642487883567810e-02,-2.272132039070129395e-01,-6.527832746505737305e-01,2.612942364066839218e-03,5.174374382477253675e-05
1.010550260543823242e+00,-1.635691970586776733e-01,-1.588887721300125122e-01,-5.633501410484313965e-01,-4.912091791629791260e-02,4.749472282128408551e-05
1.003605365753173828e+00,1.035114228725433350e-01,-2.356103509664535522e-01,-6.138886809349060059e-01,-1.653425209224224091e-02,1.810419234971050173e-05
1.003209471702575684e+00,8.315628021955490112e-02,-2.323445677757263184e-01,-6.015480756759643555e-01,1.599771343171596527e-02,6.298062362475320697e-05
1.001973152160644531e+00,4.858602210879325867e-02,-2.254434376955032349e-01,-5.721058845520019531e-01,8.076348155736923218e-02,8.072243508649989963e-05
1.002499699592590332e+00,9.234700351953506470e-02,-2.460627108812332153e-01,-6.416354775428771973e-01,-1.570044667460024357e-03,3.098711022175848484e-05
1.004037141799926758e+00,1.246796846389770508e-01,-2.507444620132446289e-01,-6.481652855873107910e-01,-3.650383651256561279e-02,4.024254849355202168e-06
1.004725575447082520e+00,1.034773960709571838e-01,-2.356980592012405396e-01,-5.786201953887939453e-01,4.541793093085289001e-02,9.701956514618359506e-06
1.002621293067932129e+00,8.420075476169586182e-02,-2.339895516633987427e-01,-5.460121631622314453e-01,9.821657091379165649e-02,3.785248554777354002e-04
1.002990245819091797e+00,5.279432516545057297e-03,-1.994294822216033936e-01,-6.277945041656494141e-01,6.879217922687530518e-02,2.260654400743078440e-05
1.003135681152343750e+00,7.586933672428131104e-02,-2.261530458927154541e-01,-5.419577360153198242e-01,6.908148527145385742e-02,2.530802157707512379e-05
1.003466367721557617e+00,6.821325421333312988e-02,-2.241769284009933472e-01,-6.288007497787475586e-01,3.815799951553344727e-02,1.638391586311627179e-05
1.006028413772583008e+00,-1.386101990938186646e-01,-1.717556267976760864e-01,-6.118692159652709961e-01,-1.329933665692806244e-02,6.581095658475533128e-05
1.003345966339111328e+00,6.617742776870727539e-02,-2.256045490503311157e-01,-5.985514521598815918e-01,2.575513347983360291e-02,1.145648366218665615e-05
1.003826975822448730e+00,9.641841799020767212e-02,-2.334475368261337280e-01,-6.072974205017089844e-01,1.623845472931861877e-02,2.896400019380962476e-06
1.004601716995239258e+00,1.174514815211296082e-01,-2.456724643707275391e-01,-5.553680658340454102e-01,1.016815900802612305e-01,6.673506868537515402e-05
1.002897620201110840e+00,1.008846536278724670e-01,-2.382523119449615479e-01,-6.160268783569335938e-01,-1.580041274428367615e-02,1.351201171928551048e-05
1.003246665000915527e+00,6.678644567728042603e-02,-2.265303581953048706e-01,-5.526223778724670410e-01,1.317389123141765594e-02,2.315469464519992471e-05
1.001347661018371582e+00,1.612490788102149963e-02,-2.177151888608932495e-01,-5.587241649627685547e-01,7.204705476760864258e-02,4.966061169398017228e-05
1.000954151153564453e+00,1.264348477125167847e-01,-2.344916313886642456e-01,-4.883344769477844238e-01,1.114204749464988708e-01,3.023587632924318314e-04
1.001870155334472656e+00,1.466565486043691635e-02,-2.220699340105056763e-01,-5.683842897415161133e-01,-9.750116616487503052e-03,9.602060163160786033e-05
1.002805233001708984e+00,5.508631467819213867e-02,-2.363875359296798706e-01,-6.337121725082397461e-01,8.929036557674407959e-02,1.779856575012672693e-05
1.006425261497497559e+00,-6.825479865074157715e-02,-2.741817831993103027e-01,-8.631011247634887695e-01,-2.175729721784591675e-01,7.271271897479891777e-05
1.003754496574401855e+00,5.115905776619911194e-02,-2.206908911466598511e-01,-6.267792582511901855e-01,1.081155315041542053e-01,4.415947478264570236e-05
1.004733204841613770e+00,1.191816478967666626e-01,-2.354341298341751099e-01,-6.031650304794311523e-01,1.185045763850212097e-02,9.254021279048174620e-06
1.002373814582824707e+00,-3.391044214367866516e-02,-1.832338869571685791e-01,-6.938091516494750977e-01,-2.096649957820773125e-03,3.002744924742728472e-04
1.003243446350097656e+00,4.843352735042572021e-02,-2.045402675867080688e-01,-5.900653600692749023e-01,7.505165785551071167e-02,7.256470416905358434e-05
1.001435875892639160e+00,6.298297643661499023e-02,-2.284651398658752441e-01,-5.999077558517456055e-01,-3.072391264140605927e-02,1.100549980037612841e-05
1.001778960227966309e+00,3.929980099201202393e-02,-2.229303419589996338e-01,-6.176285147666931152e-01,2.803818508982658386e-02,2.105843304889276624e-05
1.002682089805603027e+00,-5.465411394834518433e-02,-1.847868710756301880e-01,-6.716549992561340332e-01,-2.716415328904986382e-03,7.540521619375795126e-05
1.002169847488403320e+00,1.002605631947517395e-01,-2.568424344062805176e-01,-6.789211034774780273e-01,-3.207143768668174744e-02,1.009113293548580259e-05
1.007578969001770020e+00,-1.678922623395919800e-01,-1.655664741992950439e-01,-6.300752162933349609e-01,-4.229702800512313843e-02,5.222254185355268419e-05
1.003468036651611328e+00,1.268734782934188843e-01,-2.520143389701843262e-01,-6.696709394454956055e-01,-7.506407052278518677e-02,3.752329121198272333e-06
1.002277016639709473e+00,8.970330655574798584e-02,-2.342359721660614014e-01,-6.135572791099548340e-01,-1.168442238122224808e-02,1.942140625033061951e-05
1.003776907920837402e+00,9.538318961858749390e-02,-2.467908859252929688e-01,-6.181395649909973145e-01,4.549460113048553467e-02,8.084301953203976154e-06
1.000785231590270996e+00,-8.990135043859481812e-03,-2.169343829154968262e-01,-6.013150811195373535e-01,-2.423116005957126617e-02,1.053954038070514798e-04
1.000604867935180664e+00,9.066814184188842773e-02,-2.358576357364654541e-01,-6.434844732284545898e-01,-8.395822346210479736e-02,2.950436055471072905e-06
1.002386331558227539e+00,3.886288031935691833e-02,-2.213864177465438843e-01,-6.229493021965026855e-01,3.649210929870605469e-02,3.413608646951615810e-05
1.003583312034606934e+00,4.728811234235763550e-02,-2.187378853559494019e-01,-6.287274360656738281e-01,9.827218204736709595e-02,5.344165401766076684e-05
1.003952503204345703e+00,8.261908590793609619e-02,-2.265773266553878784e-01,-5.925605297088623047e-01,9.190757572650909424e-02,1.173329474113415927e-05
1.002907037734985352e+00,3.224256262183189392e-02,-2.063168287277221680e-01,-6.288863420486450195e-01,1.137959063053131104e-01,7.890795677667483687e-05
1.003158092498779297e+00,8.653570711612701416e-02,-2.152287662029266357e-01,-5.658085346221923828e-01,9.471768885850906372e-02,4.852942220168188214e-05
1.003200769424438477e+00,1.195266321301460266e-01,-2.381902337074279785e-01,-6.310626864433288574e-01,-4.592684283852577209e-02,2.980919362016720697e-06
1.002598404884338379e+00,6.338331103324890137e-02,-2.412853240966796875e-01,-6.015934944152832031e-01,1.017493680119514465e-01,2.464987337589263916e-04
1.001065015792846680e+00,3.973450139164924622e-02,-2.216322422027587891e-01,-5.986220836639404297e-01,-4.671847820281982422e-02,2.857137587852776051e-05
1.004376530647277832e+00,1.033638566732406616e-01,-2.308154106140136719e-01,-6.265356540679931641e-01,-1.092850696295499802e-03,1.205882290378212929e-05
1.002995252609252930e+00,-6.878998130559921265e-02,-1.928327530622482300e-01,-6.267580986022949219e-01,-1.145122107118368149e-02,7.330457447096705437e-05
1.000113368034362793e+00,-1.389992143958806992e-02,-1.818681210279464722e-01,-6.099740266799926758e-01,1.034499779343605042e-01,2.367281995248049498e-04
1.001385092735290527e+00,1.681738533079624176e-02,-2.191913127899169922e-01,-6.150791645050048828e-01,2.496629580855369568e-02,3.433443998801521957e-05
1.002872109413146973e+00,5.694317445158958435e-02,-2.267362922430038452e-01,-5.734745264053344727e-01,3.525838488712906837e-03,2.288558789587114006e-05
1.004726409912109375e+00,-1.859854757785797119e-01,-1.543492525815963745e-01,-4.700368046760559082e-01,-8.765949867665767670e-03,1.499171412433497608e-05
1.009666562080383301e+00,2.203894108533859253e-01,-2.679924070835113525e-01,-7.402424812316894531e-01,-2.435024380683898926e-01,3.821651625912636518e-05
1.004405617713928223e+00,9.216283261775970459e-02,-2.346969097852706909e-01,-5.993568897247314453e-01,6.318081915378570557e-02,3.207104964531026781e-05
1.002107858657836914e+00,1.387015581130981445e-01,-2.551121413707733154e-01,-6.556935310363769531e-01,-1.122720465064048767e-01,4.964284471498103812e-06
1.002361774444580078e+00,1.006114855408668518e-01,-2.362364232540130615e-01,-6.205848455429077148e-01,-3.392788395285606384e-02,3.848701908282237127e-06
1.003276348114013672e+00,1.083323955535888672e-01,-2.573457062244415283e-01,-6.288915872573852539e-01,2.751406840980052948e-02,5.650335424434160814e-06
1.003595829010009766e+00,9.538472443819046021e-02,-2.279456704854965210e-01,-6.349374055862426758e-01,-5.513850599527359009e-03,3.004888458235654980e-05
1.003121495246887207e+00,1.489463299512863159e-01,-2.532425224781036377e-01,-6.626225113868713379e-01,-1.266058981418609619e-01,6.957847290323115885e-06
1.003468871116638184e+00,-1.035259962081909180e-01,-1.652283668518066406e-01,-4.647113084793090820e-01,-5.165590438991785049e-03,7.080985233187675476e-05
1.002575635910034180e+00,1.437572836875915527e-01,-2.562519907951354980e-01,-6.919729709625244141e-01,-1.450683176517486572e-01,2.586793925729580224e-06
1.004029750823974609e+00,1.519362777471542358e-01,-2.567686736583709717e-01,-6.911894083023071289e-01,-1.383315324783325195e-01,1.526117216599232052e-06
1.005222082138061523e+00,1.103504225611686707e-01,-2.332574427127838135e-01,-5.995728969573974609e-01,3.985462337732315063e-02,6.754367859684862196e-06
1.004208326339721680e+00,9.988506883382797241e-02,-2.315627783536911011e-01,-6.231458187103271484e-01,5.452578887343406677e-03,7.599510354339145124e-06
1.003945350646972656e+00,8.467300981283187866e-02,-2.286048978567123413e-01,-5.882797241210937500e-01,3.482042253017425537e-02,1.083378174371318892e-05
1.004334449768066406e+00,1.043257862329483032e-01,-2.364575862884521484e-01,-5.850174427032470703e-01,2.842548489570617676e-02,3.694049382829689421e-06
1.002595305442810059e+00,1.034651026129722595e-01,-2.499681115150451660e-01,-6.632068753242492676e-01,-4.008040204644203186e-02,4.053217708133161068e-06
1.002511858940124512e+00,1.025066524744033813e-01,-2.480828911066055298e-01,-6.592900753021240234e-01,-3.880768269300460815e-02,2.082847004203358665e-06
1.004095911979675293e+00,1.002056598663330078e-01,-2.310623228549957275e-01,-6.410912275314331055e-01,-1.276602502912282944e-02,1.479105685575632378e-05
1.003923416137695312e+00,9.977415204048156738e-02,-2.334142327308654785e-01,-6.018654704093933105e-01,1.289457175880670547e-02,2.117512849508784711e-06
1.004754304885864258e+00,1.003812551498413086e-01,-2.344665974378585815e-01,-5.742671489715576172e-01,5.932841822504997253e-02,1.087727287085726857e-05
1.004330396652221680e+00,1.035363897681236267e-01,-2.310443222522735596e-01,-5.707610249519348145e-01,7.827349007129669189e-02,1.909566162794362754e-05
1.003188729286193848e+00,3.172283619642257690e-02,-2.069443762302398682e-01,-6.304545402526855469e-01,9.720204770565032959e-02,2.542435504437889904e-05
1.002863645553588867e+00,8.906625956296920776e-02,-2.470038533210754395e-01,-5.145992636680603027e-01,3.833685070276260376e-02,4.084929823875427246e-04
1.003780245780944824e+00,5.384712666273117065e-02,-2.165526598691940308e-01,-5.765015482902526855e-01,3.215205669403076172e-02,4.145167622482404113e-06
1.002647399902343750e+00,3.433049097657203674e-02,-2.064268887042999268e-01,-6.581562161445617676e-01,-1.602131128311157227e-02,5.435798448161222041e-05
1.003089785575866699e+00,1.076862215995788574e-01,-2.331407964229583740e-01,-6.406103372573852539e-01,-3.520094603300094604e-02,1.297493690799456090e-05
1.001693129539489746e+00,6.629047542810440063e-02,-2.286566197872161865e-01,-6.296312808990478516e-01,-2.040555886924266815e-02,1.257524218090111390e-05
1.004145264625549316e+00,8.533608913421630859e-02,-2.272805273532867432e-01,-5.945944786071777344e-01,4.222556948661804199e-02,7.698766239627730101e-06
1.000566005706787109e+00,3.920133784413337708e-02,-2.296947836875915527e-01,-6.132850646972656250e-01,-1.008625421673059464e-02,8.473279740428552032e-05
1.005259394645690918e+00,1.084652543067932129e-01,-2.383034378290176392e-01,-5.835206508636474609e-01,8.565603941679000854e-02,5.914004941587336361e-05
1.003675818443298340e+00,7.824976742267608643e-02,-2.259619086980819702e-01,-6.006286144256591797e-01,3.669770807027816772e-02,8.217068170779384673e-06
1.003259658813476562e+00,7.054954022169113159e-02,-2.232979238033294678e-01,-5.671918988227844238e-01,7.784511148929595947e-02,8.321298082591965795e-06
1.003425121307373047e+00,7.744135707616806030e-02,-2.299344688653945923e-01,-5.952539443969726562e-01,7.109186053276062012e-02,4.837852975470013916e-05
1.002174973487854004e+00,3.985060751438140869e-02,-2.200041264295578003e-01,-6.231493949890136719e-01,1.610825210809707642e-02,6.058442068024305627e-06
1.005678772926330566e+00,1.202150434255599976e-01,-2.338483631610870361e-01,-5.701904296875000000e-01,6.645520776510238647e-02,1.328067264694254845e-05
1.003570914268493652e+00,3.775752708315849304e-02,-2.122032046318054199e-01,-5.880438089370727539e-01,2.656454592943191528e-02,1.463682201574556530e-05
1.000513792037963867e+00,4.929073527455329895e-02,-2.152386605739593506e-01,-5.538982152938842773e-01,1.044649258255958557e-01,1.188284477393608540e-05
1.004235863685607910e+00,1.223123446106910706e-01,-2.321954518556594849e-01,-5.601017475128173828e-01,1.295035481452941895e-01,7.777119026286527514e-05
1.002908945083618164e+00,1.592533141374588013e-01,-2.640018165111541748e-01,-7.039644718170166016e-01,-2.065962702035903931e-01,4.367897417978383601e-05
1.004227995872497559e+00,9.343615919351577759e-02,-2.343463897705078125e-01,-5.657261610031127930e-01,3.152922540903091431e-02,9.735496860230341554e-06
1.002225875854492188e+00,1.271497160196304321e-01,-2.357506304979324341e-01,-5.633183717727661133e-01,1.774195730686187744e-01,1.426600647391751409e-04
1.000327110290527344e+00,9.455075860023498535e-02,-2.396180629730224609e-01,-6.159867048263549805e-01,-5.484151467680931091e-02,5.795613833470270038e-05
1.000987768173217773e+00,8.286451548337936401e-02,-2.121119648218154907e-01,-5.708361864089965820e-01,1.336781233549118042e-01,1.215898882946930826e-04
1.003755927085876465e+00,1.107236966490745544e-01,-2.400598376989364624e-01,-6.225268244743347168e-01,-3.312694840133190155e-03,5.034218702348880470e-06
9.986613392829895020e-01,6.310263276100158691e-02,-2.219485640525817871e-01,-5.141822099685668945e-01,1.166797429323196411e-01,2.558590495027601719e-05
1.002361536026000977e+00,8.884959667921066284e-02,-2.319658100605010986e-01,-6.306055784225463867e-01,-2.663423307240009308e-02,2.639922058733645827e-06
1.002666473388671875e+00,1.324023306369781494e-01,-2.474233955144882202e-01,-6.373496055603027344e-01,-7.703325152397155762e-02,1.924713160406099632e-06
1.004285812377929688e+00,1.123840138316154480e-01,-2.372710108757019043e-01,-5.958967208862304688e-01,9.415765292942523956e-03,2.238081833638716489e-06
9.970443844795227051e-01,1.837994344532489777e-02,-2.342902868986129761e-01,-6.322793960571289062e-01,-5.993065983057022095e-02,2.313293516635894775e-04
1.005166769027709961e+00,1.701076775789260864e-01,-2.618399560451507568e-01,-7.064416408538818359e-01,-1.625514626502990723e-01,9.630745807953644544e-06
1.001763820648193359e+00,-7.094188034534454346e-02,-1.812377870082855225e-01,-6.109526157379150391e-01,5.824564024806022644e-02,4.467912367545068264e-05
1.002678155899047852e+00,-5.811750306747853756e-04,-1.977913528680801392e-01,-6.548159122467041016e-01,1.242634579539299011e-01,4.489760904107242823e-04
1.004391193389892578e+00,-1.044050697237253189e-02,-1.880328506231307983e-01,-6.381506323814392090e-01,2.178240939974784851e-02,1.535518531454727054e-04
1.003139615058898926e+00,7.897630333900451660e-03,-2.043323814868927002e-01,-6.549637317657470703e-01,8.092312514781951904e-02,3.445855691097676754e-05
1.003085374832153320e+00,7.116115838289260864e-02,-2.391492277383804321e-01,-6.124447584152221680e-01,7.048498839139938354e-02,7.672953506698831916e-05
1.044772505760192871e+00,-8.302491903305053711e-02,2.472111433744430542e-01,-7.459950447082519531e-01,-1.130692586302757263e-01,3.937612200388684869e-05
1.002346634864807129e+00,8.773131296038627625e-03,7.102930545806884766e-01,-6.798428297042846680e-01,-1.939637660980224609e-01,2.004005655180662870e-04
1.010844349861145020e+00,2.142634708434343338e-03,3.827090561389923096e-01,-6.425854563713073730e-01,8.034652099013328552e-03,1.476407487643882632e-05
1.000490307807922363e+00,1.140612065792083740e-01,5.345303416252136230e-01,-5.719389319419860840e-01,2.436846867203712463e-02,9.854859672486782074e-05
1.014075636863708496e+00,-3.315642476081848145e-02,3.678382337093353271e-01,-7.438124418258666992e-01,-1.351874917745590210e-01,5.695382424164563417e-05
1.008318781852722168e+00,4.471899941563606262e-02,3.702114820480346680e-01,-6.496460437774658203e-01,-2.394575998187065125e-02,1.197492383653298020e-05
1.022570252418518066e+00,3.274783492088317871e-02,3.297392427921295166e-01,-6.249204874038696289e-01,1.619675755500793457e-01,2.092464092129375786e-05
1.017265796661376953e+00,5.576974898576736450e-02,3.567462563514709473e-01,-6.765470504760742188e-01,5.404387041926383972e-02,9.030693036038428545e-06
1.011727094650268555e+00,4.523573443293571472e-02,4.069698154926300049e-01,-6.725836992263793945e-01,6.704165786504745483e-02,1.300704298046184704e-05
1.001500368118286133e+00,1.121081337332725525e-01,5.357227325439453125e-01,-5.612446069717407227e-01,1.311584562063217163e-02,8.733388676773756742e-05
1.004612088203430176e+00,7.701810915023088455e-03,4.228510558605194092e-01,-6.129499673843383789e-01,-9.507472813129425049e-02,2.220531132479663938e-05
1.002938270568847656e+00,5.546955764293670654e-02,4.559585154056549072e-01,-6.576963067054748535e-01,-4.060490429401397705e-02,7.165304850786924362e-05
1.015151858329772949e+00,-1.510022580623626709e-02,3.372159898281097412e-01,-6.287979483604431152e-01,2.832132019102573395e-02,2.683987531781895086e-06
1.039232730865478516e+00,-3.220168501138687134e-02,2.477411180734634399e-01,-6.053156852722167969e-01,1.645108908414840698e-01,1.034380620694719255e-04
1.012853860855102539e+00,-5.150272510945796967e-03,3.508744537830352783e-01,-6.265967488288879395e-01,1.620579883456230164e-02,3.834015387838007882e-06
1.000553727149963379e+00,4.981801286339759827e-02,5.719239711761474609e-01,-6.548570394515991211e-01,-1.160410568118095398e-01,1.449354167561978102e-04
1.047386527061462402e+00,2.957620918750762939e-01,-4.598737880587577820e-02,-8.503307104110717773e-01,-6.375232934951782227e-01,1.929775899043306708e-04
1.306751489639282227e+00,-1.907796263694763184e-01,9.660575538873672485e-02,-9.254496693611145020e-01,-3.380686640739440918e-01,6.419625424314290285e-05
1.000235319137573242e+00,-1.576779992319643497e-03,4.008178412914276123e-01,-7.106088399887084961e-01,-2.395800054073333740e-01,9.477078856434673071e-05
1.011701226234436035e+00,2.393700368702411652e-02,7.098033428192138672e-01,-5.888359546661376953e-01,-5.741913616657257080e-02,2.157093695132061839e-05
1.010571479797363281e+00,9.150005877017974854e-02,3.764469027519226074e-01,-5.704025626182556152e-01,6.707405298948287964e-02,1.369877427350729704e-04
1.008631467819213867e+00,7.133588939905166626e-02,4.337930679321289062e-01,-6.114017963409423828e-01,7.464221119880676270e-02,3.454000398050993681e-05
1.004078149795532227e+00,1.386010944843292236e-01,6.500006914138793945e-01,-5.156987905502319336e-01,-2.192509360611438751e-02,1.350625734630739316e-05
1.003324747085571289e+00,1.172820404171943665e-01,4.776384532451629639e-01,-5.800043344497680664e-01,3.602745011448860168e-02,2.223478804808109999e-05
1.006291627883911133e+00,1.516571044921875000e-01,4.536259472370147705e-01,-6.941009163856506348e-01,5.700612068176269531e-02,9.582469647284597158e-05
1.032558441162109375e+00,7.041378319263458252e-02,3.710414469242095947e-01,-7.200686931610107422e-01,1.980320215225219727e-01,5.553444498218595982e-05
1.010235309600830078e+00,9.170334786176681519e-03,7.141599655151367188e-01,-6.074417829513549805e-01,-9.723103791475296021e-02,2.732273060246370733e-05
1.008996844291687012e+00,1.328785717487335205e-01,4.178774952888488770e-01,-6.181405782699584961e-01,1.003448516130447388e-01,3.292567635071463883e-05
1.010030746459960938e+00,5.235951766371726990e-02,6.827621459960937500e-01,-5.743044018745422363e-01,-4.284737259149551392e-02,2.652351759024895728e-05
1.026682257652282715e+00,-2.710092812776565552e-02,2.614909708499908447e-01,-5.821560621261596680e-01,1.307697445154190063e-01,9.266297274734824896e-05
1.015395164489746094e+00,-2.417584881186485291e-02,-7.285699248313903809e-01,-9.455344080924987793e-01,-1.492189019918441772e-01,1.130482087319251150e-05
1.005801677703857422e+00,1.021778956055641174e-01,4.183559417724609375e-01,-6.206049919128417969e-01,6.525960285216569901e-03,1.399394386680796742e-05
1.006664752960205078e+00,1.225083842873573303e-01,4.070950150489807129e-01,-6.289446353912353516e-01,1.999707706272602081e-02,1.323102424066746607e-05
1.030587434768676758e+00,-5.406245961785316467e-02,3.046754300594329834e-01,-7.497141361236572266e-01,-8.712148666381835938e-02,7.358020229730755091e-05
1.004902720451354980e+00,9.618991613388061523e-02,6.317915916442871094e-01,-5.207693576812744141e-01,-5.602103099226951599e-02,1.954271647264249623e-05
1.009554386138916016e+00,6.782948970794677734e-02,3.988153636455535889e-01,-6.618514657020568848e-01,4.673846065998077393e-02,2.448708619340322912e-05
1.008693099021911621e+00,1.416585408151149750e-02,3.681254982948303223e-01,-6.423631906509399414e-01,-6.243198737502098083e-02,1.040318784362170845e-05
1.009569883346557617e+00,1.539686787873506546e-02,3.561886847019195557e-01,-6.285429000854492188e-01,-2.245525456964969635e-02,9.159645742329303175e-06
1.003817319869995117e+00,1.216996237635612488e-01,6.342961788177490234e-01,-5.152255296707153320e-01,-3.860431909561157227e-02,1.838143361965194345e-05
1.008051872253417969e+00,6.228895857930183411e-02,6.441624164581298828e-01,-5.892090797424316406e-01,-6.430228799581527710e-02,1.587409860803745687e-05
1.011831760406494141e+00,-9.315822273492813110e-02,3.461151421070098877e-01,-5.496540069580078125e-01,-4.871758446097373962e-02,2.789357677102088928e-05
1.010502457618713379e+00,3.695503249764442444e-02,6.791104674339294434e-01,-5.773388743400573730e-01,-3.965127840638160706e-02,3.311693581053987145e-05
1.002703428268432617e+00,1.477744430303573608e-01,5.945553779602050781e-01,-5.350254774093627930e-01,8.714753203094005585e-03,3.547142478055320680e-05
1.024000167846679688e+00,6.885151378810405731e-03,3.196571171283721924e-01,-6.775262951850891113e-01,5.246573686599731445e-02,1.387153133691754192e-05
1.002802252769470215e+00,1.729271113872528076e-01,4.634512662887573242e-01,-6.462230086326599121e-01,1.958112269639968872e-01,1.010687847156077623e-04
1.046403884887695312e+00,3.978360071778297424e-02,2.992259562015533447e-01,-6.823440790176391602e-01,2.336256951093673706e-01,1.543752587167546153e-04
1.020718216896057129e+00,-4.329339787364006042e-02,3.025706410408020020e-01,-6.185340881347656250e-01,5.747925490140914917e-02,8.740340490476228297e-06
1.179377436637878418e+00,-8.564494550228118896e-02,4.339420795440673828e-02,-7.879448533058166504e-01,-2.294906079769134521e-01,2.146178667317144573e-05
1.013363838195800781e+00,5.122712627053260803e-02,3.177129626274108887e-01,-6.802986860275268555e-01,-4.228167608380317688e-02,7.129873847588896751e-05
1.009447693824768066e+00,1.034768968820571899e-01,4.090056717395782471e-01,-6.606999635696411133e-01,5.959212779998779297e-02,2.428325024084188044e-05
1.006663560867309570e+00,5.730706080794334412e-02,4.117341041564941406e-01,-6.376676559448242188e-01,1.569410413503646851e-02,2.450581087032333016e-05
1.015563488006591797e+00,9.273233823478221893e-03,4.590081274509429932e-01,-7.520447969436645508e-01,-2.178407832980155945e-02,9.922741446644067764e-05
1.005645155906677246e+00,1.068529635667800903e-01,4.888135790824890137e-01,-6.226118803024291992e-01,5.893485993146896362e-02,2.132276567863300443e-04
1.013893246650695801e+00,3.761575371026992798e-02,3.778372704982757568e-01,-6.054621934890747070e-01,1.159371212124824524e-01,2.312448486918583512e-04
1.013299345970153809e+00,6.243198737502098083e-02,3.741322159767150879e-01,-6.721410751342773438e-01,3.646234795451164246e-02,4.990984962205402553e-06
1.011440157890319824e+00,3.249317407608032227e-02,7.085605859756469727e-01,-5.877661705017089844e-01,-5.623338744044303894e-02,2.465703801135532558e-05
1.004675030708312988e+00,1.916625648736953735e-01,4.870963394641876221e-01,-5.646440982818603516e-01,1.579610854387283325e-01,1.734537800075486302e-04
1.010819911956787109e+00,4.094580933451652527e-02,3.653015792369842529e-01,-6.636118888854980469e-01,-2.067205263301730156e-03,2.879633211705368012e-05
1.020881652832031250e+00,1.084668487310409546e-01,3.694381117820739746e-01,-6.550434827804565430e-01,1.856358796358108521e-01,2.998608943016733974e-05
1.005003094673156738e+00,1.050454378128051758e-01,6.413255333900451660e-01,-5.310453176498413086e-01,-4.993763566017150879e-02,1.344147585768951103e-05
1.027080774307250977e+00,-4.186538979411125183e-02,2.795389592647552490e-01,-6.138505935668945312e-01,1.165964379906654358e-01,4.536477354122325778e-05
1.010525226593017578e+00,5.236623436212539673e-02,3.235059678554534912e-01,-6.279263496398925781e-01,-2.461943216621875763e-02,2.005815767915919423e-04
1.010413408279418945e+00,2.882260270416736603e-02,3.827326893806457520e-01,-5.647653341293334961e-01,2.308310195803642273e-02,1.377454609610140324e-04
1.010432243347167969e+00,5.347852036356925964e-02,4.224228858947753906e-01,-6.121211051940917969e-01,8.505208790302276611e-02,8.841387170832604170e-05
1.012495875358581543e+00,1.471234560012817383e-01,4.185414910316467285e-01,-6.659709215164184570e-01,1.353049874305725098e-01,5.681597031070850790e-05
1.020334362983703613e+00,-2.968437410891056061e-02,2.946663200855255127e-01,-5.697042942047119141e-01,1.294554919004440308e-01,4.338975486462004483e-05
1.051247954368591309e+00,-9.126801788806915283e-02,2.224099934101104736e-01,-6.168855428695678711e-01,1.689048558473587036e-01,3.503301413729786873e-04
1.011554002761840820e+00,-4.703501239418983459e-02,3.136547505855560303e-01,-5.943408012390136719e-01,-4.242613911628723145e-02,7.712814840488135815e-05
1.016978144645690918e+00,-1.720470190048217773e-02,3.296489715576171875e-01,-6.194586753845214844e-01,6.865271180868148804e-02,1.738716309773735702e-05
1.010306119918823242e+00,7.037487626075744629e-02,4.009695053100585938e-01,-6.167539358139038086e-01,7.127783447504043579e-02,4.342051852290751413e-06
1.008101701736450195e+00,9.990639984607696533e-02,4.004601240158081055e-01,-6.701794862747192383e-01,5.923142191022634506e-03,3.450073563726618886e-05
1.003110885620117188e+00,1.225044801831245422e-01,5.202740430831909180e-01,-5.820487737655639648e-01,-1.264951750636100769e-02,6.095088247093372047e-05
1.001523971557617188e+00,1.738693416118621826e-01,5.523397922515869141e-01,-5.259387493133544922e-01,4.632558301091194153e-02,3.670370642794296145e-05
1.009284734725952148e+00,6.883726269006729126e-02,3.359222710132598877e-01,-6.246364116668701172e-01,-3.273794800043106079e-02,2.081155689666047692e-04
1.012564778327941895e+00,8.403243869543075562e-02,3.914326727390289307e-01,-6.202576756477355957e-01,1.458712071180343628e-01,1.489384158048778772e-05
1.005850672721862793e+00,9.367210417985916138e-02,5.629085302352905273e-01,-5.028726458549499512e-01,-4.635573923587799072e-02,4.527567216427996755e-05
1.004996180534362793e+00,5.445753037929534912e-02,6.731133460998535156e-01,-6.212713718414306641e-01,-1.216045543551445007e-01,1.921048897202126682e-05
1.012838602066040039e+00,1.254761517047882080e-01,3.835373818874359131e-01,-6.025102734565734863e-01,1.718427389860153198e-01,3.711468161782249808e-05
1.008495569229125977e+00,2.684544026851654053e-02,3.934460878372192383e-01,-6.338002681732177734e-01,-1.701989397406578064e-02,2.285345181007869542e-05
1.009784698486328125e+00,1.969345100224018097e-02,3.984298706054687500e-01,-5.985252261161804199e-01,3.202755376696586609e-02,4.299406282370910048e-05
1.004218459129333496e+00,5.852461978793144226e-02,5.973490476608276367e-01,-6.472311019897460938e-01,-1.200399547815322876e-01,6.067084541427902877e-05
1.004010558128356934e+00,1.127620637416839600e-01,4.707804620265960693e-01,-6.286345124244689941e-01,9.677876532077789307e-02,2.589163341326639056e-05
1.020968079566955566e+00,3.569361567497253418e-02,3.311097025871276855e-01,-6.808040738105773926e-01,3.886725753545761108e-02,1.211851486004889011e-05
1.014975428581237793e+00,7.103475183248519897e-02,3.585616052150726318e-01,-6.245756149291992188e-01,9.903536736965179443e-02,2.300600863236468285e-05
1.008964180946350098e+00,5.413025245070457458e-02,2.944276332855224609e-01,-6.750646233558654785e-01,-9.660445153713226318e-02,3.923591066268272698e-05
1.008775234222412109e+00,7.492472976446151733e-02,3.196741640567779541e-01,-6.757327318191528320e-01,-7.382666319608688354e-02,1.886400059447623789e-05
1.005854368209838867e+00,9.319163113832473755e-02,4.310996532440185547e-01,-6.666201353073120117e-01,2.464355714619159698e-02,3.917218054994009435e-05
1.012637376785278320e+00,-7.629544474184513092e-03,3.760291934013366699e-01,-6.389875411987304688e-01,4.987086728215217590e-02,2.460506721035926603e-06
1.009531140327453613e+00,8.052308857440948486e-02,4.022555053234100342e-01,-6.041153669357299805e-01,7.728168368339538574e-02,1.921207149280235171e-05
1.006660580635070801e+00,7.400535792112350464e-02,4.571776092052459717e-01,-5.999219417572021484e-01,3.241582959890365601e-02,1.658491419220808893e-05
1.005971908569335938e+00,4.902441054582595825e-02,4.434925019741058350e-01,-6.474229097366333008e-01,1.089678797870874405e-02,5.740472261095419526e-05
1.008742213249206543e+00,5.965342000126838684e-02,2.918440699577331543e-01,-6.810550689697265625e-01,-1.061366870999336243e-01,4.864908987656235695e-05
1.006263136863708496e+00,7.547420263290405273e-02,2.999789714813232422e-01,-6.911309957504272461e-01,-1.313533782958984375e-01,8.892279583960771561e-05
1.006651759147644043e+00,1.047196239233016968e-01,3.971287310123443604e-01,-6.307550668716430664e-01,1.348741538822650909e-02,1.069674362952355295e-05
1.007124662399291992e+00,5.679758638143539429e-02,4.327239990234375000e-01,-6.632499098777770996e-01,3.780880570411682129e-02,6.398154800990596414e-05
1.012543916702270508e+00,6.738378107547760010e-02,3.723589777946472168e-01,-6.410560607910156250e-01,6.201180070638656616e-02,1.629253165447153151e-05
1.009671211242675781e+00,1.125896070152521133e-02,3.889271914958953857e-01,-5.925658345222473145e-01,1.145527325570583344e-02,1.490636896051000804e-05
1.006552577018737793e+00,7.110440731048583984e-02,4.215677082538604736e-01,-6.236256361007690430e-01,1.426355633884668350e-02,9.395463166583795100e-06
1.010020732879638672e+00,-6.122214719653129578e-03,3.809603452682495117e-01,-5.818104743957519531e-01,-1.356362481601536274e-03,1.269066979148192331e-05
1.008497238159179688e+00,6.546150147914886475e-02,3.209732174873352051e-01,-6.680024862289428711e-01,-6.658463180065155029e-02,6.827436300227418542e-05
1.011126399040222168e+00,6.562720239162445068e-02,2.847669124603271484e-01,-6.941009759902954102e-01,-9.988317638635635376e-02,1.601606709300540388e-05
1.007829666137695312e+00,1.640032604336738586e-02,5.076047182083129883e-01,-7.153800129890441895e-01,-1.590415835380554199e-02,3.261817983002401888e-05
1.009253621101379395e+00,9.603191912174224854e-02,4.025075733661651611e-01,-6.531169414520263672e-01,5.271360278129577637e-02,1.137055005528964102e-05
1.018637418746948242e+00,3.615367412567138672e-02,3.291071951389312744e-01,-6.632348299026489258e-01,3.506313264369964600e-02,9.345139915239997208e-06
1.004624247550964355e+00,2.997483685612678528e-02,4.003373682498931885e-01,-6.312375068664550781e-01,-7.151889801025390625e-02,5.845044506713747978e-05
1.007587671279907227e+00,9.667655080556869507e-02,4.215754270553588867e-01,-6.324127316474914551e-01,4.234379157423973083e-02,1.148131013906095177e-05
1.016184329986572266e+00,-2.424652874469757080e-02,3.919051289558410645e-01,-7.205202579498291016e-01,-7.056914269924163818e-02,1.238699478562921286e-04
1.007974982261657715e+00,2.327348571270704269e-03,6.123036146163940430e-01,-6.158987283706665039e-01,-6.962226331233978271e-02,3.732101686182431877e-05
1.004881501197814941e+00,6.887938082218170166e-02,6.178267002105712891e-01,-6.329121589660644531e-01,-1.082599759101867676e-01,4.468907718546688557e-05
1.004545688629150391e+00,7.930529862642288208e-02,5.217340588569641113e-01,-6.790586709976196289e-01,2.775564044713973999e-02,4.609534516930580139e-05
1.012686252593994141e+00,-3.388635814189910889e-02,4.246428906917572021e-01,-5.349999070167541504e-01,-3.153909696266055107e-03,6.168661639094352722e-05
1.005282640457153320e+00,5.715927854180335999e-02,3.961933553218841553e-01,-6.569098234176635742e-01,-5.814626067876815796e-02,3.317785740364342928e-05
1.007123589515686035e+00,-8.689024299383163452e-02,3.795865476131439209e-01,-6.065528392791748047e-01,-1.703856736421585083e-01,4.374819400254637003e-05
1.014325976371765137e+00,-3.500842303037643433e-02,3.319520950317382812e-01,-5.520970821380615234e-01,5.874775350093841553e-02,5.792000592919066548e-05
1.024450302124023438e+00,3.676178678870201111e-02,3.445813059806823730e-01,-6.954141855239868164e-01,8.677893131971359253e-02,1.036232060869224370e-05
1.006889939308166504e+00,6.776718795299530029e-02,5.301337838172912598e-01,-5.412380099296569824e-01,-3.632335364818572998e-02,5.234326818026602268e-05
1.016302943229675293e+00,1.386124547570943832e-02,3.052044212818145752e-01,-5.611302256584167480e-01,8.545995503664016724e-02,1.304124161833897233e-04
1.006593942642211914e+00,4.324098676443099976e-02,5.582814216613769531e-01,-5.545604825019836426e-01,-2.180338092148303986e-02,4.187066951999440789e-05
9.865586757659912109e-01,-8.053004741668701172e-01,-2.002441883087158203e-01,-9.709619283676147461e-01,1.155814677476882935e-01,8.622538985036953818e-07
1.012977719306945801e+00,3.292984887957572937e-02,3.698319792747497559e-01,-6.072492003440856934e-01,1.133409887552261353e-01,5.771504584117792547e-05
1.024583220481872559e+00,2.525326050817966461e-02,3.972613811492919922e-01,-7.380806803703308105e-01,4.952351748943328857e-02,2.910241310019046068e-04
1.019265055656433105e+00,5.743674933910369873e-02,3.552080988883972168e-01,-6.713376045227050781e-01,8.251086622476577759e-02,2.152332308469340205e-05
1.020111918449401855e+00,8.928181976079940796e-02,3.464692234992980957e-01,-6.145300269126892090e-01,1.495323628187179565e-01,3.701289824675768614e-05
1.009274363517761230e+00,-1.985875889658927917e-02,4.111186563968658447e-01,-7.689889073371887207e-01,-1.994796246290206909e-01,4.270777571946382523e-05
1.009146571159362793e+00,8.855465799570083618e-02,4.088250696659088135e-01,-6.848665475845336914e-01,2.803032286465167999e-02,3.453083263593725860e-05
1.010506510734558105e+00,1.479072570800781250e-01,4.175322949886322021e-01,-5.748416185379028320e-01,1.118488088250160217e-01,4.313998215366154909e-05
9.983561635017395020e-01,1.705982685089111328e-01,4.796270132064819336e-01,-5.705226659774780273e-01,1.306797564029693604e-01,4.337287100497633219e-05
1.019834637641906738e+00,4.701864346861839294e-02,3.245030045509338379e-01,-6.054983139038085938e-01,1.158069893717765808e-01,9.674346074461936951e-05
1.004530906677246094e+00,1.233469396829605103e-01,4.502945244312286377e-01,-6.700768470764160156e-01,1.878654398024082184e-02,3.588803519960492849e-05
1.006324172019958496e+00,9.411703050136566162e-02,4.531960487365722656e-01,-6.035709381103515625e-01,4.120590165257453918e-02,9.086711543204728514e-06
1.003970384597778320e+00,1.509904712438583374e-01,7.298486232757568359e-01,-4.561868309974670410e-01,1.425050571560859680e-02,4.032204742543399334e-06
1.044764518737792969e+00,-1.596291363239288330e-02,3.030102550983428955e-01,-7.092163562774658203e-01,1.328855305910110474e-01,2.260901819681748748e-04
1.004890203475952148e+00,9.817504882812500000e-02,4.886164069175720215e-01,-6.284846067428588867e-01,4.509023949503898621e-02,3.646990080596879125e-05
1.011847496032714844e+00,-6.908217445015907288e-03,3.656425774097442627e-01,-6.119544506072998047e-01,4.698159173130989075e-02,9.891054105537477881e-06
1.011180400848388672e+00,-1.916301995515823364e-02,3.758359551429748535e-01,-7.542858719825744629e-01,-1.683438569307327271e-01,4.594330675899982452e-05
1.009135007858276367e+00,9.136618673801422119e-02,4.418691396713256836e-01,-6.539034843444824219e-01,7.888759672641754150e-02,5.114569285069592297e-05
1.015195131301879883e+00,9.896788001060485840e-02,3.917968869209289551e-01,-6.762140989303588867e-01,1.072628200054168701e-01,2.521310125302989036e-05
1.006647944450378418e+00,9.628431499004364014e-02,5.416043996810913086e-01,-5.013916492462158203e-01,-3.716496750712394714e-02,4.604686910170130432e-05
1.006901502609252930e+00,9.323621541261672974e-02,4.178655147552490234e-01,-6.069487333297729492e-01,1.834246329963207245e-02,1.355531458102632314e-05
1.019961237907409668e+00,6.920882966369390488e-03,3.394984900951385498e-01,-6.503231525421142578e-01,1.131458729505538940e-01,7.038884359644725919e-05
1.016747117042541504e+00,2.107329107820987701e-02,3.387735188007354736e-01,-6.102508306503295898e-01,1.324481815099716187e-01,5.203795444685965776e-05
9.801619052886962891e-01,2.632397413253784180e-01,4.880017936229705811e-01,-5.617919564247131348e-01,2.236610949039459229e-01,5.154157988727092743e-04
1.022625446319580078e+00,7.442861795425415039e-02,3.616006672382354736e-01,-6.667612791061401367e-01,1.575553417205810547e-01,2.438919909764081240e-05
1.011922717094421387e+00,1.964518986642360687e-02,3.772828280925750732e-01,-6.390329599380493164e-01,5.005981773138046265e-02,2.337039040867239237e-05
1.000934481620788574e+00,2.076189517974853516e-01,-6.504883170127868652e-01,-9.226624965667724609e-01,1.923257112503051758e-01,3.950059181079268456e-06
1.007636666297912598e+00,4.264169558882713318e-02,4.675693511962890625e-01,-6.863275170326232910e-01,1.722308620810508728e-02,2.552258774812798947e-05
1.009385347366333008e+00,9.418089687824249268e-02,4.085806906223297119e-01,-6.490288376808166504e-01,5.791773274540901184e-02,1.502080431237118319e-05
1.063436150550842285e+00,-9.218151867389678955e-02,1.984730660915374756e-01,-7.519714832305908203e-01,-1.341776102781295776e-01,2.462336306052748114e-05
1.002474665641784668e+00,4.892766848206520081e-02,5.315726995468139648e-01,-6.958131790161132812e-01,-6.184246018528938293e-02,5.922115815337747335e-05
1.014986038208007812e+00,-3.091914020478725433e-02,3.236100971698760986e-01,-6.101505756378173828e-01,3.989925608038902283e-02,2.292703902639914304e-05
1.025631427764892578e+00,9.134579449892044067e-02,3.467128574848175049e-01,-6.592538356781005859e-01,2.038745731115341187e-01,6.961931649129837751e-05
1.159604310989379883e+00,-9.326779842376708984e-02,7.684506475925445557e-02,-7.988680601119995117e-01,-1.992243528366088867e-01,2.761180257948581129e-05
1.024030685424804688e+00,7.884823530912399292e-02,3.631974458694458008e-01,-7.175421714782714844e-01,8.386447280645370483e-02,8.845582487992942333e-05
1.099370718002319336e+00,-8.489751070737838745e-02,1.828304529190063477e-01,-8.126838207244873047e-01,-1.366377621889114380e-01,1.429773510608356446e-05
1.006682038307189941e+00,5.083493515849113464e-02,3.819910585880279541e-01,-6.414661407470703125e-01,-4.073248431086540222e-02,1.030880230246111751e-05
1.022933602333068848e+00,1.043935865163803101e-01,3.556224107742309570e-01,-6.503670215606689453e-01,1.648093014955520630e-01,2.353154195589013398e-05
1.005676388740539551e+00,9.991525113582611084e-02,4.521348774433135986e-01,-6.237575411796569824e-01,3.476267307996749878e-02,5.733651050832122564e-05
1.010505914688110352e+00,-1.454227417707443237e-01,3.020313680171966553e-01,-5.672290325164794922e-01,-9.404720366001129150e-02,1.652664213906973600e-04
1.009972810745239258e+00,-3.105103969573974609e-04,3.608243763446807861e-01,-6.397970914840698242e-01,-5.786587297916412354e-02,8.841430826578289270e-06
1.013970971107482910e+00,-4.906604811549186707e-02,3.317097723484039307e-01,-5.318006277084350586e-01,5.199923738837242126e-02,4.986065687262453139e-05
1.066395521163940430e+00,-8.167872577905654907e-02,1.699220240116119385e-01,-7.407808303833007812e-01,-1.286815851926803589e-01,2.644483720359858125e-05
1.007353305816650391e+00,3.102290257811546326e-02,4.649628400802612305e-01,-6.751914024353027344e-01,-5.210233386605978012e-03,2.271254561492241919e-05
1.004012823104858398e+00,8.264829963445663452e-02,5.932782292366027832e-01,-5.423747897148132324e-01,-2.831304073333740234e-02,3.221206861780956388e-05
1.015838980674743652e+00,3.465009853243827820e-02,4.123305380344390869e-01,-7.037875652313232422e-01,6.613712757825851440e-02,7.004050712566822767e-05
1.007044911384582520e+00,6.672016531229019165e-02,6.262441873550415039e-01,-5.881799459457397461e-01,-6.878630816936492920e-02,1.859899930423125625e-05
1.009908914566040039e+00,1.116604283452033997e-01,4.001658856868743896e-01,-6.549785137176513672e-01,5.669634416699409485e-02,5.024221991334343329e-06
1.004790663719177246e+00,8.528428524732589722e-02,5.697737336158752441e-01,-5.117956399917602539e-01,-5.058836191892623901e-02,4.391156835481524467e-05
1.047218799591064453e+00,4.256946593523025513e-02,3.314312398433685303e-01,-7.500435709953308105e-01,1.974132955074310303e-01,3.943336196243762970e-04
1.003068089485168457e+00,1.087895631790161133e-01,4.949184954166412354e-01,-6.871570348739624023e-01,1.164085697382688522e-02,1.644744406803511083e-05
1.007553219795227051e+00,1.005162671208381653e-02,4.607101976871490479e-01,-6.342996954917907715e-01,-1.850638166069984436e-02,4.864837319473735988e-05
1.021924495697021484e+00,1.807188987731933594e-02,3.674652576446533203e-01,-7.389096021652221680e-01,-4.528040811419487000e-02,1.016042515402659774e-04
1.031703829765319824e+00,-1.224712841212749481e-02,3.483998477458953857e-01,-7.376589775085449219e-01,2.626756392419338226e-02,1.465363748138770461e-04
1.011269807815551758e+00,5.220434442162513733e-02,3.704749047756195068e-01,-5.861644744873046875e-01,7.962536811828613281e-02,6.023904643370769918e-05
1.014105796813964844e+00,1.243002805858850479e-02,3.720228970050811768e-01,-6.584993600845336914e-01,5.135431140661239624e-02,2.512327046133577824e-05
1.001930475234985352e+00,1.998979598283767700e-01,6.546102762222290039e-01,-4.958388805389404297e-01,6.557787768542766571e-03,3.197978003299795091e-05
1.006550431251525879e+00,-1.763911917805671692e-02,6.495076417922973633e-01,-6.947102546691894531e-01,-1.868387609720230103e-01,4.904296292806975543e-05
1.007698059082031250e+00,8.291734755039215088e-02,2.923087477684020996e-01,-7.068424820899963379e-01,-1.390749067068099976e-01,8.131504728225991130e-05
1.005659818649291992e+00,5.093942210078239441e-02,4.667351543903350830e-01,-5.835452079772949219e-01,-4.799769818782806396e-02,6.673116149613633752e-05
1.015444993972778320e+00,6.606066226959228516e-02,3.499523699283599854e-01,-6.701996326446533203e-01,2.874023839831352234e-02,1.005519879981875420e-05
1.013720393180847168e+00,5.840804427862167358e-02,3.697786331176757812e-01,-6.591424345970153809e-01,5.359230935573577881e-02,9.170644261757843196e-06
1.007514476776123047e+00,9.273859113454818726e-02,4.449775218963623047e-01,-5.553225874900817871e-01,5.970347672700881958e-03,3.792023926507681608e-05
1.014326214790344238e+00,-4.717409319709986448e-04,3.535332381725311279e-01,-6.495581865310668945e-01,1.965019479393959045e-02,4.816051841771695763e-06
1.012105464935302734e+00,5.660434439778327942e-02,3.381175398826599121e-01,-6.699299812316894531e-01,-2.791823446750640869e-02,5.734527803724631667e-05
1.009612560272216797e+00,1.190933864563703537e-02,7.686670422554016113e-01,-6.130280494689941406e-01,-1.420439928770065308e-01,4.773043110617436469e-05
1.015837073326110840e+00,6.045357882976531982e-02,3.317069113254547119e-01,-6.783874034881591797e-01,-6.752924993634223938e-03,1.445484394935192540e-05
1.012378215789794922e+00,5.635616928339004517e-02,3.348987996578216553e-01,-6.650832295417785645e-01,-2.454008534550666809e-02,3.357969035278074443e-05
1.006644725799560547e+00,7.323022186756134033e-02,4.434398710727691650e-01,-6.220852732658386230e-01,2.418856695294380188e-02,1.408632306265644729e-05
1.026270270347595215e+00,1.428807899355888367e-02,3.445463478565216064e-01,-7.066948413848876953e-01,8.933441340923309326e-02,7.947326957946643233e-05
1.009527444839477539e+00,-4.571945220232009888e-02,3.888503313064575195e-01,-5.505294799804687500e-01,-6.800189614295959473e-02,3.880622534779831767e-05
1.006342172622680664e+00,7.346875220537185669e-02,4.542535841464996338e-01,-5.905428528785705566e-01,-4.979569464921951294e-03,1.499055360909551382e-05
1.017158389091491699e+00,5.272852256894111633e-02,3.515306711196899414e-01,-6.823291778564453125e-01,3.373302146792411804e-02,1.236853404407156631e-05
1.009273409843444824e+00,-1.539496146142482758e-02,3.409048616886138916e-01,-6.102920174598693848e-01,-5.304110422730445862e-02,4.140433884458616376e-05
1.005849480628967285e+00,1.157813146710395813e-02,4.003882110118865967e-01,-6.208509206771850586e-01,-7.327145338058471680e-02,1.813240305637009442e-05
1.007449746131896973e+00,6.376437097787857056e-02,4.235818386077880859e-01,-6.364442706108093262e-01,3.063292242586612701e-02,2.538331318646669388e-05
1.006944775581359863e+00,8.706008642911911011e-02,4.478779733180999756e-01,-6.127347946166992188e-01,4.889014735817909241e-02,9.527126167085953057e-06
1.010989427566528320e+00,6.010609213262796402e-03,3.711875081062316895e-01,-6.288042664527893066e-01,-3.045311197638511658e-03,1.201481700263684615e-05
1.013493776321411133e+00,-7.390397787094116211e-02,3.143121004104614258e-01,-5.284947156906127930e-01,2.248855680227279663e-02,1.012177162920124829e-04
1.004249811172485352e+00,9.305109083652496338e-02,5.153339505195617676e-01,-7.129212617874145508e-01,4.470501840114593506e-02,4.836169682675972581e-05
1.000908374786376953e+00,2.001555114984512329e-01,6.998745799064636230e-01,-4.792061150074005127e-01,-3.233004361391067505e-03,1.930721482494845986e-04
1.006200909614562988e+00,9.407836943864822388e-02,4.806271493434906006e-01,-7.112766504287719727e-01,5.660639330744743347e-02,5.435674029286019504e-05
1.028908014297485352e+00,4.406011849641799927e-02,3.679575324058532715e-01,-7.497308254241943359e-01,4.582305252552032471e-02,1.087924611056223512e-04
1.012914180755615234e+00,8.202811330556869507e-02,3.940691351890563965e-01,-6.875777244567871094e-01,6.091826781630516052e-02,7.300199649762362242e-05
1.013535737991333008e+00,4.721876606345176697e-02,3.815125823020935059e-01,-6.750212907791137695e-01,4.251948744058609009e-02,2.327660695300437510e-05
1.033161520957946777e+00,8.668056689202785492e-03,3.241741955280303955e-01,-7.121231555938720703e-01,1.074464693665504456e-01,1.013868895824998617e-04
1.007864832878112793e+00,-9.864516556262969971e-03,4.226163625717163086e-01,-6.071288585662841797e-01,-2.949996851384639740e-02,4.507406629272736609e-05
1.006249189376831055e+00,9.677799791097640991e-02,4.568988084793090820e-01,-5.823365449905395508e-01,2.283253706991672516e-02,1.132430043071508408e-05
1.006615161895751953e+00,3.123158402740955353e-02,4.434266090393066406e-01,-5.794255733489990234e-01,-3.160746768116950989e-02,4.837776577915064991e-05
1.012269020080566406e+00,3.715868666768074036e-02,3.821178674697875977e-01,-6.402621269226074219e-01,7.051060348749160767e-02,2.359661993978079408e-05
1.006430625915527344e+00,7.120898365974426270e-02,4.902271926403045654e-01,-6.206687688827514648e-01,1.484296936541795731e-02,5.097463144920766354e-05
1.005952954292297363e+00,9.116128832101821899e-02,4.648741483688354492e-01,-6.121168732643127441e-01,4.534167423844337463e-02,1.754813092702534050e-05
1.000642776489257812e+00,2.136888802051544189e-01,4.432435929775238037e-01,-5.988176465034484863e-01,1.900006830692291260e-01,2.105754829244688153e-04
1.013577938079833984e+00,3.460738435387611389e-02,3.579039871692657471e-01,-6.032106876373291016e-01,1.003010720014572144e-01,5.183032044442370534e-05
1.008850336074829102e+00,2.939286269247531891e-02,5.076821446418762207e-01,-5.918161273002624512e-01,-5.929088220000267029e-02,1.319799921475350857e-04
1.006133437156677246e+00,9.711682051420211792e-02,4.987012147903442383e-01,-6.049219369888305664e-01,7.114171050488948822e-03,3.678063148981891572e-05
1.015576124191284180e+00,1.319478154182434082e-01,4.511040747165679932e-01,-7.395156621932983398e-01,1.540540754795074463e-01,2.354666939936578274e-04
1.006966471672058105e+00,4.917936772108078003e-02,4.534400105476379395e-01,-5.642008185386657715e-01,5.027581751346588135e-02,1.013153669191524386e-04
1.009636282920837402e+00,9.139372967183589935e-03,4.723515212535858154e-01,-5.739829540252685547e-01,-3.645681217312812805e-02,9.101197065319865942e-05
1.011551856994628906e+00,2.696236036717891693e-02,3.073471486568450928e-01,-6.560587882995605469e-01,-5.188011005520820618e-02,9.162609785562381148e-05
1.007210612297058105e+00,6.479287147521972656e-02,4.428142607212066650e-01,-6.001088619232177734e-01,2.540971152484416962e-02,1.076826811186037958e-05
1.009549736976623535e+00,5.703843757510185242e-02,6.670168638229370117e-01,-5.833781361579895020e-01,-7.111748307943344116e-02,1.276905277336481959e-05
1.015962958335876465e+00,6.539496779441833496e-02,3.591514527797698975e-01,-6.377083659172058105e-01,8.955241739749908447e-02,3.866243423544801772e-05
1.008523106575012207e+00,4.753485321998596191e-02,4.496952593326568604e-01,-6.644500494003295898e-01,5.141596123576164246e-02,1.483677533542504534e-05
1.011015653610229492e+00,8.690995723009109497e-02,3.939503133296966553e-01,-6.481907367706298828e-01,6.870871037244796753e-02,2.328619848412927240e-05
1.011174917221069336e+00,5.831433832645416260e-02,4.507040977478027344e-01,-5.458490252494812012e-01,4.505918920040130615e-02,1.245267922058701515e-04
1.005079627037048340e+00,1.044472977519035339e-01,4.534982144832611084e-01,-6.695678234100341797e-01,2.747862972319126129e-02,5.696496373275294900e-05
1.011713981628417969e+00,6.694134324789047241e-02,3.750435709953308105e-01,-6.714368462562561035e-01,1.794068142771720886e-02,4.707426342065446079e-06
1.006263136863708496e+00,7.621277868747711182e-02,4.423968791961669922e-01,-6.096724271774291992e-01,3.512248862534761429e-03,5.347850674297660589e-06
1.009699225425720215e+00,1.358998119831085205e-01,4.161519706249237061e-01,-6.335721015930175781e-01,9.515437483787536621e-02,2.110787681885994971e-05
9.981887936592102051e-01,4.281206056475639343e-02,3.432993888854980469e-01,-6.571011543273925781e-01,-2.079385817050933838e-01,2.005141141125932336e-04
1.011147975921630859e+00,7.197681814432144165e-02,4.970434904098510742e-01,-7.754470705986022949e-01,4.524923861026763916e-02,1.553650945425033569e-04
1.041203022003173828e+00,-7.034634798765182495e-02,2.635856866836547852e-01,-7.276189327239990234e-01,-6.745344400405883789e-02,1.936436892719939351e-04
1.032330632209777832e+00,-5.201189965009689331e-02,3.083690702915191650e-01,-7.892796993255615234e-01,-1.367244571447372437e-01,2.935539814643561840e-04
1.005332827568054199e+00,9.171874821186065674e-02,5.081071853637695312e-01,-6.091911792755126953e-01,1.843231730163097382e-02,2.121259603882208467e-05
1.027065992355346680e+00,5.258972942829132080e-02,4.263160526752471924e-01,-7.892116308212280273e-01,8.496693521738052368e-02,1.758700236678123474e-04
1.001484990119934082e+00,1.728099733591079712e-01,6.289124488830566406e-01,-5.163900852203369141e-01,2.023653127253055573e-02,3.957037552027031779e-05
