1.098032712936401367e+00,-9.834294915199279785e-01,2.028740495443344116e-01,4.779389500617980957e-01,-2.784658372402191162e-01,2.508118996047414839e-05
7.659142017364501953e-01,-9.381780028343200684e-01,7.032448053359985352e-02,2.795420885086059570e-01,-3.090531826019287109e-01,1.395412691636011004e-04
1.030062079429626465e+00,-9.585721492767333984e-01,2.913391590118408203e-01,3.663038313388824463e-01,-4.384166002273559570e-01,3.446142363827675581e-05
1.025586128234863281e+00,-9.699234366416931152e-01,2.316300421953201294e-01,4.063186943531036377e-01,-4.511331319808959961e-01,1.376448381051886827e-05
9.765911102294921875e-01,-9.831032752990722656e-01,1.742362231016159058e-01,5.131836533546447754e-01,-3.152026236057281494e-01,8.134276140481233597e-05
1.029917478561401367e+00,-9.876154661178588867e-01,2.987839579582214355e-01,3.094966113567352295e-01,-4.171340763568878174e-01,1.182391642942093313e-04
9.474728107452392578e-01,-9.572823643684387207e-01,2.355264723300933838e-01,4.047402143478393555e-01,-4.034970104694366455e-01,2.405202576483134180e-05
9.545780420303344727e-01,-9.663159251213073730e-01,2.693801820278167725e-01,3.170966207981109619e-01,-4.232391715049743652e-01,8.943607099354267120e-05
9.971134066581726074e-01,-9.836398363113403320e-01,2.194405645132064819e-01,3.901999592781066895e-01,-3.959018588066101074e-01,4.734698086394928396e-05
1.006030559539794922e+00,-9.864071011543273926e-01,2.049566209316253662e-01,3.557433485984802246e-01,-4.144134223461151123e-01,8.156415424309670925e-05
9.579544663429260254e-01,-9.721455574035644531e-01,2.872497737407684326e-01,3.249018490314483643e-01,-4.330870509147644043e-01,3.864682003040798008e-05
1.030571341514587402e+00,-9.859812855720520020e-01,3.100505173206329346e-01,3.555280864238739014e-01,-4.445526301860809326e-01,1.454260345781221986e-04
8.599345088005065918e-01,-9.428918957710266113e-01,2.465568929910659790e-01,3.068706095218658447e-01,-3.965428769588470459e-01,3.193257361999712884e-05
1.045699477195739746e+00,-9.894864559173583984e-01,2.961846888065338135e-01,3.344430625438690186e-01,-4.690717458724975586e-01,3.510530223138630390e-05
9.443442821502685547e-01,-9.565023779869079590e-01,3.142032623291015625e-01,3.681301474571228027e-01,-4.362568557262420654e-01,3.245928746764548123e-05
9.857686758041381836e-01,-9.781166315078735352e-01,2.379943132400512695e-01,3.249948322772979736e-01,-4.141805171966552734e-01,1.322863972745835781e-04
1.035503745079040527e+00,-9.824731349945068359e-01,2.683260738849639893e-01,5.088329315185546875e-01,-2.234256267547607422e-01,9.965951903723180294e-06
9.533610939979553223e-01,-9.692838788032531738e-01,1.127252206206321716e-01,4.437240362167358398e-01,-1.643572002649307251e-01,8.089709444902837276e-05
9.696409106254577637e-01,-9.804921150207519531e-01,5.918355286121368408e-02,2.934396862983703613e-01,-2.518222332000732422e-01,7.946485129650682211e-05
9.824700951576232910e-01,-9.840708971023559570e-01,-6.587827112525701523e-03,3.036155700683593750e-01,-2.712591588497161865e-01,3.143779758829623461e-05
9.656243920326232910e-01,-9.858671426773071289e-01,2.717426419258117676e-01,3.261084854602813721e-01,-4.818029701709747314e-01,3.712440229719504714e-05
9.081324338912963867e-01,-9.604702591896057129e-01,1.540782600641250610e-01,3.596694469451904297e-01,-3.989357650279998779e-01,5.629479710478335619e-05
9.476222395896911621e-01,-9.885373711585998535e-01,2.972544431686401367e-01,3.836117982864379883e-01,-5.143333077430725098e-01,4.101447993889451027e-04
1.026075839996337891e+00,-9.802341461181640625e-01,2.714815437793731689e-01,3.380191624164581299e-01,-5.023974776268005371e-01,2.110293280566111207e-04
1.046040296554565430e+00,-9.641610980033874512e-01,3.219287395477294922e-01,4.067955613136291504e-01,-4.183088243007659912e-01,1.953385253727901727e-05
1.040672421455383301e+00,-9.746387600898742676e-01,2.889650166034698486e-01,4.151809811592102051e-01,-4.456380307674407959e-01,1.360546157229691744e-04
9.871657490730285645e-01,-9.857870340347290039e-01,-1.513025909662246704e-02,2.411840409040451050e-01,-2.349206060171127319e-01,4.269742203177884221e-05
1.001319885253906250e+00,-9.883646965026855469e-01,2.870199084281921387e-01,3.433616757392883301e-01,-4.474485516548156738e-01,9.877388947643339634e-05
7.527332901954650879e-01,-8.999451398849487305e-01,2.242114767432212830e-02,3.276773989200592041e-01,-3.160260021686553955e-01,1.174534772871993482e-04
9.395554661750793457e-01,-9.393443465232849121e-01,2.474712133407592773e-01,4.249816536903381348e-01,-4.399908483028411865e-01,3.920229937648400664e-05
1.052961230278015137e+00,-9.876059889793395996e-01,4.074338972568511963e-01,3.908407986164093018e-01,-1.451051384210586548e-01,2.278834836033638567e-05
1.001187920570373535e+00,-9.660574197769165039e-01,3.410351872444152832e-01,3.253866434097290039e-01,-4.580633640289306641e-01,2.969169145217165351e-05
1.082306385040283203e+00,-9.810276031494140625e-01,3.954713344573974609e-01,2.975639998912811279e-01,-4.803967475891113281e-01,4.708623237092979252e-05
1.023117542266845703e+00,-9.787429571151733398e-01,2.143538147211074829e-01,4.687650501728057861e-01,-3.081313371658325195e-01,1.308075206907233223e-05
9.940665364265441895e-01,-9.750820994377136230e-01,2.700074315071105957e-01,3.984149098396301270e-01,-4.853209257125854492e-01,1.241120626218616962e-04
1.052379727363586426e+00,-9.874686002731323242e-01,3.261705636978149414e-01,3.148732185363769531e-01,-4.518516063690185547e-01,6.642917287535965443e-05
1.004182577133178711e+00,-9.832090139389038086e-01,3.599301874637603760e-01,3.033459186553955078e-01,-4.381181299686431885e-01,1.052290099323727190e-05
9.706689715385437012e-01,-9.850586652755737305e-01,3.186595439910888672e-01,2.753105163574218750e-01,-4.449336230754852295e-01,5.380405491450801492e-05
8.939861655235290527e-01,-9.249452352523803711e-01,2.778600752353668213e-01,4.743409752845764160e-01,-4.723521173000335693e-01,1.357486471533775330e-04
9.811940193176269531e-01,-9.602261185646057129e-01,2.019283473491668701e-01,4.132302999496459961e-01,-3.795548677444458008e-01,1.987872929021250457e-05
1.005993604660034180e+00,-9.900211691856384277e-01,-1.129376515746116638e-02,2.322579324245452881e-01,-2.755052149295806885e-01,2.985628998430911452e-05
8.645860552787780762e-01,-8.969658613204956055e-01,2.782215774059295654e-01,3.901724219322204590e-01,-4.561101198196411133e-01,2.429721098451409489e-05
1.062643170356750488e+00,-9.833071231842041016e-01,3.350755870342254639e-01,3.371675014495849609e-01,-3.683005273342132568e-01,1.748091599438339472e-04
1.009706020355224609e+00,-9.814968109130859375e-01,1.680679321289062500e-01,4.155904352664947510e-01,-4.426053464412689209e-01,6.070422386983409524e-05
9.861239790916442871e-01,-9.890614748001098633e-01,2.364077121019363403e-01,3.894983828067779541e-01,-3.957669436931610107e-01,1.845410006353631616e-04
9.680825471878051758e-01,-9.771089553833007812e-01,2.730254828929901123e-01,3.155029416084289551e-01,-4.293116331100463867e-01,6.106786895543336868e-05
9.846913814544677734e-01,-9.873098134994506836e-01,2.828249037265777588e-01,2.843692004680633545e-01,-4.430613517761230469e-01,3.347908568684943020e-05
1.036182999610900879e+00,-9.866762757301330566e-01,9.793856739997863770e-02,2.815445661544799805e-01,-3.255189359188079834e-01,3.992477431893348694e-04
1.029412865638732910e+00,-9.839456677436828613e-01,2.635124921798706055e-01,3.361350595951080322e-01,-5.094511508941650391e-01,2.599683939479291439e-04
9.023454785346984863e-01,-9.732146263122558594e-01,1.316310912370681763e-01,3.226511776447296143e-01,-4.184009432792663574e-01,7.063295197440311313e-05
1.053665637969970703e+00,-9.881134629249572754e-01,3.517302274703979492e-01,3.144063949584960938e-01,-4.611058831214904785e-01,7.168859883677214384e-05
9.675188064575195312e-01,-9.833754301071166992e-01,4.518731683492660522e-02,3.237670660018920898e-01,-3.498623073101043701e-01,8.832014282234013081e-05
8.640663027763366699e-01,-9.499333500862121582e-01,7.734824717044830322e-02,3.003852963447570801e-01,-4.439205825328826904e-01,9.926791244652122259e-05
1.033117055892944336e+00,-9.853343963623046875e-01,3.263637721538543701e-01,3.065131902694702148e-01,-4.603542387485504150e-01,2.445037534926086664e-04
1.004688739776611328e+00,-9.542999863624572754e-01,2.587914764881134033e-01,3.835100233554840088e-01,-4.462898075580596924e-01,3.113098500762134790e-05
6.725585460662841797e-01,-8.437476754188537598e-01,2.598736584186553955e-01,4.324620664119720459e-01,-5.032528042793273926e-01,4.944798420183360577e-04
1.002953052520751953e+00,-9.793431758880615234e-01,2.049770802259445190e-01,4.365995824337005615e-01,-4.023633003234863281e-01,3.752504926524125040e-05
1.100706100463867188e+00,-9.884126186370849609e-01,4.427916705608367920e-01,1.965370029211044312e-01,-4.840859472751617432e-01,5.260194302536547184e-05
1.020866394042968750e+00,-9.835728406906127930e-01,3.241287767887115479e-01,3.712651133537292480e-01,-4.629672169685363770e-01,2.181238232878968120e-05
9.079716205596923828e-01,-9.636713862419128418e-01,1.039557829499244690e-01,3.290684223175048828e-01,-4.034952819347381592e-01,6.466325430665165186e-05
1.036170482635498047e+00,-9.885892868041992188e-01,3.089255690574645996e-01,3.511297702789306641e-01,-4.619257152080535889e-01,3.127078525722026825e-05
1.044906497001647949e+00,-9.832366108894348145e-01,2.223043143749237061e-01,4.557676911354064941e-01,-4.195687770843505859e-01,1.076776825357228518e-04
1.020618796348571777e+00,-9.823053479194641113e-01,2.401597499847412109e-01,4.690555930137634277e-01,-3.667255043983459473e-01,1.490889262640848756e-04
1.093755006790161133e+00,-9.888058900833129883e-01,3.490748703479766846e-01,3.489431440830230713e-01,-4.554043710231781006e-01,1.029658305924385786e-04
1.056090831756591797e+00,-9.569652676582336426e-01,2.675505578517913818e-01,4.281393289566040039e-01,-4.311034381389617920e-01,1.239326684299157932e-05
1.046149492263793945e+00,-9.787428975105285645e-01,2.843797504901885986e-01,3.960950374603271484e-01,-4.674713909626007080e-01,1.148155115515692160e-05
9.618239998817443848e-01,-9.808093309402465820e-01,2.844465374946594238e-01,3.036088943481445312e-01,-4.721331298351287842e-01,1.646372038521803916e-05
1.097729206085205078e+00,-9.501374959945678711e-01,2.994798123836517334e-01,4.840972721576690674e-01,-4.495147466659545898e-01,1.089568031602539122e-04
1.161006450653076172e+00,-9.867240786552429199e-01,4.210042953491210938e-01,3.244364261627197266e-01,-4.473002851009368896e-01,1.262153673451393843e-04
9.854043126106262207e-01,-9.566911458969116211e-01,2.253756374120712280e-01,3.841777741909027100e-01,-4.470371007919311523e-01,4.745749902212992311e-05
9.442954063415527344e-01,-9.583573937416076660e-01,2.311040908098220825e-01,3.626392185688018799e-01,-4.765874445438385010e-01,3.868867497658357024e-05
9.443085193634033203e-01,-9.774996638298034668e-01,2.447180598974227905e-01,3.461082875728607178e-01,-4.134455323219299316e-01,1.319528382737189531e-04
9.530133008956909180e-01,-9.661943912506103516e-01,2.189286500215530396e-01,4.446997642517089844e-01,-4.267660677433013916e-01,1.150845491793006659e-04
9.935064315795898438e-01,-9.820453524589538574e-01,3.338785171508789062e-01,3.796337544918060303e-01,-4.458249211311340332e-01,2.797502202156465501e-05
9.959510564804077148e-01,-9.842833280563354492e-01,2.684142887592315674e-01,3.545244038105010986e-01,-4.630918800830841064e-01,3.690917219500988722e-05
1.060329318046569824e+00,-9.810768365859985352e-01,2.669168114662170410e-01,4.994119703769683838e-01,-4.395071864128112793e-01,1.573767804075032473e-04
7.296989560127258301e-01,-8.995662927627563477e-01,1.568815410137176514e-01,2.906540632247924805e-01,-4.130225777626037598e-01,5.637882713926956058e-05
9.799429774284362793e-01,-9.788597226142883301e-01,3.192419707775115967e-01,2.798500657081604004e-01,-4.124689400196075439e-01,2.465218494762666523e-05
9.794231057167053223e-01,-9.393103122711181641e-01,2.727965414524078369e-01,3.571957647800445557e-01,-4.495812356472015381e-01,2.741013122431468219e-05
1.035051703453063965e+00,-9.902645349502563477e-01,2.966180741786956787e-01,3.075638115406036377e-01,-4.190119206905364990e-01,3.447820927249267697e-05
1.047897338867187500e+00,-9.702930450439453125e-01,2.894062995910644531e-01,3.860176503658294678e-01,-4.609452784061431885e-01,9.398095426149666309e-05
9.157146811485290527e-01,-9.740367531776428223e-01,2.823059260845184326e-01,3.775078058242797852e-01,-4.502146244049072266e-01,2.333106385776773095e-05
9.612132310867309570e-01,-9.827286601066589355e-01,2.158054262399673462e-01,3.097994625568389893e-01,-4.643114209175109863e-01,6.790924817323684692e-05
1.048725724220275879e+00,-9.877424240112304688e-01,3.003379404544830322e-01,3.261477947235107422e-01,-4.498292207717895508e-01,9.604888327885419130e-05
1.075325369834899902e+00,-9.812190532684326172e-01,4.466798901557922363e-01,1.579131335020065308e-01,-4.596437513828277588e-01,8.866812277119606733e-05
1.127404212951660156e+00,-9.737281799316406250e-01,4.057395756244659424e-01,3.886637389659881592e-01,-4.531844258308410645e-01,1.201279665110632777e-04
9.420953989028930664e-01,-9.237229824066162109e-01,3.291309177875518799e-01,3.592557609081268311e-01,-4.278173446655273438e-01,8.327372779604047537e-05
9.787200093269348145e-01,-9.734053611755371094e-01,2.763816118240356445e-01,3.331831991672515869e-01,-4.407227933406829834e-01,6.081465107854455709e-05
1.031220197677612305e+00,-9.902161955833435059e-01,3.094018995761871338e-01,3.385806679725646973e-01,-4.450445771217346191e-01,4.828780947718769312e-05
9.201946258544921875e-01,-9.734383225440979004e-01,2.194889038801193237e-01,2.664402723312377930e-01,-4.291302263736724854e-01,3.024363468284718692e-05
1.004234671592712402e+00,-9.807037115097045898e-01,2.701088190078735352e-01,3.123900294303894043e-01,-4.464425146579742432e-01,8.560766582377254963e-05
1.153806209564208984e+00,-9.916945099830627441e-01,4.712898731231689453e-01,2.751499712467193604e-01,-4.746705889701843262e-01,2.050753755611367524e-05
9.861069917678833008e-01,-9.805625677108764648e-01,1.415922194719314575e-01,3.515804708003997803e-01,-3.685973584651947021e-01,8.858367800712585449e-05
1.044532775878906250e+00,-9.779750108718872070e-01,3.358638584613800049e-01,3.492750525474548340e-01,-4.600076079368591309e-01,2.490130646037869155e-05
1.118172049522399902e+00,-9.919647574424743652e-01,3.859554529190063477e-01,2.976759374141693115e-01,-4.654044508934020996e-01,1.025390374707058072e-04
9.712548851966857910e-01,-9.861635565757751465e-01,3.232540488243103027e-01,2.510637044906616211e-01,-4.241971671581268311e-01,9.921668606693856418e-06
1.046831011772155762e+00,-9.860443472862243652e-01,3.358652591705322266e-01,3.468457758426666260e-01,-4.505823254585266113e-01,1.545189297758042812e-05
1.019280552864074707e+00,-9.741320013999938965e-01,1.675138473510742188e-01,4.439182579517364502e-01,-2.963359057903289795e-01,2.141848017345182598e-05
9.703353643417358398e-01,-9.858450293540954590e-01,1.051567494869232178e-02,2.416128814220428467e-01,-2.899322509765625000e-01,1.291215630772057921e-05
8.484250307083129883e-01,-8.951976895332336426e-01,2.335372269153594971e-01,3.749549090862274170e-01,-4.276354312896728516e-01,1.025127712637186050e-04
1.027606129646301270e+00,-9.825353622436523438e-01,1.950010061264038086e-01,4.116646349430084229e-01,-4.659471809864044189e-01,1.053989544743672013e-04
1.061742067337036133e+00,-9.707674980163574219e-01,3.355264365673065186e-01,2.592384815216064453e-01,-4.434416890144348145e-01,2.289072108396794647e-05
9.044977426528930664e-01,-9.666920304298400879e-01,1.690219640731811523e-01,3.299699723720550537e-01,-3.396584093570709229e-01,8.817663911031559110e-05
8.385260701179504395e-01,-9.086433053016662598e-01,2.290643304586410522e-01,4.337466359138488770e-01,-3.924637436866760254e-01,4.383350460557267070e-05
1.054540872573852539e+00,-9.907382130622863770e-01,2.992639541625976562e-01,3.551740646362304688e-01,-3.950010538101196289e-01,1.475950848544016480e-04
8.948816657066345215e-01,-9.455658793449401855e-01,2.408315986394882202e-01,3.669222593307495117e-01,-4.426779448986053467e-01,4.987317151972092688e-05
9.585174322128295898e-01,-9.773923754692077637e-01,2.637034952640533447e-01,3.073878288269042969e-01,-4.448564052581787109e-01,5.000843884772621095e-05
9.536822438240051270e-01,-9.826731681823730469e-01,1.155022904276847839e-01,3.580742478370666504e-01,-4.089797139167785645e-01,5.909486935706809163e-05
9.713493585586547852e-01,-9.853719472885131836e-01,2.124855816364288330e-01,4.033609032630920410e-01,-4.202639162540435791e-01,7.788387301843613386e-05
1.011542081832885742e+00,-9.850792884826660156e-01,1.000585556030273438e-01,3.278039693832397461e-01,-2.915416359901428223e-01,1.080468646250665188e-04
1.063017368316650391e+00,-9.735316634178161621e-01,3.587342500686645508e-01,3.148563802242279053e-01,-4.695551097393035889e-01,5.136869731359183788e-05
1.010355234146118164e+00,-9.788325428962707520e-01,3.208139538764953613e-01,4.030340313911437988e-01,-4.251280426979064941e-01,1.976821658900007606e-04
1.054661512374877930e+00,-9.843870997428894043e-01,1.226440593600273132e-01,3.994565308094024658e-01,-2.511381208896636963e-01,7.869784894865006208e-05
9.499540925025939941e-01,-9.697381854057312012e-01,2.718248963356018066e-01,2.500378787517547607e-01,-4.074945449829101562e-01,9.919986769091337919e-05
1.058904409408569336e+00,-9.841037988662719727e-01,3.109508752822875977e-01,3.810781538486480713e-01,-4.766659438610076904e-01,5.196556230657733977e-05
9.248160123825073242e-01,-9.322078227996826172e-01,2.112784534692764282e-01,4.233738183975219727e-01,-4.523826837539672852e-01,3.603157892939634621e-05
9.621089696884155273e-01,-9.623493552207946777e-01,3.144845366477966309e-01,4.352948963642120361e-01,-4.361152946949005127e-01,4.528429417405277491e-05
9.406190514564514160e-01,-9.409355521202087402e-01,2.670013904571533203e-01,3.595810234546661377e-01,-4.017263352870941162e-01,5.362400042940862477e-05
9.953357577323913574e-01,-9.870995283126831055e-01,2.601416707038879395e-01,3.278244733810424805e-01,-4.643797278404235840e-01,2.735681118792854249e-05
9.001029133796691895e-01,-9.574888348579406738e-01,1.731299012899398804e-01,3.949933350086212158e-01,-4.956024885177612305e-01,1.047424157150089741e-04
9.089313149452209473e-01,-9.621077179908752441e-01,2.096420079469680786e-01,3.824936151504516602e-01,-3.906279504299163818e-01,5.492183845490217209e-05
9.515989422798156738e-01,-9.714816808700561523e-01,1.720273196697235107e-01,3.318135738372802734e-01,-4.193657636642456055e-01,4.326610360294580460e-04
1.067652463912963867e+00,-9.785462021827697754e-01,3.200471401214599609e-01,4.214031994342803955e-01,-4.548144340515136719e-01,7.659559923922643065e-05
1.034632802009582520e+00,-9.880248308181762695e-01,1.767421513795852661e-01,3.535911440849304199e-01,-2.810210883617401123e-01,1.468702394049614668e-04
1.023434758186340332e+00,-9.853171110153198242e-01,2.609543800354003906e-01,3.561183512210845947e-01,-4.337970316410064697e-01,9.008376946439966559e-05
9.394635558128356934e-01,-9.539909362792968750e-01,2.443654239177703857e-01,3.978182971477508545e-01,-4.376040101051330566e-01,6.566253432538360357e-05
1.056037425994873047e+00,-9.763991236686706543e-01,3.260249793529510498e-01,3.145784139633178711e-01,-5.029543638229370117e-01,7.781384192639961839e-05
1.057413458824157715e+00,-9.835128784179687500e-01,3.249859809875488281e-01,3.202669322490692139e-01,-4.656946361064910889e-01,2.248474447696935385e-05
9.886914491653442383e-01,-9.889442920684814453e-01,2.009244561195373535e-01,3.839443922042846680e-01,-4.252411425113677979e-01,2.838367072399705648e-04
1.027331948280334473e+00,-9.566593766212463379e-01,2.181426882743835449e-01,4.717089831829071045e-01,-4.269511699676513672e-01,1.137047365773469210e-05
9.372096657752990723e-01,-9.797214865684509277e-01,1.030874624848365784e-01,3.209868967533111572e-01,-4.751928746700286865e-01,1.730322837829589844e-04
1.070104956626892090e+00,-9.836965203285217285e-01,2.615978717803955078e-01,3.845554292201995850e-01,-4.231150150299072266e-01,2.042882988462224603e-04
8.399021029472351074e-01,-9.404373168945312500e-01,2.812016308307647705e-01,3.855056762695312500e-01,-4.046210944652557373e-01,1.890115345304366201e-05
1.122058033943176270e+00,-9.889041781425476074e-01,4.716369509696960449e-01,4.463612139225006104e-01,-2.048319429159164429e-01,2.157802737201564014e-05
7.545436024665832520e-01,-9.258927106857299805e-01,1.726636886596679688e-01,4.047657251358032227e-01,-3.672776818275451660e-01,3.803164145210757852e-05
1.031915664672851562e+00,-9.899061322212219238e-01,2.823039293289184570e-01,3.259248137474060059e-01,-4.517329037189483643e-01,3.739690873771905899e-05
9.078508615493774414e-01,-9.621121287345886230e-01,2.260521799325942993e-01,4.551962018013000488e-01,-2.916687428951263428e-01,1.999822052312083542e-05
9.123144745826721191e-01,-9.790776371955871582e-01,1.630141437053680420e-01,3.319379985332489014e-01,-3.688554763793945312e-01,1.007949686027131975e-05
1.026829838752746582e+00,-9.917493462562561035e-01,2.653723359107971191e-01,3.134736120700836182e-01,-4.112030863761901855e-01,1.123712572734802961e-04
9.149091839790344238e-01,-9.462994337081909180e-01,2.183752208948135376e-01,4.217020273208618164e-01,-3.842855691909790039e-01,1.584569981787353754e-04
9.898359775543212891e-01,-9.876639842987060547e-01,2.329269200563430786e-01,4.127940237522125244e-01,-3.149493634700775146e-01,4.353828262537717819e-05
9.590886235237121582e-01,-9.738184809684753418e-01,3.786626756191253662e-01,3.629196584224700928e-01,-4.398362636566162109e-01,1.287188752030488104e-05
1.015366554260253906e+00,-9.903376698493957520e-01,1.685049980878829956e-01,3.761287331581115723e-01,-2.415983527898788452e-01,2.201428651460446417e-05
1.075114250183105469e+00,-9.858012199401855469e-01,4.063808917999267578e-01,3.144038617610931396e-01,-4.734279513359069824e-01,2.173138273064978421e-05
1.113552093505859375e+00,-9.833394885063171387e-01,3.362622857093811035e-01,3.661652207374572754e-01,-4.751066267490386963e-01,6.636423495365306735e-05
1.010339736938476562e+00,-9.729388952255249023e-01,3.467461764812469482e-01,3.633427023887634277e-01,-4.548226594924926758e-01,6.899108848301693797e-05
1.113730311393737793e+00,-9.900770187377929688e-01,2.523429691791534424e-01,3.527562618255615234e-01,-3.481292426586151123e-01,2.914623764809221029e-04
1.015129804611206055e+00,-9.871635437011718750e-01,3.422223031520843506e-01,2.499488890171051025e-01,-4.434196949005126953e-01,6.258166104089468718e-05
9.990009069442749023e-01,-9.769741892814636230e-01,2.695372700691223145e-01,4.468619823455810547e-01,-4.395262300968170166e-01,1.323252072324976325e-04
1.007367014884948730e+00,-9.459367394447326660e-01,3.079343140125274658e-01,4.305567741394042969e-01,-4.426698982715606689e-01,5.908752791583538055e-05
1.045987248420715332e+00,-9.819992780685424805e-01,2.797703742980957031e-01,4.678209424018859863e-01,-4.962917566299438477e-01,1.520584628451615572e-04
8.106750845909118652e-01,-9.445460438728332520e-01,1.826806217432022095e-01,3.468959629535675049e-01,-3.750516176223754883e-01,1.267243351321667433e-05
8.954566717147827148e-01,-9.473441243171691895e-01,1.534774899482727051e-01,3.260461986064910889e-01,-4.062795341014862061e-01,1.236785610672086477e-04
8.960317969322204590e-01,-9.454877376556396484e-01,2.316464632749557495e-01,3.218517005443572998e-01,-4.312381148338317871e-01,7.439921319019049406e-05
1.199264764785766602e+00,-9.551009535789489746e-01,4.134407937526702881e-01,5.752664208412170410e-01,-5.040361285209655762e-01,7.448734686477109790e-05
1.014390230178833008e+00,-9.876624941825866699e-01,2.276442795991897583e-01,2.632527053356170654e-01,-3.896339237689971924e-01,5.056132067693397403e-05
9.503687024116516113e-01,-9.640075564384460449e-01,2.716282010078430176e-01,2.979426085948944092e-01,-4.272957742214202881e-01,6.808654143242165446e-05
9.953271150588989258e-01,-9.811238646507263184e-01,2.003079205751419067e-01,4.473238587379455566e-01,-3.097160458564758301e-01,7.636709779035300016e-05
8.414802551269531250e-01,-9.390063881874084473e-01,9.036363661289215088e-02,4.464194178581237793e-01,-2.720425724983215332e-01,6.532116094604134560e-05
1.092734098434448242e+00,-9.669934511184692383e-01,2.973892986774444580e-01,5.049293637275695801e-01,-4.323576688766479492e-01,1.635031367186456919e-04
1.040118694305419922e+00,-9.707278609275817871e-01,2.271216809749603271e-01,3.936287164688110352e-01,-4.210432767868041992e-01,1.028167607728391886e-04
1.004261016845703125e+00,-9.921112060546875000e-01,3.448481857776641846e-02,2.797686159610748291e-01,-2.769806087017059326e-01,2.822075839503668249e-05
1.230257153511047363e+00,-9.893509149551391602e-01,5.187956690788269043e-01,1.985551416873931885e-01,-4.516288042068481445e-01,4.897706094197928905e-05
8.292353153228759766e-01,-9.124741554260253906e-01,2.580610215663909912e-01,3.012237250804901123e-01,-4.380330741405487061e-01,3.887304774252697825e-05
1.029430270195007324e+00,-9.834064841270446777e-01,3.316060304641723633e-01,2.741811573505401611e-01,-4.214372336864471436e-01,2.769863385765347630e-05
9.984090924263000488e-01,-9.879121184349060059e-01,3.019131124019622803e-01,2.881680727005004883e-01,-4.426373839378356934e-01,8.119673293549567461e-05
1.056125640869140625e+00,-9.586594104766845703e-01,3.850006461143493652e-01,4.187628328800201416e-01,-4.741400480270385742e-01,7.933435699669644237e-05
8.975270986557006836e-01,-9.557120800018310547e-01,2.425057440996170044e-01,3.448785543441772461e-01,-3.994291722774505615e-01,8.395580516662448645e-05
9.964814186096191406e-01,-9.805481433868408203e-01,3.734273016452789307e-01,3.032600581645965576e-01,-4.716000258922576904e-01,4.688344779424369335e-05
9.911996722221374512e-01,-9.867429733276367188e-01,3.115797042846679688e-02,2.059313952922821045e-01,-2.725399434566497803e-01,3.881561133312061429e-05
9.929547309875488281e-01,-9.839617609977722168e-01,3.719458878040313721e-01,2.202854007482528687e-01,-4.262802898883819580e-01,5.926151061430573463e-05
1.118366360664367676e+00,-9.897601604461669922e-01,3.965664207935333252e-01,2.771174907684326172e-01,-4.230246245861053467e-01,2.288643918291199952e-05
1.032324194908142090e+00,-9.907506704330444336e-01,2.890219390392303467e-01,3.450175225734710693e-01,-4.748489856719970703e-01,8.958519902080297470e-05
9.851050376892089844e-01,-9.808759689331054688e-01,2.842031121253967285e-01,3.498653173446655273e-01,-4.224167466163635254e-01,4.551058373181149364e-05
1.017095923423767090e+00,-9.842086434364318848e-01,2.584952414035797119e-01,3.516025245189666748e-01,-4.380104839801788330e-01,1.420850458089262247e-04
1.056650400161743164e+00,-9.753421545028686523e-01,3.023444712162017822e-01,3.653132617473602295e-01,-4.802149236202239990e-01,7.221441774163395166e-05
1.054494738578796387e+00,-9.790046811103820801e-01,3.739455044269561768e-01,3.911188840866088867e-01,-4.278643429279327393e-01,5.628339931718073785e-05
8.456622362136840820e-01,-9.316054582595825195e-01,2.894970774650573730e-01,2.853365242481231689e-01,-3.886774778366088867e-01,1.320560841122642159e-05
1.007377743721008301e+00,-9.820500016212463379e-01,3.171387612819671631e-01,3.308307528495788574e-01,-4.470880925655364990e-01,2.107750333379954100e-05
1.038411140441894531e+00,-9.779197573661804199e-01,2.901372909545898438e-01,3.465959131717681885e-01,-4.464179873466491699e-01,1.674308805377222598e-05
9.969946742057800293e-01,-9.794441461563110352e-01,2.501442730426788330e-01,3.700590133666992188e-01,-4.508396983146667480e-01,4.087315028300508857e-05
9.858640432357788086e-01,-9.828822016716003418e-01,2.429513782262802124e-01,3.704380691051483154e-01,-4.709495007991790771e-01,4.009842814411967993e-05
1.054606318473815918e+00,-9.798029065132141113e-01,2.810045182704925537e-01,4.555152654647827148e-01,-4.109437465667724609e-01,1.924214884638786316e-04
1.084524393081665039e+00,-9.853619337081909180e-01,2.350831478834152222e-01,3.778741359710693359e-01,-5.118069052696228027e-01,3.187087422702461481e-04
1.035889506340026855e+00,-9.837113618850708008e-01,2.279327809810638428e-01,3.786564767360687256e-01,-4.231201112270355225e-01,7.126150740077719092e-05
1.001544594764709473e+00,-9.855540990829467773e-01,2.765926122665405273e-01,3.140038549900054932e-01,-3.783600330352783203e-01,6.073134863981977105e-05
1.064908981323242188e+00,-9.721201658248901367e-01,3.371000587940216064e-01,3.383353054523468018e-01,-4.430678784847259521e-01,5.266263178782537580e-05
1.064321279525756836e+00,-9.740345478057861328e-01,3.368924558162689209e-01,3.267068266868591309e-01,-4.376419782638549805e-01,3.979319808422587812e-05
1.029206395149230957e+00,-9.793069362640380859e-01,2.737096846103668213e-01,3.836401402950286865e-01,-4.532294571399688721e-01,5.763238004874438047e-05
1.152297616004943848e+00,-9.759950041770935059e-01,3.360725939273834229e-01,4.739356040954589844e-01,-4.457980990409851074e-01,9.541660256218165159e-05
8.357372879981994629e-01,-9.537402987480163574e-01,2.003429830074310303e-01,3.582898080348968506e-01,-4.204247593879699707e-01,1.549859298393130302e-04
9.147025942802429199e-01,-9.645504951477050781e-01,2.352193444967269897e-01,3.040484786033630371e-01,-4.298801124095916748e-01,3.647992707556113601e-05
9.295648932456970215e-01,-9.697416424751281738e-01,1.779689490795135498e-01,3.917058408260345459e-01,-4.158289730548858643e-01,1.078083660104312003e-04
9.812282323837280273e-01,-9.753792881965637207e-01,2.543005347251892090e-01,4.170572459697723389e-01,-4.591176807880401611e-01,1.692057994659990072e-04
1.050493717193603516e+00,-9.702233076095581055e-01,2.887564003467559814e-01,4.595246613025665283e-01,-4.426247477531433105e-01,1.951699377968907356e-04
9.758520722389221191e-01,-9.800175428390502930e-01,2.338113784790039062e-01,3.317777216434478760e-01,-4.420766234397888184e-01,1.510174188297241926e-04
1.062922358512878418e+00,-9.833195209503173828e-01,2.393652349710464478e-01,4.325936138629913330e-01,-4.184928536415100098e-01,4.607798109645955265e-05
9.337965846061706543e-01,-9.507048130035400391e-01,1.893709599971771240e-01,3.889634609222412109e-01,-3.987838327884674072e-01,3.280170494690537453e-04
7.816339135169982910e-01,-9.623539447784423828e-01,1.077825129032135010e-01,2.688271701335906982e-01,-3.609702587127685547e-01,4.368953814264386892e-04
1.092330694198608398e+00,-9.821481704711914062e-01,4.025075137615203857e-01,2.811194658279418945e-01,-5.094159245491027832e-01,1.003140278044156730e-04
1.040327787399291992e+00,-9.840466380119323730e-01,2.559631764888763428e-01,3.334276676177978516e-01,-4.422751963138580322e-01,5.245852662483230233e-05
7.901544570922851562e-01,-9.353287816047668457e-01,1.144722104072570801e-01,3.550976216793060303e-01,-3.890129625797271729e-01,3.216404002159833908e-04
1.124517560005187988e+00,-9.791809320449829102e-01,2.898131608963012695e-01,4.200831353664398193e-01,-4.531354010105133057e-01,5.359690985642373562e-04
9.262869358062744141e-01,-9.784823656082153320e-01,1.838938891887664795e-01,3.127556145191192627e-01,-4.022146761417388916e-01,1.359793677693232894e-04
9.480142593383789062e-01,-9.651775956153869629e-01,2.911985814571380615e-01,3.138324320316314697e-01,-4.650518894195556641e-01,1.134465928771533072e-04
9.892552495002746582e-01,-9.754963517189025879e-01,1.920884698629379272e-01,3.622972071170806885e-01,-4.671787619590759277e-01,3.555571893230080605e-04
1.037410616874694824e+00,-9.824581146240234375e-01,3.162304162979125977e-01,3.101829290390014648e-01,-4.390723407268524170e-01,3.452032979112118483e-05
1.072735667228698730e+00,-9.884509444236755371e-01,3.725817203521728516e-01,2.250038236379623413e-01,-4.693374931812286377e-01,3.006444312632083893e-04
1.013492584228515625e+00,-9.857906699180603027e-01,2.797484397888183594e-01,3.387067615985870361e-01,-4.556463360786437988e-01,1.132504476117901504e-04
1.075330257415771484e+00,-9.369487166404724121e-01,2.718149423599243164e-01,5.481495857238769531e-01,-4.179891347885131836e-01,3.275472554378211498e-04
1.091436028480529785e+00,-9.708733558654785156e-01,4.570829272270202637e-01,2.279548048973083496e-01,-4.758040308952331543e-01,2.621815656311810017e-04
9.606774449348449707e-01,-9.615409374237060547e-01,1.418507993221282959e-01,4.659976363182067871e-01,-3.021340072154998779e-01,3.253623435739427805e-04
8.580648899078369141e-01,-9.541826844215393066e-01,2.646890282630920410e-01,3.080392777919769287e-01,-3.950059115886688232e-01,2.196086861658841372e-04
1.009770393371582031e+00,-9.822236299514770508e-01,3.207594752311706543e-01,4.550492465496063232e-01,-4.017501473426818848e-01,2.463218697812408209e-04
9.747849702835083008e-01,-9.892365336418151855e-01,3.040958642959594727e-01,3.222669363021850586e-01,-5.356553792953491211e-01,5.415733903646469116e-04
9.373040199279785156e-01,-9.437795877456665039e-01,2.927010655403137207e-01,4.740400016307830811e-01,-5.018847584724426270e-01,5.413684993982315063e-04
1.088293671607971191e+00,-9.835101366043090820e-01,-2.616532444953918457e-01,5.074970126152038574e-01,-2.185943126678466797e-01,3.168375042150728405e-05
1.036485314369201660e+00,-9.744207262992858887e-01,-5.643348097801208496e-01,5.292440056800842285e-01,-3.048693835735321045e-01,4.892871947959065437e-04
1.066922187805175781e+00,-9.769836068153381348e-01,-4.232887029647827148e-01,4.491229951381683350e-01,-4.697393774986267090e-01,2.234669227618724108e-04
9.825077056884765625e-01,-9.462464451789855957e-01,-6.543229222297668457e-01,3.198663592338562012e-01,-3.857580423355102539e-01,4.072504452778957784e-05
9.886869192123413086e-01,-9.817347526550292969e-01,-3.630594313144683838e-01,4.108857512474060059e-01,-1.593700051307678223e-01,4.970142254023812711e-05
1.027342677116394043e+00,-9.901928305625915527e-01,-3.672051429748535156e-01,3.226022422313690186e-01,-4.189043939113616943e-01,5.375428736442700028e-05
8.547928333282470703e-01,-9.632872939109802246e-01,-4.897632896900177002e-01,3.167859613895416260e-01,-5.157083868980407715e-01,1.655750675126910210e-04
1.064603686332702637e+00,-9.775698781013488770e-01,-3.347728848457336426e-01,3.786859214305877686e-01,-5.147774815559387207e-01,1.480887003708630800e-04
9.859133958816528320e-01,-9.678433537483215332e-01,-4.320148825645446777e-01,3.919094502925872803e-01,-5.041349530220031738e-01,1.999920459638815373e-05
9.718113541603088379e-01,-9.639281034469604492e-01,-6.670831441879272461e-01,2.803324759006500244e-01,-3.650379478931427002e-01,1.809644891181960702e-05
1.070380449295043945e+00,-9.881947040557861328e-01,-4.192498922348022461e-01,3.716253936290740967e-01,-4.297213554382324219e-01,2.799002686515450478e-04
9.923031926155090332e-01,-9.873696565628051758e-01,-4.284783303737640381e-01,2.858266830444335938e-01,-3.849259912967681885e-01,8.136683027260005474e-05
1.075265407562255859e+00,-9.610515832901000977e-01,-3.474024236202239990e-01,4.814652204513549805e-01,-5.184092521667480469e-01,2.161297015845775604e-04
1.231252789497375488e+00,-9.290009737014770508e-01,-2.780652940273284912e-01,6.128758788108825684e-01,-6.108936667442321777e-01,8.700172184035181999e-04
1.100338697433471680e+00,-9.806891083717346191e-01,-3.414767682552337646e-01,4.307562410831451416e-01,-5.185985565185546875e-01,1.178650636575184762e-04
9.994502663612365723e-01,-9.834595322608947754e-01,-4.923575520515441895e-01,2.797603011131286621e-01,-3.103958070278167725e-01,5.034073546994477510e-05
1.208195447921752930e+00,-9.901843070983886719e-01,5.049036815762519836e-02,4.095170274376869202e-02,-2.811063826084136963e-01,2.572932571638375521e-04
7.724614739418029785e-01,-9.767411947250366211e-01,-1.092921718955039978e-01,5.327099561691284180e-01,-6.348368525505065918e-02,1.038068148773163557e-06
1.004937648773193359e+00,-9.843108654022216797e-01,-3.667282462120056152e-01,3.544315993785858154e-01,-1.496898978948593140e-01,5.408320430433377624e-05
1.004603147506713867e+00,-9.756749272346496582e-01,-7.216424942016601562e-01,3.443359136581420898e-01,-1.228073835372924805e-01,5.468864765134640038e-05
1.040813684463500977e+00,-9.601348042488098145e-01,-4.672838449478149414e-01,3.090907633304595947e-01,-5.674065947532653809e-01,1.700420980341732502e-04
9.682579040527343750e-01,-9.635390639305114746e-01,-5.510842800140380859e-01,3.259283304214477539e-01,-4.837499558925628662e-01,5.033679553889669478e-05
1.000393033027648926e+00,-9.648571014404296875e-01,-6.717530488967895508e-01,1.784212738275527954e-01,-2.947425246238708496e-01,1.307659204030642286e-05
9.910919070243835449e-01,-9.607893228530883789e-01,-5.913904905319213867e-01,2.831431925296783447e-01,-4.514535665512084961e-01,9.187787327391561121e-06
9.886854887008666992e-01,-9.858828186988830566e-01,-4.905716478824615479e-01,3.543103635311126709e-01,-4.420510530471801758e-01,4.762347671203315258e-04
8.576654195785522461e-01,-9.432685971260070801e-01,-6.203178167343139648e-01,4.965625405311584473e-01,-4.866313338279724121e-01,6.147888489067554474e-04
1.003556489944458008e+00,-9.825102090835571289e-01,-6.989911794662475586e-01,3.519375920295715332e-01,-1.825028806924819946e-01,8.030510798562318087e-05
9.278342127799987793e-01,-9.928717017173767090e-01,-4.943425655364990234e-01,1.830364614725112915e-01,-4.029334485530853271e-01,1.262939913431182504e-04
1.004877686500549316e+00,-9.713913798332214355e-01,-7.812662124633789062e-01,4.053852856159210205e-01,-1.798094660043716431e-01,8.527409590897150338e-06
1.172358870506286621e+00,-9.221377372741699219e-01,-3.649176061153411865e-01,5.880811214447021484e-01,-6.726058125495910645e-01,1.059645655914209783e-04
1.010441064834594727e+00,-9.530059099197387695e-01,3.719998002052307129e-01,4.115546345710754395e-01,1.818106323480606079e-02,2.259033135487698019e-05
1.013224840164184570e+00,-9.824440479278564453e-01,-4.311312735080718994e-01,2.701761722564697266e-01,-4.799148440361022949e-01,1.072395243681967258e-04
9.135801792144775391e-01,-9.891948103904724121e-01,-4.118219912052154541e-01,1.037944480776786804e-01,-4.414547681808471680e-01,4.726115002995356917e-05
1.050870776176452637e+00,-9.870553612709045410e-01,-2.907964587211608887e-01,4.630208015441894531e-01,-2.458244115114212036e-01,8.439223893219605088e-05
9.955071806907653809e-01,-9.478695392608642578e-01,-6.908366084098815918e-01,2.645461857318878174e-01,-2.853265702724456787e-01,5.153058373252861202e-05
1.027761936187744141e+00,-9.815688133239746094e-01,-4.148243665695190430e-01,3.575140535831451416e-01,-5.013557076454162598e-01,1.032460349961183965e-04
8.855251669883728027e-01,-9.869612455368041992e-01,-3.731897473335266113e-01,2.156992852687835693e-01,-3.780212104320526123e-01,6.729569577146321535e-05
1.083591580390930176e+00,-9.819612503051757812e-01,-3.187456429004669189e-01,3.644101023674011230e-01,-4.921180307865142822e-01,1.051030267262831330e-04
1.006089448928833008e+00,-9.374085664749145508e-01,-7.563005685806274414e-01,3.552189469337463379e-01,-2.856313884258270264e-01,1.434927798982243985e-05
1.005404233932495117e+00,-9.748001098632812500e-01,-6.183547377586364746e-01,2.528771758079528809e-01,-2.649383544921875000e-01,1.518243698228616267e-05
1.039809584617614746e+00,-9.822631478309631348e-01,-4.549264013767242432e-01,4.106100797653198242e-01,-4.056649804115295410e-01,1.522193080745637417e-03
1.014188528060913086e+00,-9.783648848533630371e-01,-5.658428072929382324e-01,1.749096214771270752e-01,-3.692279458045959473e-01,3.528900269884616137e-04
9.856212735176086426e-01,-9.575660228729248047e-01,-7.558374404907226562e-01,3.170464038848876953e-01,-3.029702007770538330e-01,4.224280201015062630e-05
1.017790436744689941e+00,-9.627326130867004395e-01,-2.853980064392089844e-01,4.356028735637664795e-01,-5.129826664924621582e-01,3.242588718421757221e-05
9.039742350578308105e-01,-9.382144212722778320e-01,-6.973454952239990234e-01,3.118279874324798584e-01,-4.480248987674713135e-01,2.708076790440827608e-04
7.454364895820617676e-01,-8.790436983108520508e-01,-4.629940092563629150e-01,2.842648923397064209e-01,-5.342195034027099609e-01,8.273245766758918762e-04
8.524862527847290039e-01,-9.262833595275878906e-01,-4.135637283325195312e-01,4.821575880050659180e-01,-5.159226059913635254e-01,4.985005216440185905e-05
8.165478110313415527e-01,-9.817565083503723145e-01,-7.904025167226791382e-02,3.545857965946197510e-01,-2.317642271518707275e-01,7.680447197344619781e-06
1.037336230278015137e+00,-9.768266677856445312e-01,-3.466632366180419922e-01,4.218154847621917725e-01,-4.143480360507965088e-01,2.829580043908208609e-04
1.001631975173950195e+00,-9.754092693328857422e-01,-4.084260165691375732e-01,2.829605042934417725e-01,-5.090022087097167969e-01,5.412583050201646984e-05
1.019470214843750000e+00,-9.774093031883239746e-01,-4.322673380374908447e-01,3.372582793235778809e-01,-4.697301089763641357e-01,6.060966916265897453e-05
1.031313657760620117e+00,-9.845632314682006836e-01,-3.601786792278289795e-01,4.319537878036499023e-01,-3.574427664279937744e-01,1.393330021528527141e-04
9.436063766479492188e-01,-9.752008318901062012e-01,-6.451207399368286133e-01,3.332308530807495117e-01,-4.026096761226654053e-01,3.411413053981959820e-04
1.053515076637268066e+00,-9.671895503997802734e-01,-4.922650158405303955e-01,4.245235323905944824e-01,-5.741641521453857422e-01,1.772742398316040635e-04
1.047607660293579102e+00,-9.803965091705322266e-01,-3.263539373874664307e-01,3.310318589210510254e-01,-5.070843100547790527e-01,5.410296216723509133e-05
9.991772770881652832e-01,-9.726307392120361328e-01,-7.977856993675231934e-01,4.154623448848724365e-01,-3.413299843668937683e-02,3.186451067449524999e-05
9.650653004646301270e-01,-8.760008811950683594e-01,-7.461981177330017090e-01,3.620790839195251465e-01,-4.254073500633239746e-01,3.425159666221588850e-04
1.042597055435180664e+00,-9.797075390815734863e-01,-3.601980805397033691e-01,3.901843726634979248e-01,-4.783197939395904541e-01,9.751548350322991610e-05
9.614815115928649902e-01,-9.410219192504882812e-01,-6.252455711364746094e-01,4.768523871898651123e-01,-5.304636955261230469e-01,4.906390677206218243e-04
1.002326250076293945e+00,-9.705317020416259766e-01,-6.666476726531982422e-01,2.210819870233535767e-01,-3.217215836048126221e-01,4.780154267791658640e-05
1.372649669647216797e+00,-9.362792968750000000e-01,-2.941666841506958008e-01,6.951618194580078125e-01,-6.488112211227416992e-01,2.472216146998107433e-04
1.027346372604370117e+00,-9.884988069534301758e-01,-3.220860660076141357e-01,2.644964456558227539e-01,-4.795653223991394043e-01,1.022742653731256723e-04
1.046927809715270996e+00,-9.616715908050537109e-01,-4.993300735950469971e-01,3.845579922199249268e-01,-5.133089423179626465e-01,9.703511022962629795e-05
1.001073718070983887e+00,-9.732328057289123535e-01,-4.317670762538909912e-01,2.680906951427459717e-01,-5.316691398620605469e-01,2.716404269449412823e-04
9.053743481636047363e-01,-9.793695807456970215e-01,-5.062884688377380371e-01,2.077128142118453979e-01,-4.924950599670410156e-01,4.682429425884038210e-05
1.144391775131225586e+00,-9.388017058372497559e-01,-3.917940855026245117e-01,5.497969388961791992e-01,-6.182206273078918457e-01,1.958794309757649899e-04
1.564007639884948730e+00,-9.279440641403198242e-01,-1.725462675094604492e-01,7.538323998451232910e-01,-6.480987668037414551e-01,3.077530709560960531e-04
1.073882579803466797e+00,-9.768656492233276367e-01,-3.860555291175842285e-01,4.556533098220825195e-01,-4.210717380046844482e-01,2.424603444524109364e-04
1.171893715858459473e+00,-9.695113897323608398e-01,-4.018134772777557373e-01,5.843548774719238281e-01,-5.625184774398803711e-01,1.286183251067996025e-04
1.042592406272888184e+00,-9.693971276283264160e-01,-5.153750181198120117e-01,4.279365241527557373e-01,-5.560312271118164062e-01,2.802819290081970394e-05
1.020857453346252441e+00,-9.850417971611022949e-01,-3.519026637077331543e-01,2.593010962009429932e-01,-4.792973399162292480e-01,1.652311038924381137e-05
9.814877510070800781e-01,-9.786310791969299316e-01,-6.124423742294311523e-01,2.650645077228546143e-01,-3.977137207984924316e-01,7.243951404234394431e-05
9.844218492507934570e-01,-9.477257728576660156e-01,-7.060523033142089844e-01,2.443749755620956421e-01,-3.862813413143157959e-01,4.623854329111054540e-05
1.035392045974731445e+00,-9.898214936256408691e-01,-3.814301788806915283e-01,3.268851339817047119e-01,-4.308390617370605469e-01,1.819570461520925164e-04
8.556173443794250488e-01,-9.481719732284545898e-01,-6.220625638961791992e-01,3.259353041648864746e-01,-4.528230726718902588e-01,4.872448698733933270e-05
1.013654589653015137e+00,-9.459255933761596680e-01,-7.657239437103271484e-01,4.125752747058868408e-01,-3.518233001232147217e-01,2.038509119302034378e-04
9.977962374687194824e-01,-9.869489073753356934e-01,-6.808862686157226562e-01,3.730720281600952148e-01,-1.810499876737594604e-01,5.245326974545605481e-05
9.087450504302978516e-01,-9.449090361595153809e-01,-6.219446659088134766e-01,3.125489652156829834e-01,-5.106037855148315430e-01,1.545608683954924345e-04
1.071780920028686523e+00,-9.894602298736572266e-01,-4.137187004089355469e-01,3.935787677764892578e-01,-4.514479339122772217e-01,1.063888630596920848e-04
1.043001890182495117e+00,-9.803097248077392578e-01,-5.072611570358276367e-01,4.370224177837371826e-01,-4.901127517223358154e-01,2.328591654077172279e-04
1.026775479316711426e+00,-9.692595601081848145e-01,-6.189039945602416992e-01,3.906143605709075928e-01,-3.551780283451080322e-01,1.084062678273767233e-04
9.327884912490844727e-01,-9.529515504837036133e-01,-7.153730392456054688e-01,4.368203878402709961e-01,-3.811670541763305664e-01,3.989934921264648438e-04
1.130532264709472656e+00,-9.785800576210021973e-01,-2.686810195446014404e-01,4.497473239898681641e-01,-5.463770627975463867e-01,5.213560871197842062e-05
1.065830945968627930e+00,-9.656379818916320801e-01,-4.437557756900787354e-01,4.303809404373168945e-01,-5.776237249374389648e-01,1.213420400745235384e-04
1.035532116889953613e+00,-9.867828488349914551e-01,-3.259801268577575684e-01,3.790836036205291748e-01,-3.810878992080688477e-01,1.760576851665973663e-04
1.009595513343811035e+00,-9.922156333923339844e-01,-2.531219422817230225e-01,2.110736519098281860e-01,-4.286865293979644775e-01,4.930282739223912358e-05
9.784746170043945312e-01,-9.874957799911499023e-01,-4.443900883197784424e-01,2.726793289184570312e-01,-4.325869381427764893e-01,3.985910734627395868e-05
1.123391747474670410e+00,-9.758955240249633789e-01,-4.326677918434143066e-01,5.171279907226562500e-01,-5.299748778343200684e-01,3.979660104960203171e-04
1.050129652023315430e+00,-9.562987089157104492e-01,-4.800587594509124756e-01,3.792751729488372803e-01,-5.670965909957885742e-01,7.110754086170345545e-05
1.013145804405212402e+00,-9.826743602752685547e-01,-6.061356663703918457e-01,4.046233594417572021e-01,-4.808506667613983154e-01,2.467758895363658667e-05
1.024659276008605957e+00,-9.903113245964050293e-01,-5.069881677627563477e-01,3.771847486495971680e-01,-4.005253911018371582e-01,1.204484942718409002e-04
8.674671649932861328e-01,-9.848018884658813477e-01,-2.560834884643554688e-01,1.447434127330780029e-01,-3.693892955780029297e-01,3.499435260891914368e-04
1.047161221504211426e+00,-9.895082712173461914e-01,-2.242419272661209106e-01,2.656010091304779053e-01,-4.129473865032196045e-01,6.891904195072129369e-05
9.999779462814331055e-01,-9.894315600395202637e-01,-3.782388269901275635e-01,2.012157440185546875e-01,-4.855135083198547363e-01,1.191549927170854062e-05
1.025784134864807129e+00,-9.776030182838439941e-01,-4.775345623493194580e-01,4.017462730407714844e-01,-4.528136253356933594e-01,3.491183451842516661e-05
1.091626644134521484e+00,-9.729037880897521973e-01,-4.478634893894195557e-01,5.017116665840148926e-01,-5.295039415359497070e-01,1.002618664642795920e-04
1.035548329353332520e+00,-9.825591444969177246e-01,-4.940505921840667725e-01,4.041700065135955811e-01,-4.663093686103820801e-01,3.573699505068361759e-04
1.007795095443725586e+00,-9.778428077697753906e-01,-4.387294054031372070e-01,2.860930263996124268e-01,-4.823841452598571777e-01,2.129749191226437688e-05
1.040193438529968262e+00,-9.848278164863586426e-01,-4.199983179569244385e-01,3.311971724033355713e-01,-4.672707915306091309e-01,1.645173470024019480e-04
9.634912610054016113e-01,-9.895253777503967285e-01,-2.673936188220977783e-01,1.918058395385742188e-01,-4.180165529251098633e-01,1.932902960106730461e-04
1.018122792243957520e+00,-9.910857677459716797e-01,-2.276254445314407349e-01,2.440385818481445312e-01,-3.874064385890960693e-01,5.913574568694457412e-05
9.995139837265014648e-01,-9.854243993759155273e-01,-4.815306961536407471e-01,4.065240025520324707e-01,-3.540117144584655762e-01,2.595401892904192209e-04
1.024793863296508789e+00,-9.862501621246337891e-01,-4.152789711952209473e-01,3.197445571422576904e-01,-5.287285447120666504e-01,7.693217048654332757e-05
1.116926550865173340e+00,-9.691103696823120117e-01,-3.132376074790954590e-01,4.710755050182342529e-01,-4.955795109272003174e-01,2.939176192739978433e-05
1.022247433662414551e+00,-9.821847677230834961e-01,-3.875801861286163330e-01,3.023479878902435303e-01,-3.861110210418701172e-01,1.360272290185093880e-04
1.009082436561584473e+00,-9.830813407897949219e-01,-4.339325428009033203e-01,2.719128727912902832e-01,-5.161223411560058594e-01,3.204317181371152401e-05
9.996973872184753418e-01,-9.899043440818786621e-01,-3.939068615436553955e-01,4.268029928207397461e-01,-2.587566077709197998e-01,5.142885856912471354e-05
9.877698421478271484e-01,-9.780962467193603516e-01,-7.095579504966735840e-01,4.403241276741027832e-01,-2.158413827419281006e-01,1.192967611132189631e-04
1.003982424736022949e+00,-9.905542135238647461e-01,-5.665580034255981445e-01,2.423605024814605713e-01,-2.893101871013641357e-01,3.888507126248441637e-05
9.613143205642700195e-01,-9.761916995048522949e-01,-5.620052814483642578e-01,3.367107212543487549e-01,-3.745643496513366699e-01,7.967840792844071984e-05
1.055602908134460449e+00,-9.769498705863952637e-01,-5.976712703704833984e-01,4.156126976013183594e-01,-4.724612832069396973e-01,1.363181509077548981e-04
8.300290703773498535e-01,-9.870702028274536133e-01,-3.895637989044189453e-01,1.497222036123275757e-01,-3.589222431182861328e-01,1.681706635281443596e-04
1.072708249092102051e+00,-9.823020100593566895e-01,-4.994452595710754395e-01,5.484525561332702637e-01,-2.752935886383056641e-01,3.163484507240355015e-04
1.243390202522277832e+00,-9.423766136169433594e-01,-4.577446877956390381e-01,5.998518466949462891e-01,-6.275675296783447266e-01,3.348862810526043177e-04
9.128330945968627930e-01,-9.746555089950561523e-01,-3.401330709457397461e-01,3.076008856296539307e-01,-4.932014048099517822e-01,1.489807909820228815e-04
1.014827251434326172e+00,-9.777882099151611328e-01,-6.696816682815551758e-01,3.371479809284210205e-01,-3.696993887424468994e-01,6.089450835133902729e-05
1.175211310386657715e+00,-9.717743992805480957e-01,-3.239689469337463379e-01,4.098278582096099854e-01,-6.388748288154602051e-01,2.067317254841327667e-04
1.006892681121826172e+00,-9.716448187828063965e-01,-6.976100206375122070e-01,3.840068876743316650e-01,-3.184845447540283203e-01,1.472621224820613861e-04
9.419578313827514648e-01,-9.514579772949218750e-01,2.737205624580383301e-01,5.196775197982788086e-01,1.699915826320648193e-01,5.965250238659791648e-05
9.324323534965515137e-01,-9.463787078857421875e-01,-5.363368988037109375e-01,4.070122241973876953e-01,-5.437656641006469727e-01,1.703797897789627314e-04
1.087797880172729492e+00,-9.691892862319946289e-01,-4.235609471797943115e-01,5.683144927024841309e-01,-4.414550960063934326e-01,2.011412434512749314e-04
9.585779309272766113e-01,-9.801273941993713379e-01,-3.573041856288909912e-01,2.975301146507263184e-01,-5.167621970176696777e-01,5.271565169095993042e-05
1.022645831108093262e+00,-9.605359435081481934e-01,-4.412012398242950439e-01,3.364785313606262207e-01,-6.023213863372802734e-01,2.894496137741953135e-04
1.001991868019104004e+00,-9.905787110328674316e-01,-3.365984857082366943e-01,3.636248707771301270e-01,-1.285720914602279663e-01,5.949889600742608309e-05
9.627777338027954102e-01,-9.825774431228637695e-01,-3.889771997928619385e-01,2.738830745220184326e-01,-4.637292623519897461e-01,3.893926259479485452e-05
9.818291664123535156e-01,-9.409524798393249512e-01,-6.501568555831909180e-01,3.632726967334747314e-01,-5.017232298851013184e-01,5.080287155578844249e-05
9.155282974243164062e-01,-9.910405278205871582e-01,-6.103074550628662109e-01,1.369027197360992432e-01,-3.224364519119262695e-01,1.529767177999019623e-05
1.020649075508117676e+00,-9.625799059867858887e-01,-3.647190332412719727e-01,3.385245203971862793e-01,-6.110230684280395508e-01,5.521355342352762818e-05
9.823289513587951660e-01,-9.865949749946594238e-01,-4.062731564044952393e-01,2.035048454999923706e-01,-4.552021920680999756e-01,1.639344191062264144e-05
9.836139678955078125e-01,-9.851239323616027832e-01,-5.072053074836730957e-01,2.165934741497039795e-01,-4.774818420410156250e-01,3.523584018694236875e-05
1.003700137138366699e+00,-8.948451280593872070e-01,-7.609612345695495605e-01,2.561171352863311768e-01,-2.548579871654510498e-01,1.555746894155163318e-05
1.427989721298217773e+00,-9.485257267951965332e-01,-2.452779412269592285e-01,7.236881256103515625e-01,-6.096611022949218750e-01,2.011192555073648691e-04
9.604660868644714355e-01,-9.810880422592163086e-01,-5.896599888801574707e-01,3.054355084896087646e-01,-4.060625433921813965e-01,7.018501491984352469e-05
1.117393493652343750e+00,-9.688766002655029297e-01,-4.388220608234405518e-01,5.230674147605895996e-01,-5.565401315689086914e-01,6.932813266757875681e-05
8.159360885620117188e-01,-9.789683818817138672e-01,-2.571546733379364014e-01,3.648999333381652832e-01,-3.138132095336914062e-01,1.620688126422464848e-04
9.485327601432800293e-01,-9.812444448471069336e-01,-5.262734293937683105e-01,2.984648048877716064e-01,-4.725069701671600342e-01,1.549970911582931876e-04
1.005459427833557129e+00,-9.727014303207397461e-01,-3.654771149158477783e-01,2.917211353778839111e-01,-5.711637735366821289e-01,1.780342136044055223e-04
1.007884502410888672e+00,-9.648298621177673340e-01,-6.862330436706542969e-01,2.782233655452728271e-01,-3.818294107913970947e-01,3.451462544035166502e-05
1.028237581253051758e+00,-9.838143587112426758e-01,-4.188179075717926025e-01,2.397080361843109131e-01,-5.173380374908447266e-01,1.372458791593089700e-05
1.082050800323486328e+00,-9.598732590675354004e-01,-4.580052793025970459e-01,5.799346566200256348e-01,-5.903133153915405273e-01,1.791223330656066537e-04
1.113369464874267578e+00,-9.472466707229614258e-01,-4.700868427753448486e-01,5.365431308746337891e-01,-6.309466361999511719e-01,6.575704173883423209e-05
8.758924603462219238e-01,-8.637340068817138672e-01,-7.117470502853393555e-01,2.019337266683578491e-01,-3.599565923213958740e-01,8.778812480159103870e-05
9.295713305473327637e-01,-9.482799768447875977e-01,-5.139963626861572266e-01,4.122050404548645020e-01,-5.507237315177917480e-01,2.751575666479766369e-04
1.068062663078308105e+00,-9.666033983230590820e-01,-4.311456680297851562e-01,4.664148688316345215e-01,-5.200138688087463379e-01,1.066317927325144410e-04
1.201374888420104980e+00,-9.710027575492858887e-01,3.718787431716918945e-01,-2.029923051595687866e-01,1.175203453749418259e-02,1.835331495385617018e-04
1.022447347640991211e+00,-9.823126792907714844e-01,-5.141949653625488281e-01,4.337862432003021240e-01,-4.253165125846862793e-01,3.136761370114982128e-05
9.693118333816528320e-01,-9.843471646308898926e-01,-4.508025050163269043e-01,2.658509910106658936e-01,-4.706118404865264893e-01,9.615111048333346844e-05
1.024450898170471191e+00,-9.884447455406188965e-01,-2.260222434997558594e-01,4.116792678833007812e-01,-1.636175811290740967e-01,2.450762804073747247e-05
9.845566749572753906e-01,-9.902282953262329102e-01,-5.170816183090209961e-01,3.537206947803497314e-01,-3.294711709022521973e-01,1.478555641369894147e-04
8.157635927200317383e-01,-9.288235902786254883e-01,-4.226878583431243896e-01,4.028730690479278564e-01,-4.972051680088043213e-01,6.557471351698040962e-05
9.435446262359619141e-01,-9.508830308914184570e-01,-4.915613830089569092e-01,3.480568528175354004e-01,-5.803461074829101562e-01,3.569040563888847828e-04
8.645720481872558594e-01,-9.761975407600402832e-01,-9.663049131631851196e-02,4.936349987983703613e-01,-2.683602273464202881e-01,4.958927456755191088e-05
1.133506059646606445e+00,-9.606167078018188477e-01,-3.079435229301452637e-01,4.888777136802673340e-01,-5.602500438690185547e-01,4.887552931904792786e-04
1.019245505332946777e+00,-9.855770468711853027e-01,-1.788176447153091431e-01,4.816608428955078125e-01,-1.891988366842269897e-01,2.488784957677125931e-05
1.011894106864929199e+00,-9.837960600852966309e-01,-4.188438653945922852e-01,3.251542150974273682e-01,-3.925056755542755127e-01,8.467792940791696310e-05
9.025672078132629395e-01,-9.631819128990173340e-01,-4.299325346946716309e-01,2.211369723081588745e-01,-5.677164793014526367e-01,9.900199802359566092e-05
8.982692956924438477e-01,-9.838216900825500488e-01,-4.488847255706787109e-01,1.160738095641136169e-01,-4.497207105159759521e-01,1.143056506407447159e-04
1.070101857185363770e+00,-9.753894805908203125e-01,-4.204640090465545654e-01,4.745574891567230225e-01,-3.519345223903656006e-01,4.407465457916259766e-04
1.058132886886596680e+00,-9.838949441909790039e-01,-3.678990900516510010e-01,3.809959292411804199e-01,-3.921742141246795654e-01,2.063169085886329412e-04
1.201493024826049805e+00,-9.547944068908691406e-01,-4.573586881160736084e-01,5.472165346145629883e-01,-6.293981075286865234e-01,2.861961256712675095e-04
9.526612758636474609e-01,-9.803279042243957520e-01,-1.885142028331756592e-01,4.177593290805816650e-01,-2.279134094715118408e-01,8.678737503942102194e-05
1.036816000938415527e+00,-9.843177199363708496e-01,-5.334765315055847168e-01,4.768163561820983887e-01,-4.031655192375183105e-01,8.079683175310492516e-05
9.923251271247863770e-01,-9.393415451049804688e-01,-7.278400063514709473e-01,3.611749410629272461e-01,-2.936928868293762207e-01,2.424728154437616467e-05
1.073560357093811035e+00,-9.814469218254089355e-01,-4.318769574165344238e-01,5.018036961555480957e-01,-5.117907524108886719e-01,1.816324365790933371e-04
9.960125088691711426e-01,-9.806982278823852539e-01,-7.139045000076293945e-01,3.734458386898040771e-01,-2.343277484178543091e-01,4.088220885023474693e-05
1.008405804634094238e+00,-9.761667847633361816e-01,-4.017975628376007080e-01,2.774921357631683350e-01,-5.088830590248107910e-01,8.809215069049969316e-05
9.981053471565246582e-01,-9.656812548637390137e-01,-6.839363574981689453e-01,2.614828944206237793e-01,-3.482502698898315430e-01,3.848728374578058720e-05
7.678409814834594727e-01,-9.042436480522155762e-01,-3.139198720455169678e-01,2.740806937217712402e-01,-5.375373363494873047e-01,6.962055340409278870e-04
9.862527847290039062e-01,-9.847277402877807617e-01,-4.267760813236236572e-01,2.161737680435180664e-01,-4.363739192485809326e-01,7.317810377571731806e-05
1.014265775680541992e+00,-9.825978875160217285e-01,-4.992928802967071533e-01,4.015510976314544678e-01,-4.743631780147552490e-01,1.366080396110191941e-04
1.025064110755920410e+00,-9.854997396469116211e-01,-3.234328031539916992e-01,4.148102700710296631e-01,-3.440437316894531250e-01,6.082735126256011426e-05
9.544467926025390625e-01,-9.666754007339477539e-01,-3.756800293922424316e-01,5.224079489707946777e-01,-4.001807272434234619e-01,5.788807175122201443e-05
1.030402660369873047e+00,-9.632818698883056641e-01,-5.125254392623901367e-01,4.064489603042602539e-01,-5.422955155372619629e-01,1.136664795922115445e-04
1.101382136344909668e+00,-9.582715034484863281e-01,-3.966043591499328613e-01,5.062680244445800781e-01,-5.165057778358459473e-01,1.296399841521633789e-05
1.006143689155578613e+00,-9.430115222930908203e-01,-7.508843541145324707e-01,2.428755313158035278e-01,-3.281168937683105469e-01,9.629213309381157160e-06
1.083430290222167969e+00,-9.763060212135314941e-01,-4.397651553153991699e-01,5.876253843307495117e-01,-4.054547548294067383e-01,4.655242664739489555e-04
1.130248546600341797e+00,-9.882493019104003906e-01,-1.951861530542373657e-01,3.877021670341491699e-01,-4.378032684326171875e-01,2.439906529616564512e-04
1.021364331245422363e+00,-9.845060110092163086e-01,-5.124222636222839355e-01,2.983227968215942383e-01,-4.248219728469848633e-01,7.540389924542978406e-05
1.094549775123596191e+00,-9.815667271614074707e-01,-2.812376022338867188e-01,3.622839748859405518e-01,-5.404686927795410156e-01,6.250716978684067726e-05
1.064244747161865234e+00,-9.762094616889953613e-01,-3.426042497158050537e-01,3.686527311801910400e-01,-5.374104976654052734e-01,4.420384357217699289e-05
1.002757668495178223e+00,-9.758133292198181152e-01,-5.241224765777587891e-01,2.233008444309234619e-01,-4.898253083229064941e-01,1.549983062432147563e-05
9.177884459495544434e-01,-9.645069837570190430e-01,-3.860352635383605957e-01,3.712793588638305664e-01,-4.560134708881378174e-01,4.594552592607215047e-05
9.649185538291931152e-01,-9.880015850067138672e-01,-3.176259398460388184e-01,2.393558472394943237e-01,-4.159817099571228027e-01,8.930428884923458099e-05
1.015987515449523926e+00,-9.879215359687805176e-01,-7.704203128814697266e-01,4.153407812118530273e-01,-1.708503514528274536e-01,2.924432628788053989e-04
1.008542418479919434e+00,-9.802181124687194824e-01,-3.066844344139099121e-01,3.203470110893249512e-01,-4.514016211032867432e-01,1.047933765221387148e-04
1.042196750640869141e+00,-9.885082244873046875e-01,-3.112000226974487305e-01,3.291698098182678223e-01,-4.453701078891754150e-01,1.460934872739017010e-04
1.013848662376403809e+00,-9.760419130325317383e-01,-5.597475767135620117e-01,4.112016558647155762e-01,-4.618497788906097412e-01,4.743583122035488486e-05
1.157291054725646973e+00,-9.534665942192077637e-01,-3.146216273307800293e-01,5.975428819656372070e-01,-4.994705617427825928e-01,3.005955950357019901e-04
8.262087106704711914e-01,-9.643709063529968262e-01,-4.744425415992736816e-01,3.024640977382659912e-01,-4.438717067241668701e-01,1.947597193066030741e-04
9.439820647239685059e-01,-9.802004098892211914e-01,-5.423139333724975586e-01,2.615915834903717041e-01,-4.237691164016723633e-01,1.402214402332901955e-04
1.065889835357666016e+00,-9.808701872825622559e-01,-3.226833939552307129e-01,3.791650235652923584e-01,-4.804047942161560059e-01,3.086004289798438549e-04
1.037740945816040039e+00,-9.825518131256103516e-01,-3.685249984264373779e-01,3.659490048885345459e-01,-4.115331470966339111e-01,2.818056382238864899e-04
1.042274475097656250e+00,-9.897769689559936523e-01,-4.022139906883239746e-01,3.452834486961364746e-01,-4.203222692012786865e-01,8.354223100468516350e-04
1.032591700553894043e+00,-9.822362065315246582e-01,-4.274720251560211182e-01,3.327641189098358154e-01,-5.019286870956420898e-01,2.747219405137002468e-04
1.035349249839782715e+00,-9.682416915893554688e-01,-5.020720362663269043e-01,3.389150202274322510e-01,-5.312075614929199219e-01,1.990676682908087969e-04
1.050004363059997559e+00,-9.860635995864868164e-01,-4.093052148818969727e-01,3.921738862991333008e-01,-4.600063264369964600e-01,1.511596492491662502e-04
1.244784593582153320e+00,-9.663266539573669434e-01,-3.164889514446258545e-01,5.076519846916198730e-01,-6.427502632141113281e-01,3.292279434390366077e-04
9.081420302391052246e-01,-9.867153763771057129e-01,-5.496172308921813965e-01,3.171028196811676025e-01,-3.910792171955108643e-01,2.293119614478200674e-04
9.947290420532226562e-01,-9.223492145538330078e-01,-7.620345354080200195e-01,2.707191705703735352e-01,-3.162728250026702881e-01,4.510126891545951366e-04
9.828383922576904297e-01,-9.833813309669494629e-01,-5.367051362991333008e-01,4.154207110404968262e-01,-4.320875704288482666e-01,1.946160482475534081e-04
1.068810105323791504e+00,-9.797835946083068848e-01,-2.880804240703582764e-01,4.356339871883392334e-01,-4.678424894809722900e-01,4.808962112292647362e-04
1.086879491806030273e+00,-9.737157821655273438e-01,-3.725745081901550293e-01,4.255775213241577148e-01,-5.572727918624877930e-01,2.364829124417155981e-04
1.061409831047058105e+00,-9.783787131309509277e-01,-3.618813157081604004e-01,4.023719429969787598e-01,-4.939174652099609375e-01,1.700868306215852499e-04
1.023562669754028320e+00,-9.427966475486755371e-01,-2.693877518177032471e-01,4.384536445140838623e-01,-5.529828071594238281e-01,8.716218871995806694e-04
1.090147733688354492e+00,-9.800184965133666992e-01,-4.081026315689086914e-01,3.940301239490509033e-01,-5.001751780509948730e-01,2.834761107806116343e-04
1.004328012466430664e+00,-9.633924365043640137e-01,-5.664216279983520508e-01,3.144526779651641846e-01,-4.574899375438690186e-01,8.495491783833131194e-05
1.035612821578979492e+00,-9.832259416580200195e-01,-4.934161007404327393e-01,3.097685277462005615e-01,-4.511142075061798096e-01,1.153756529674865305e-04
1.085008978843688965e+00,-9.802854061126708984e-01,-3.666388392448425293e-01,3.976723551750183105e-01,-5.681213140487670898e-01,5.908736056881025434e-05
1.000605463981628418e+00,-9.803059101104736328e-01,-5.754215717315673828e-01,3.228813111782073975e-01,-4.261872768402099609e-01,1.343144685961306095e-04
9.263066053390502930e-01,-9.841059446334838867e-01,-5.313286185264587402e-01,1.793553680181503296e-01,-4.007574617862701416e-01,4.815843713004142046e-04
8.944295644760131836e-01,-9.035826921463012695e-01,-6.674207448959350586e-01,2.059536725282669067e-01,-3.767251074314117432e-01,1.581443008035421371e-03
1.092292666435241699e+00,-9.597303271293640137e-01,-4.028204083442687988e-01,4.086077511310577393e-01,-6.053867340087890625e-01,6.899834261275827885e-05
1.080108046531677246e+00,-9.627138972282409668e-01,-5.409845709800720215e-01,4.813307821750640869e-01,-5.128388404846191406e-01,7.752214442007243633e-04
9.909406304359436035e-01,-9.664213657379150391e-01,-6.128510832786560059e-01,3.673288226127624512e-01,-4.082717597484588623e-01,1.639574329601600766e-04
8.169823884963989258e-01,-9.625172615051269531e-01,-5.066347718238830566e-01,2.415698021650314331e-01,-4.844484627246856689e-01,9.197043837048113346e-04
9.832181930541992188e-01,-9.707976579666137695e-01,-6.285371780395507812e-01,3.346746861934661865e-01,-4.452158212661743164e-01,1.004457299131900072e-04
1.043177247047424316e+00,-9.862194061279296875e-01,-6.686364412307739258e-01,4.631491005420684814e-01,-3.057596981525421143e-01,1.309499493800103664e-03
1.109340071678161621e+00,-9.825539588928222656e-01,-2.406267374753952026e-01,3.858422935009002686e-01,-4.162221550941467285e-01,2.399289282038807869e-03
9.815454483032226562e-01,-9.699223637580871582e-01,-5.585582256317138672e-01,3.669014275074005127e-01,-5.000895261764526367e-01,4.694578237831592560e-04
1.045389413833618164e+00,-9.718480706214904785e-01,-6.235343813896179199e-01,2.712335884571075439e-01,-3.382230997085571289e-01,5.837423959746956825e-04
1.083731770515441895e+00,-9.775260686874389648e-01,-3.571008741855621338e-01,3.405880928039550781e-01,-5.589416027069091797e-01,2.991623186971992254e-04
1.051926732063293457e+00,-9.811751842498779297e-01,-4.458651244640350342e-01,3.495582938194274902e-01,-4.834931790828704834e-01,3.833685186691582203e-04
9.983263015747070312e-01,-9.790433645248413086e-01,-3.482324481010437012e-01,2.529064118862152100e-01,-5.304084420204162598e-01,2.859444357454776764e-04
1.034858703613281250e+00,-9.583635926246643066e-01,-5.208114981651306152e-01,2.497434318065643311e-01,-4.973191618919372559e-01,4.418696044012904167e-04
9.493194222450256348e-01,-9.849669337272644043e-01,-4.389711320400238037e-01,2.091293781995773315e-01,-4.597106873989105225e-01,5.525730375666171312e-05
1.005698561668395996e+00,-9.858291745185852051e-01,-3.476270437240600586e-01,2.708912491798400879e-01,-4.163278341293334961e-01,5.626931670121848583e-04
9.575997591018676758e-01,-9.853355288505554199e-01,-5.103932619094848633e-01,2.550095021724700928e-01,-4.572022259235382080e-01,3.273450711276382208e-04
9.347425699234008789e-01,-9.793323874473571777e-01,-4.818963706493377686e-01,2.173430770635604858e-01,-5.063033699989318848e-01,3.146786475554108620e-04
1.011488437652587891e+00,-9.914760589599609375e-01,-3.137708604335784912e-01,2.594185173511505127e-01,-3.124705553054809570e-01,1.024025492370128632e-03
9.414364695549011230e-01,-9.838799238204956055e-01,-5.496195554733276367e-01,4.748985171318054199e-01,-3.059791326522827148e-01,5.407640710473060608e-04
1.124422311782836914e+00,-9.885675907135009766e-01,-2.550699412822723389e-01,5.142961144447326660e-01,-2.955067455768585205e-01,4.670503549277782440e-04
1.001104712486267090e+00,-9.916454553604125977e-01,-2.725330591201782227e-01,3.448452949523925781e-01,-7.337755709886550903e-02,4.783301264978945255e-04
9.847551584243774414e-01,-9.746028780937194824e-01,-6.008746623992919922e-01,2.831854522228240967e-01,-3.563496172428131104e-01,3.181233187206089497e-04
9.611265659332275391e-01,-9.673696160316467285e-01,-3.835681676864624023e-01,4.723331332206726074e-01,-4.603691697120666504e-01,1.470671122660860419e-04
9.929015636444091797e-01,-9.695450663566589355e-01,-6.765953302383422852e-01,1.364191174507141113e-01,-2.864245772361755371e-01,1.063903619069606066e-04
