1.028956532478332520e+00,-9.995746612548828125e-01,4.623727202415466309e-01,-5.754763260483741760e-02,-4.125905334949493408e-01,1.279041607631370425e-04
8.306003808975219727e-01,-9.921361207962036133e-01,2.687413096427917480e-01,1.163051724433898926e-01,-2.215290516614913940e-01,8.277590386569499969e-04
1.024051666259765625e+00,-9.996633529663085938e-01,1.925201117992401123e-01,-2.503542900085449219e-01,-2.478570938110351562e-01,4.280659777577966452e-05
1.068766713142395020e+00,-9.994225502014160156e-01,1.465207189321517944e-01,-1.330660283565521240e-01,-2.931456267833709717e-01,1.568532898090779781e-04
9.866582751274108887e-01,-9.994238615036010742e-01,2.832417190074920654e-01,-4.504552483558654785e-02,-3.929815590381622314e-01,1.264575985260307789e-04
1.006704926490783691e+00,-9.997946023941040039e-01,3.631381392478942871e-01,-3.185840845108032227e-01,-1.073304861783981323e-01,2.204360789619386196e-04
1.024078011512756348e+00,-9.994742870330810547e-01,9.959178417921066284e-02,-1.464988291263580322e-01,-3.795439600944519043e-01,8.824521501082926989e-05
1.025958180427551270e+00,-9.997420907020568848e-01,2.759649157524108887e-01,-3.142891228199005127e-01,-1.587522774934768677e-01,4.621956759365275502e-05
1.037929177284240723e+00,-9.995977282524108887e-01,2.251922190189361572e-01,-1.430799067020416260e-01,-3.291757106781005859e-01,8.052121847867965698e-05
1.049837827682495117e+00,-9.994290471076965332e-01,1.765051484107971191e-01,-1.320498585700988770e-01,-2.774341702461242676e-01,2.273988502565771341e-04
1.041332840919494629e+00,-9.997342228889465332e-01,1.881212443113327026e-01,-2.892500460147857666e-01,-2.659872472286224365e-01,6.100634345784783363e-05
1.013466596603393555e+00,-9.997197985649108887e-01,2.967404425144195557e-01,-3.011914193630218506e-01,-1.512866914272308350e-01,6.344154826365411282e-05
1.040180802345275879e+00,-9.997336268424987793e-01,1.785605102777481079e-01,-2.785133123397827148e-01,-2.840026915073394775e-01,7.263581210281699896e-05
1.061219215393066406e+00,-9.996883869171142578e-01,1.679557412862777710e-01,-2.467342019081115723e-01,-2.630141675472259521e-01,6.363668944686651230e-05
1.067832112312316895e+00,-9.997610449790954590e-01,1.301150768995285034e-01,-3.063295483589172363e-01,-3.353435993194580078e-01,1.143129557021893561e-04
9.763020873069763184e-01,-9.995790719985961914e-01,3.077341318130493164e-01,-2.095372080802917480e-01,-1.471126079559326172e-01,1.125379640143364668e-04
1.017813086509704590e+00,-9.997747540473937988e-01,5.723586082458496094e-01,-2.235731929540634155e-01,-4.886075854301452637e-01,1.209787005791440606e-04
1.021586894989013672e+00,-9.989864230155944824e-01,5.675801634788513184e-01,6.378950923681259155e-02,-4.621965885162353516e-01,1.407615200150758028e-04
9.857404828071594238e-01,-9.977861642837524414e-01,4.802350699901580811e-01,1.022211164236068726e-01,-2.257974594831466675e-01,9.977095032809302211e-05
9.928485751152038574e-01,-9.721765518188476562e-01,3.534748256206512451e-01,3.385085761547088623e-01,-1.849123388528823853e-01,2.472972300893161446e-05
1.062766909599304199e+00,-9.995765089988708496e-01,5.604605376720428467e-02,-2.314872890710830688e-01,-3.232532441616058350e-01,4.093244569958187640e-05
9.737262725830078125e-01,-9.984452724456787109e-01,9.890472888946533203e-02,-5.374247953295707703e-02,-2.706087231636047363e-01,2.863022382371127605e-04
1.125677347183227539e+00,-9.994845986366271973e-01,-1.321080327033996582e-01,-2.199193388223648071e-01,-4.507133364677429199e-01,3.186310059390962124e-04
9.880438446998596191e-01,-9.991196990013122559e-01,1.173247247934341431e-01,-1.714836508035659790e-01,-1.912567615509033203e-01,2.526334428694099188e-04
1.070080637931823730e+00,-9.997968673706054688e-01,2.305057197809219360e-01,-3.292527198791503906e-01,-2.612057626247406006e-01,2.048811256827320904e-05
1.047638893127441406e+00,-9.994351267814636230e-01,1.842804998159408569e-02,-1.486390531063079834e-01,-4.240211844444274902e-01,6.804096483392640948e-05
1.001781463623046875e+00,-9.768753647804260254e-01,3.753620982170104980e-01,3.289262950420379639e-01,-1.875777244567871094e-01,4.110057489015161991e-05
1.087532162666320801e+00,-9.997028112411499023e-01,9.684510529041290283e-02,-2.611890137195587158e-01,-3.286325633525848389e-01,3.237325654481537640e-05
7.993497848510742188e-01,-9.716892838478088379e-01,1.953673064708709717e-01,1.758997440338134766e-01,-1.926515996456146240e-01,9.823577711358666420e-04
1.073529243469238281e+00,-9.996507167816162109e-01,1.091635078191757202e-01,-2.179431021213531494e-01,-3.403845727443695068e-01,4.297689520171843469e-05
1.104749321937561035e+00,-9.996302723884582520e-01,8.582063317298889160e-01,-5.863759517669677734e-01,-5.956425666809082031e-01,3.216579207219183445e-04
1.070077061653137207e+00,-9.997606873512268066e-01,1.755212098360061646e-01,-3.646463751792907715e-01,-2.271779328584671021e-01,3.022926284756977111e-05
1.093517541885375977e+00,-9.997829198837280273e-01,1.785445511341094971e-01,-3.973455727100372314e-01,-2.232478857040405273e-01,2.439264062559232116e-05
1.031253814697265625e+00,-9.997317790985107422e-01,3.324563801288604736e-01,-1.333838105201721191e-01,-4.118074774742126465e-01,1.335845154244452715e-04
1.041543841361999512e+00,-9.990768432617187500e-01,-5.659583956003189087e-02,-1.710374653339385986e-01,-3.308567404747009277e-01,2.206872595706954598e-04
1.035429716110229492e+00,-9.997543096542358398e-01,2.315032482147216797e-01,-3.063287138938903809e-01,-2.009206265211105347e-01,2.388435132161248475e-05
1.051344394683837891e+00,-9.998080134391784668e-01,2.599262297153472900e-01,-3.796513080596923828e-01,-2.173566073179244995e-01,7.454009028151631355e-05
1.041644454002380371e+00,-9.997655153274536133e-01,2.450919151306152344e-01,-3.546360433101654053e-01,-1.909679323434829712e-01,4.417594755068421364e-05
1.188227772712707520e+00,-9.997397661209106445e-01,-5.269830301403999329e-02,-2.233655750751495361e-01,-4.950926899909973145e-01,4.936710465699434280e-04
1.040082693099975586e+00,-9.994310140609741211e-01,1.907589435577392578e-01,-9.331835806369781494e-02,-3.345201313495635986e-01,1.527515123598277569e-04
1.007460594177246094e+00,-9.633061289787292480e-01,3.638227880001068115e-01,3.690952062606811523e-01,-1.853285878896713257e-01,6.063158070901408792e-05
1.136419653892517090e+00,-9.996769428253173828e-01,-2.111254446208477020e-02,-2.547973692417144775e-01,-4.100859463214874268e-01,1.078390632756054401e-04
1.093056082725524902e+00,-9.998447299003601074e-01,3.051435649394989014e-01,-3.247705698013305664e-01,-3.559227287769317627e-01,1.818518212530761957e-04
1.035346746444702148e+00,-9.979919791221618652e-01,1.862290501594543457e-02,-1.930487155914306641e-02,-3.065407872200012207e-01,1.048720296239480376e-04
1.050331950187683105e+00,-9.996789097785949707e-01,1.895715296268463135e-01,-1.961622089147567749e-01,-3.383347690105438232e-01,1.609455503057688475e-04
1.046038866043090820e+00,-9.997573494911193848e-01,2.363260835409164429e-01,-3.084392547607421875e-01,-1.868120878934860229e-01,2.195439265051390976e-05
1.036248326301574707e+00,-9.997228980064392090e-01,2.327896356582641602e-01,-2.684264481067657471e-01,-2.123057693243026733e-01,2.002027758862823248e-05
1.007328152656555176e+00,-9.912692308425903320e-01,3.741970658302307129e-01,2.653913795948028564e-01,-3.231905400753021240e-01,1.883228978840634227e-04
9.726439714431762695e-01,-9.984205365180969238e-01,1.082974765449762344e-02,-8.210488408803939819e-02,-2.929328680038452148e-01,2.805399708449840546e-04
1.024608731269836426e+00,-9.986754655838012695e-01,1.173920035362243652e-01,-7.493826001882553101e-02,-2.242999076843261719e-01,1.861478085629642010e-04
1.043074488639831543e+00,-9.997710585594177246e-01,2.533970773220062256e-01,-3.426261246204376221e-01,-1.959409117698669434e-01,3.044297409360297024e-05
9.162533283233642578e-01,-9.673553109169006348e-01,3.065253794193267822e-01,3.137669861316680908e-01,-1.557216942310333252e-01,1.835312577895820141e-04
9.371961355209350586e-01,-9.921437501907348633e-01,5.421842634677886963e-02,2.737968601286411285e-02,-1.339790672063827515e-01,3.736719081643968821e-04
1.011082410812377930e+00,-9.997534155845642090e-01,3.168438673019409180e-01,-3.332818746566772461e-01,-1.305821686983108521e-01,9.031523950397968292e-05
1.091518759727478027e+00,-9.996610283851623535e-01,1.039666831493377686e-01,-2.299480438232421875e-01,-3.047484159469604492e-01,5.145219620317220688e-05
1.152630805969238281e+00,-9.993271827697753906e-01,-2.253927141427993774e-01,-3.090219497680664062e-01,-5.195587277412414551e-01,8.570585050620138645e-04
1.047498941421508789e+00,-9.996628761291503906e-01,2.609654068946838379e-01,-1.725326329469680786e-01,-2.997491359710693359e-01,1.545207633171230555e-04
1.058179736137390137e+00,-9.997420907020568848e-01,3.105765581130981445e-01,-4.533913135528564453e-01,-4.149675369262695312e-02,1.540808589197695255e-04
1.090167880058288574e+00,-9.997331500053405762e-01,9.185270965099334717e-02,-2.643649578094482422e-01,-3.641799688339233398e-01,6.379316619131714106e-05
8.923565745353698730e-01,-9.941536188125610352e-01,1.916949748992919922e-01,3.419353067874908447e-02,-1.481410712003707886e-01,3.330045437905937433e-04
1.074382901191711426e+00,-9.997287988662719727e-01,1.620496213436126709e-01,-2.726680338382720947e-01,-2.750870883464813232e-01,5.063685239292681217e-05
1.047176837921142578e+00,-9.993687272071838379e-01,1.246876046061515808e-01,-9.966635704040527344e-02,-3.491703271865844727e-01,7.832114351913332939e-05
1.031588077545166016e+00,-9.995728135108947754e-01,1.597261875867843628e-01,-1.158231571316719055e-01,-4.334774613380432129e-01,8.478669042233377695e-05
1.030103802680969238e+00,-9.997303485870361328e-01,2.470008879899978638e-01,-3.113171458244323730e-01,-2.161623686552047729e-01,7.790725067025050521e-05
1.061683654785156250e+00,-9.997272491455078125e-01,2.293469011783599854e-01,-2.257899492979049683e-01,-2.739034593105316162e-01,7.679375266889110208e-05
1.055732131004333496e+00,-9.996285438537597656e-01,1.176234558224678040e-01,-2.387856692075729370e-01,-2.840797007083892822e-01,2.637377292558085173e-05
1.060860991477966309e+00,-9.996401667594909668e-01,9.413727372884750366e-02,-2.712821960449218750e-01,-2.765645980834960938e-01,2.874574420275166631e-05
1.123381853103637695e+00,-9.995401501655578613e-01,-1.702480204403400421e-02,-1.895923614501953125e-01,-3.993362784385681152e-01,1.655760133871808648e-04
1.058088660240173340e+00,-9.997217059135437012e-01,3.529121875762939453e-01,-4.663270711898803711e-01,-4.142665863037109375e-02,1.294225803576409817e-04
1.056154012680053711e+00,-9.993104934692382812e-01,4.044718667864799500e-02,-1.638343930244445801e-01,-2.990455031394958496e-01,1.881459684227593243e-05
1.045018792152404785e+00,-9.992400407791137695e-01,3.782947082072496414e-03,-1.875428110361099243e-01,-3.036149740219116211e-01,6.311781180556863546e-05
1.095240592956542969e+00,-9.996472001075744629e-01,8.246538043022155762e-02,-1.713367551565170288e-01,-4.128873944282531738e-01,2.358739147894084454e-04
1.088644623756408691e+00,-9.995322227478027344e-01,4.671753570437431335e-02,-1.762214750051498413e-01,-3.985204398632049561e-01,8.518817776348441839e-05
1.080126523971557617e+00,-9.997869729995727539e-01,1.413182914257049561e-01,-3.170053362846374512e-01,-3.511362671852111816e-01,6.425571336876600981e-05
1.010670185089111328e+00,-9.994817376136779785e-01,1.763936281204223633e-01,-1.641136556863784790e-01,-2.540661990642547607e-01,1.474757009418681264e-04
1.077900886535644531e+00,-9.995424151420593262e-01,1.075405906885862350e-02,-1.652120500802993774e-01,-4.279868602752685547e-01,3.439213614910840988e-04
1.003785133361816406e+00,-9.986971020698547363e-01,-5.523688346147537231e-02,-1.463251262903213501e-01,-3.540986180305480957e-01,6.754687055945396423e-04
1.043812274932861328e+00,-9.998019933700561523e-01,2.968379557132720947e-01,-3.427980840206146240e-01,-2.142625451087951660e-01,6.784583092667162418e-05
1.047087430953979492e+00,-9.996731281280517578e-01,1.717927306890487671e-01,-2.606786489486694336e-01,-2.419497221708297729e-01,2.315787787665612996e-05
1.037174701690673828e+00,-9.997547268867492676e-01,2.685001194477081299e-01,-2.830789685249328613e-01,-2.000671178102493286e-01,3.321262192912399769e-05
1.042437911033630371e+00,-9.995189905166625977e-01,1.650590598583221436e-01,-1.367219984531402588e-01,-3.300513923168182373e-01,3.814216324826702476e-05
1.125400900840759277e+00,-9.997442960739135742e-01,7.312126457691192627e-02,-2.520470321178436279e-01,-4.033181071281433105e-01,8.777782932156696916e-05
1.004036664962768555e+00,-9.993510246276855469e-01,1.659265309572219849e-01,-1.798667013645172119e-01,-1.979332417249679565e-01,5.084792792331427336e-05
1.022313356399536133e+00,-9.997279047966003418e-01,2.596610486507415771e-01,-2.570406496524810791e-01,-2.150290459394454956e-01,5.862469697603955865e-05
1.085383057594299316e+00,-9.996659159660339355e-01,3.516273796558380127e-01,-5.589497089385986328e-01,4.406767338514328003e-02,7.511905278079211712e-05
1.079440116882324219e+00,-9.996690154075622559e-01,3.634659945964813232e-01,-5.585736036300659180e-01,5.353516340255737305e-02,7.870505942264571786e-05
1.095987558364868164e+00,-9.997971057891845703e-01,1.927137225866317749e-01,-3.956683874130249023e-01,-2.459990978240966797e-01,3.255075716879218817e-05
1.033539772033691406e+00,-9.996457099914550781e-01,1.542300730943679810e-01,-2.490865141153335571e-01,-2.653918862342834473e-01,7.456658931914716959e-05
1.046646595001220703e+00,-9.997356534004211426e-01,2.052439749240875244e-01,-2.833521962165832520e-01,-2.365435063838958740e-01,2.186581878049764782e-05
1.034838795661926270e+00,-9.995729327201843262e-01,1.899333745241165161e-01,-1.906725615262985229e-01,-2.347680628299713135e-01,3.432662924751639366e-05
1.030858755111694336e+00,-9.996007680892944336e-01,1.574967801570892334e-01,-2.113764286041259766e-01,-2.664608955383300781e-01,3.124742215732112527e-05
1.061975717544555664e+00,-9.996992945671081543e-01,3.300048112869262695e-01,-5.147967934608459473e-01,1.988857984542846680e-02,8.448387961834669113e-05
9.731948971748352051e-01,-9.976756572723388672e-01,3.703474700450897217e-01,5.981296300888061523e-02,-1.942345499992370605e-01,1.873773435363546014e-04
1.064434409141540527e+00,-9.997648000717163086e-01,1.905229836702346802e-01,-3.296419084072113037e-01,-2.344838082790374756e-01,2.370108086324762553e-05
1.048533320426940918e+00,-9.997754693031311035e-01,2.792483270168304443e-01,-3.791824877262115479e-01,-1.552498042583465576e-01,2.436882277834229171e-05
1.049522280693054199e+00,-9.997772574424743652e-01,2.739978134632110596e-01,-3.781099021434783936e-01,-1.734275817871093750e-01,3.234484029235318303e-05
1.104424953460693359e+00,-9.997779726982116699e-01,1.370078921318054199e-01,-3.281996250152587891e-01,-3.074551224708557129e-01,3.564170765457674861e-05
1.028523087501525879e+00,-9.993203282356262207e-01,3.418744206428527832e-01,-2.091664448380470276e-02,-3.854996562004089355e-01,1.276116527151316404e-04
9.732869863510131836e-01,-9.837000370025634766e-01,3.380845487117767334e-01,2.701780796051025391e-01,-1.737882047891616821e-01,7.390155224129557610e-05
1.035768747329711914e+00,-9.994621276855468750e-01,5.507577210664749146e-02,-1.774968206882476807e-01,-3.797832727432250977e-01,3.199370985385030508e-04
1.032908201217651367e+00,-9.989914298057556152e-01,9.758244454860687256e-02,-5.642496421933174133e-02,-3.146178424358367920e-01,7.969953003339469433e-05
1.012045383453369141e+00,-9.997541904449462891e-01,3.640837073326110840e-01,-3.625102639198303223e-01,-7.070682197809219360e-02,7.298844866454601288e-05
9.888359904289245605e-01,-9.995239377021789551e-01,3.813023865222930908e-01,-1.099552810192108154e-01,-2.247130274772644043e-01,1.499724457971751690e-04
1.146169900894165039e+00,-9.997271895408630371e-01,8.722391724586486816e-02,-1.984968930482864380e-01,-4.426837265491485596e-01,4.050474963150918484e-04
1.063261866569519043e+00,-9.998019337654113770e-01,2.692978978157043457e-01,-2.687460184097290039e-01,-2.909900546073913574e-01,8.484040154144167900e-05
1.075357437133789062e+00,-9.994814991950988770e-01,-1.170595921576023102e-02,-2.166586965322494507e-01,-3.498201370239257812e-01,7.966887642396613955e-05
1.054057002067565918e+00,-9.996165037155151367e-01,1.234911009669303894e-01,-2.340762764215469360e-01,-2.820934951305389404e-01,3.332149208290502429e-05
9.596700072288513184e-01,-9.957571029663085938e-01,7.986414432525634766e-02,3.805679082870483398e-02,-2.214992642402648926e-01,2.342352236155420542e-04
1.037866473197937012e+00,-9.992656111717224121e-01,2.239544875919818878e-02,-1.320956051349639893e-01,-3.717726171016693115e-01,5.030431202612817287e-05
1.018028736114501953e+00,-9.982758760452270508e-01,3.684160411357879639e-01,6.093106418848037720e-02,-2.732435464859008789e-01,2.001623361138626933e-04
1.036605834960937500e+00,-9.997716546058654785e-01,2.614926993846893311e-01,-3.456856608390808105e-01,-1.911749094724655151e-01,5.921238698647357523e-05
1.109721422195434570e+00,-9.997804164886474609e-01,1.100261434912681580e-01,-2.863402068614959717e-01,-4.180526137351989746e-01,1.110635057557374239e-04
1.017426013946533203e+00,-9.986565113067626953e-01,5.157643556594848633e-01,7.716791331768035889e-02,-3.217994272708892822e-01,8.452791371382772923e-05
1.029857993125915527e+00,-9.997627735137939453e-01,2.700535058975219727e-01,-2.842827141284942627e-01,-1.910625845193862915e-01,1.453130098525434732e-04
1.110961794853210449e+00,-9.996649622917175293e-01,5.500693246722221375e-02,-2.311084866523742676e-01,-3.368742465972900391e-01,1.974652695935219526e-04
1.089036583900451660e+00,-9.992985129356384277e-01,-2.094678394496440887e-02,-1.395338028669357300e-01,-3.775250017642974854e-01,9.486800990998744965e-05
1.121205329895019531e+00,-9.997901320457458496e-01,7.995215058326721191e-02,-3.239394128322601318e-01,-3.775089979171752930e-01,4.837003507418558002e-05
1.076868295669555664e+00,-9.997826218605041504e-01,1.835973113775253296e-01,-3.737186193466186523e-01,-2.540523707866668701e-01,3.405048482818529010e-05
1.030666828155517578e+00,-9.995180964469909668e-01,1.303687542676925659e-01,-2.152368873357772827e-01,-2.422779351472854614e-01,3.790909977396950126e-05
1.010914087295532227e+00,-9.970095157623291016e-01,-1.294969618320465088e-01,-3.164935857057571411e-02,-3.496375381946563721e-01,3.008181811310350895e-04
1.041282176971435547e+00,-9.995284080505371094e-01,1.126630902290344238e-01,-1.330283582210540771e-01,-4.085299074649810791e-01,6.827092875028029084e-05
1.041665077209472656e+00,-9.991795420646667480e-01,1.336328536272048950e-01,-1.209447011351585388e-01,-2.406943142414093018e-01,2.042576379608362913e-04
1.040498971939086914e+00,-9.996871948242187500e-01,1.506106257438659668e-01,-2.311773896217346191e-01,-3.337430357933044434e-01,5.781264553661458194e-05
1.021986246109008789e+00,-9.994853138923645020e-01,4.507407844066619873e-01,-3.693450987339019775e-02,-3.938255608081817627e-01,1.047627447405830026e-04
1.095110297203063965e+00,-9.996631741523742676e-01,9.245164692401885986e-02,-2.098763734102249146e-01,-3.185431659221649170e-01,1.261461584363132715e-04
1.035975456237792969e+00,-9.996818900108337402e-01,1.759562492370605469e-01,-2.513072192668914795e-01,-2.534222006797790527e-01,6.149081309558823705e-05
1.072171092033386230e+00,-9.991940855979919434e-01,-6.385858356952667236e-02,-1.998727619647979736e-01,-3.324911296367645264e-01,2.509515907149761915e-04
1.062307000160217285e+00,-9.997621178627014160e-01,2.073263674974441528e-01,-2.986699044704437256e-01,-2.318176627159118652e-01,5.604492616839706898e-05
1.020944356918334961e+00,-9.994912147521972656e-01,2.875139713287353516e-01,-1.537150442600250244e-01,-1.770886778831481934e-01,1.705460890661925077e-04
1.066575527191162109e+00,-9.993806481361389160e-01,9.868262708187103271e-02,-1.113064214587211609e-01,-3.585208654403686523e-01,1.337340072495862842e-04
9.778041243553161621e-01,-9.923735260963439941e-01,-1.721714995801448822e-02,1.821454986929893494e-02,-1.750088930130004883e-01,2.595792175270617008e-04
1.085677146911621094e+00,-9.996591806411743164e-01,2.361470907926559448e-01,-1.628853231668472290e-01,-2.993063628673553467e-01,3.951893886551260948e-04
1.093455076217651367e+00,-9.997302293777465820e-01,4.699053615331649780e-02,-2.557836472988128662e-01,-4.724986851215362549e-01,1.454313460271805525e-04
1.092393636703491211e+00,-9.995830059051513672e-01,8.024294972419738770e-01,-6.190762519836425781e-01,-4.738846719264984131e-01,1.570211024954915047e-04
1.049719929695129395e+00,-9.995076656341552734e-01,-1.088939048349857330e-02,-1.617414802312850952e-01,-4.600423872470855713e-01,2.170875523006543517e-04
1.014555692672729492e+00,-9.996197223663330078e-01,2.034316062927246094e-01,-2.579690515995025635e-01,-1.932850480079650879e-01,4.879853804595768452e-05
1.009352564811706543e+00,-9.997854232788085938e-01,3.513586521148681641e-01,-2.027036100625991821e-01,-4.076006710529327393e-01,2.662943734321743250e-04
9.547133445739746094e-01,-9.992122650146484375e-01,2.583791017532348633e-01,-9.436940401792526245e-02,-2.299911230802536011e-01,1.409793767379596829e-04
1.043216228485107422e+00,-9.997285604476928711e-01,2.922144830226898193e-01,-2.271493971347808838e-01,-2.260975837707519531e-01,1.081404188880696893e-04
1.083958864212036133e+00,-9.996672868728637695e-01,1.116157919168472290e-01,-2.092767357826232910e-01,-3.866203725337982178e-01,1.318580179940909147e-04
9.917634725570678711e-01,-9.997661709785461426e-01,3.830966055393218994e-01,-1.580260246992111206e-01,-3.790668547153472900e-01,1.371240650769323111e-04
1.128435730934143066e+00,-9.998115301132202148e-01,1.560577601194381714e-01,-4.146000444889068604e-01,-3.743223845958709717e-01,6.055834091966971755e-05
1.024868845939636230e+00,-9.995726346969604492e-01,5.271884799003601074e-01,-5.132200196385383606e-02,-4.118649959564208984e-01,8.456507930532097816e-05
1.084114074707031250e+00,-9.997982978820800781e-01,2.290155440568923950e-01,-4.102391600608825684e-01,-2.347227632999420166e-01,4.002307105110958219e-05
1.090567588806152344e+00,-9.997465610504150391e-01,1.528604328632354736e-01,-2.788116037845611572e-01,-2.740372717380523682e-01,8.260997128672897816e-05
1.111126899719238281e+00,-9.997334480285644531e-01,4.512183368206024170e-02,-3.047606945037841797e-01,-3.845871090888977051e-01,6.881470471853390336e-05
1.066597819328308105e+00,-9.997807145118713379e-01,3.248091042041778564e-01,-1.876054108142852783e-01,-3.214583694934844971e-01,2.974236558657139540e-04
1.019083380699157715e+00,-9.997935891151428223e-01,3.455994725227355957e-01,-2.945345044136047363e-01,-1.879850625991821289e-01,5.475241778185591102e-05
1.100374937057495117e+00,-9.996876120567321777e-01,5.988012626767158508e-02,-2.151829302310943604e-01,-4.101653993129730225e-01,7.677610847167670727e-05
1.048922657966613770e+00,-9.995102286338806152e-01,1.754795946180820465e-02,-1.703206151723861694e-01,-4.392705857753753662e-01,2.129144559148699045e-04
1.065096378326416016e+00,-9.993233680725097656e-01,-5.196907743811607361e-02,-1.588269174098968506e-01,-3.945299685001373291e-01,8.872452599462121725e-05
1.015916109085083008e+00,-9.993824362754821777e-01,4.740761220455169678e-02,-1.155448853969573975e-01,-4.327243268489837646e-01,3.336482332088053226e-04
9.624361395835876465e-01,-9.987697601318359375e-01,1.568634361028671265e-01,-8.710254728794097900e-02,-2.145983874797821045e-01,1.324052573181688786e-04
1.046665430068969727e+00,-9.997670054435729980e-01,2.546304166316986084e-01,-3.199433982372283936e-01,-1.802918463945388794e-01,3.827743785222992301e-05
1.158509492874145508e+00,-9.996037483215332031e-01,-1.041068434715270996e-01,-2.378517538309097290e-01,-4.950604736804962158e-01,3.249663568567484617e-04
1.053252100944519043e+00,-9.997156262397766113e-01,3.074944913387298584e-01,-2.016628384590148926e-01,-2.341549098491668701e-01,1.950548466993495822e-04
1.076055049896240234e+00,-9.997222423553466797e-01,1.158731207251548767e-01,-2.662459909915924072e-01,-2.854602634906768799e-01,1.656953245401382446e-04
1.039984226226806641e+00,-9.997096061706542969e-01,3.441517055034637451e-01,-1.283151358366012573e-01,-3.843768537044525146e-01,9.126910299528390169e-05
9.362348914146423340e-01,-9.990105032920837402e-01,3.066665232181549072e-01,-1.961611397564411163e-02,-3.150353729724884033e-01,2.883202105294913054e-04
1.096735119819641113e+00,-9.997102022171020508e-01,1.370227485895156860e-01,-2.017522305250167847e-01,-3.970069289207458496e-01,1.693027879809960723e-04
1.025514960289001465e+00,-9.996116757392883301e-01,2.948044240474700928e-01,-1.692343652248382568e-01,-2.107585221529006958e-01,1.049001148203387856e-04
1.010491132736206055e+00,-9.898495674133300781e-01,4.405808150768280029e-01,2.822060286998748779e-01,-2.686358988285064697e-01,4.859212640440091491e-05
1.098836302757263184e+00,-9.996407032012939453e-01,3.763483166694641113e-01,-6.060086488723754883e-01,7.249142974615097046e-02,6.709380249958485365e-05
1.046985387802124023e+00,-9.997048377990722656e-01,1.256264299154281616e-01,-2.600628435611724854e-01,-2.960429489612579346e-01,2.918308309745043516e-04
1.046171665191650391e+00,-9.997805356979370117e-01,2.963571250438690186e-01,-3.873887956142425537e-01,-1.351972073316574097e-01,3.237993223592638969e-05
1.045739173889160156e+00,-9.997659921646118164e-01,2.517026066780090332e-01,-2.858339250087738037e-01,-2.047487944364547729e-01,3.917325011570937932e-05
1.154460310935974121e+00,-9.997631311416625977e-01,4.544368479400873184e-03,-3.488070964813232422e-01,-4.108008742332458496e-01,3.741331602213904262e-05
1.014234185218811035e+00,-9.997121691703796387e-01,2.415026128292083740e-01,-2.665080130100250244e-01,-2.379337251186370850e-01,6.682614912278950214e-05
1.040880918502807617e+00,-9.997802972793579102e-01,3.306924700736999512e-01,-3.984348475933074951e-01,-1.082145124673843384e-01,6.083295011194422841e-05
1.007177472114562988e+00,-9.940210580825805664e-01,4.623577594757080078e-01,1.919905096292495728e-01,-1.465288102626800537e-01,1.056171749951317906e-04
1.071293950080871582e+00,-9.997779726982116699e-01,3.193638920783996582e-01,-4.526469111442565918e-01,-1.309580504894256592e-01,4.952217204845510423e-05
1.068957924842834473e+00,-9.997788667678833008e-01,3.258650898933410645e-01,-4.545475244522094727e-01,-1.247029751539230347e-01,5.139864879311062396e-05
1.025025844573974609e+00,-9.995893836021423340e-01,1.531508117914199829e-01,-2.426729053258895874e-01,-2.320081293582916260e-01,6.140029290691018105e-05
1.012683868408203125e+00,-9.997187256813049316e-01,2.337626516819000244e-01,-2.658666670322418213e-01,-2.385417371988296509e-01,1.137727158493362367e-04
1.003188967704772949e+00,-9.995653033256530762e-01,2.152253836393356323e-01,-1.972209513187408447e-01,-2.226147353649139404e-01,7.725564501015469432e-05
1.037193894386291504e+00,-9.996201395988464355e-01,1.589535176753997803e-01,-2.406820505857467651e-01,-2.319115251302719116e-01,4.846904266742058098e-05
1.091596126556396484e+00,-9.998036026954650879e-01,2.126491665840148926e-01,-3.956995904445648193e-01,-2.930159866809844971e-01,4.794381675310432911e-05
1.076233148574829102e+00,-9.998016357421875000e-01,2.188646644353866577e-01,-3.728445172309875488e-01,-2.823613584041595459e-01,7.780405576340854168e-05
1.034548163414001465e+00,-9.997366666793823242e-01,2.078564018011093140e-01,-2.893592715263366699e-01,-2.582444846630096436e-01,5.988209159113466740e-05
1.020248413085937500e+00,-9.996566772460937500e-01,2.027743607759475708e-01,-2.441855221986770630e-01,-2.189479172229766846e-01,3.868411295115947723e-05
1.018698811531066895e+00,-9.994593858718872070e-01,1.300767511129379272e-01,-1.970829963684082031e-01,-2.430885732173919678e-01,6.253010360524058342e-05
1.031511306762695312e+00,-9.993312954902648926e-01,9.318395704030990601e-02,-1.735872477293014526e-01,-2.683211565017700195e-01,6.040747393853962421e-05
1.065462470054626465e+00,-9.995351433753967285e-01,2.641205675899982452e-02,-1.503929197788238525e-01,-4.430035948753356934e-01,1.685431925579905510e-04
1.131880283355712891e+00,-9.990285634994506836e-01,-7.305071502923965454e-02,-1.356193274259567261e-01,-3.098564445972442627e-01,4.624822759069502354e-04
1.040968418121337891e+00,-9.994682073593139648e-01,1.847023665904998779e-01,-1.473601907491683960e-01,-2.495218366384506226e-01,5.412444443209096789e-05
1.019883990287780762e+00,-9.997946023941040039e-01,3.072514533996582031e-01,-2.384025007486343384e-01,-3.107553124427795410e-01,8.602711750427260995e-05
1.029587149620056152e+00,-9.997578263282775879e-01,2.734534740447998047e-01,-3.114409148693084717e-01,-2.061785757541656494e-01,6.282525282585993409e-05
1.027005434036254883e+00,-9.997692704200744629e-01,2.776853144168853760e-01,-2.645479738712310791e-01,-2.579445242881774902e-01,7.397272565867751837e-05
9.984026551246643066e-01,-9.995577931404113770e-01,2.044734507799148560e-01,-1.941086053848266602e-01,-2.384068220853805542e-01,7.526559056714177132e-05
1.148934841156005859e+00,-9.997842907905578613e-01,1.339829266071319580e-01,-2.624248862266540527e-01,-3.681279420852661133e-01,2.555100654717534781e-04
1.026998639106750488e+00,-9.996316432952880859e-01,1.249202862381935120e-01,-2.278689742088317871e-01,-2.807343304157257080e-01,4.080858489032834768e-04
1.028266787528991699e+00,-9.995925426483154297e-01,1.619371026754379272e-01,-2.095305770635604858e-01,-2.697485387325286865e-01,2.064332329609896988e-05
1.015678405761718750e+00,-9.993143677711486816e-01,1.374815255403518677e-01,-1.365062296390533447e-01,-2.635222971439361572e-01,6.942113395780324936e-05
1.107684373855590820e+00,-9.994925856590270996e-01,-4.684119671583175659e-02,-1.957427710294723511e-01,-4.000314772129058838e-01,4.372058901935815811e-05
1.075633406639099121e+00,-9.997468590736389160e-01,1.787703037261962891e-01,-2.327811717987060547e-01,-3.436181247234344482e-01,7.186859875218942761e-05
9.958978891372680664e-01,-9.993474483489990234e-01,1.494083106517791748e-01,-1.894680410623550415e-01,-2.023672461509704590e-01,8.177860581781715155e-05
1.009050011634826660e+00,-9.994158148765563965e-01,2.211586833000183105e-01,-1.288615465164184570e-01,-2.600056529045104980e-01,1.601782278157770634e-04
1.013000488281250000e+00,-9.986265301704406738e-01,3.294494748115539551e-02,-5.655482411384582520e-02,-3.225083649158477783e-01,5.696019070455804467e-05
9.440422058105468750e-01,-9.983723759651184082e-01,1.361783742904663086e-01,-1.199158951640129089e-01,-2.125032395124435425e-01,6.544102216139435768e-04
1.075737237930297852e+00,-9.997413754463195801e-01,3.517616689205169678e-01,-5.031488537788391113e-01,-4.558346793055534363e-02,1.733230747049674392e-04
1.054248213768005371e+00,-9.996050596237182617e-01,1.748029589653015137e-01,-2.099555879831314087e-01,-2.261915653944015503e-01,4.864801303483545780e-05
9.138302206993103027e-01,-9.966998100280761719e-01,2.795195206999778748e-02,-3.049859404563903809e-02,-2.858758568763732910e-01,1.760653918609023094e-03
1.100971937179565430e+00,-9.997946619987487793e-01,1.985711157321929932e-01,-2.906419634819030762e-01,-2.460700422525405884e-01,2.212440595030784607e-04
9.301202297210693359e-01,-9.985029101371765137e-01,2.170268893241882324e-01,-7.342974096536636353e-02,-2.062761038541793823e-01,4.620530526153743267e-04
1.055772542953491211e+00,-9.997264742851257324e-01,1.708835512399673462e-01,-3.077522516250610352e-01,-2.468425780534744263e-01,1.965567935258150101e-05
9.948681592941284180e-01,-9.973447322845458984e-01,5.147440358996391296e-02,-1.117279846221208572e-02,-2.719092369079589844e-01,1.705438480712473392e-04
1.056666493415832520e+00,-9.997713565826416016e-01,2.339028120040893555e-01,-2.915589213371276855e-01,-2.378183007240295410e-01,2.473131644364912063e-05
1.033555150032043457e+00,-9.997504949569702148e-01,2.983785271644592285e-01,-3.562029302120208740e-01,-1.303820908069610596e-01,3.365464363014325500e-05
1.036571383476257324e+00,-9.996746182441711426e-01,1.937587410211563110e-01,-2.640929520130157471e-01,-2.006922662258148193e-01,4.565372364595532417e-05
1.137856960296630859e+00,-9.998318552970886230e-01,2.354882955551147461e-01,-2.827138304710388184e-01,-3.594348728656768799e-01,5.493229837156832218e-04
1.092760086059570312e+00,-9.997414350509643555e-01,3.287947177886962891e-01,-5.238696932792663574e-01,-8.198589831590652466e-02,9.662487718742340803e-05
9.867417216300964355e-01,-9.994444847106933594e-01,3.294611275196075439e-01,-4.802620038390159607e-02,-3.698523640632629395e-01,1.020778290694579482e-04
9.678263068199157715e-01,-9.995650053024291992e-01,1.912683248519897461e-01,-1.162648424506187439e-01,-4.468014538288116455e-01,8.309205877594649792e-04
9.447444677352905273e-01,-9.995369911193847656e-01,4.105784296989440918e-01,-9.759776294231414795e-02,-2.863518595695495605e-01,2.311895077582448721e-04
1.040542125701904297e+00,-9.996452927589416504e-01,7.642215490341186523e-02,-1.673367619514465332e-01,-4.825870990753173828e-01,1.080273868865333498e-04
1.149017572402954102e+00,-9.996316432952880859e-01,-9.441238641738891602e-02,-2.313287109136581421e-01,-4.659395813941955566e-01,9.696443157736212015e-05
